:100000000AC400004EC400004CC400004AC40000F2
:1000100048C4000046C40000D3C4000004C500006A
:1000200035C5000066C500003CC400003AC40000AD
:1000300038C4000036C400007FC60000B5C600000A
:10004000EBC6000021C7000057C700008DC70000A5
:10005000C3C70000F9C700000C945C080C94940816
:1000600020C400001EC400001CC400001AC400000C
:1000700018C4000016C4000014C4000012C400001C
:1000800010C400000EC400000CC400000AC400002C
:1000900008C4000006C4000004C4000002C400003C
:1000A00000C40000FEC30000FCC30000FAC300004F
:1000B000F8C30000F6C30000F4C300000C94FC0A6F
:1000C0000C94340B0C946C0B0C94A40B0C94DC0B64
:1000D0000C94140CE6C30000E4C30000E2C300006B
:1000E000E0C30000DEC30000DCC30000DAC3000090
:1000F000D8C30000D6C30000D4C30000D2C30000A0
:10010000D0C30000CEC30000CCC30000CAC30000AF
:10011000C8C30000C6C30000C4C30000C2C30000BF
:10012000C0C30000BEC30000BCC30000BAC30000CF
:10013000B8C300000C94CC080C9404090C943C093E
:100140000C9474090C94AC090C94E4090C941C0AEA
:100150000C94540A0C948C0A0C94C40AA2C3000098
:10016000A0C300009EC300009CC300009AC300000F
:1001700098C3000096C3000094C3000092C300001F
:1001800090C300008EC300008CC300008AC300002F
:1001900088C3000086C3000084C3000082C300003F
:1001A00080C300007EC300007CC300007AC300004F
:1001B00078C3000076C3000074C3000072C300005F
:1001C00070C300006EC300006CC300006AC300006F
:1001D00068C3000066C3000064C3000062C300007F
:1001E00060C300005EC300005CC300005AC300008F
:1001F00058C300000C94B21854C30000A613C513D2
:100200009114C51391140414181491146A147314DE
:100210004B2763278027A027C127CB27EA27DA2788
:10022000F42702281228432860287D289A28DC28F1
:10023000DC28DC28DC28B7282433CF322433CF3223
:100240009433DC333635FB339234663A6B3A703A8A
:10025000753A403A283A793A483A793A793A793AC5
:10026000083A07634236B79BD8A71A39685618AEC2
:10027000BAAB558C1D3CB7CC5763BD6DEDFD753EDB
:10028000F6177231BF000000803F05A84CCDB2D4F4
:100290004EB93836A9020C50B9918688083CA6AAF6
:1002A000AA2ABE000000803F08000000BE92244938
:1002B000123EABAAAA2ABECDCCCC4C3E0000008098
:1002C000BEABAAAAAA3E00000000BF000000803F0B
:1002D0000000000000084178D3BB4387D1133D19CB
:1002E0000E3CC3BD4282AD2B3E68EC8276BED98FF8
:1002F000E1A93E4C80EFFFBE01C4FF7F3F0000003C
:1003000000000101020202020303040505060708BA
:100310000A0B0D0F1215181C21262C333C46515E7A
:100320006E7F0101010101010101010101020202CF
:100330000202020202020202020202030303030398
:100340000303030404040404040405050505050669
:1003500006060606070707080808080909090A0A21
:100360000B0B0B0C0C0D0D0E0E0F101011111213A8
:1003700014141516171819191A1C1D1E1F202123D5
:10038000242527282A2B2D2F31333537393B3D4063
:100390004245474A4D5053565A5D6164686C7175C9
:1003A0007A7F0000001E1E1E7F7F7FFFFFFF4C4CE8
:1003B000FF0000FF00007F00001E6CBDFF0054FF27
:1003C000001D59001B274CFFFF00FFFF005959007B
:1003D00019194CFF8800FF5400591C002B144CFFC6
:1003E0004C00FF00007F000019005EFF4C19FF0069
:1003F0000D590002190088FF4C56F6281F680B1390
:100400002400B7FF4C99FF002B5900121900FFC3BD
:100410004CFFA900524100191000FF884CFF550005
:100420001D5900190800FF4C4CFF00007F00001E02
:100430000000FF4C87FF005464001930000FFF4C90
:10044000FFFF00FF590059190019874CFF5400FFA6
:100450001D00591300220015FF0035990051790045
:1004600064430039033557007F5400FF00004F45B7
:1004700000CC00257F7F7F2020200000FF2DFFBDC6
:1004800006EDAF09FF64008B1087FF00FFA900FF96
:100490002A00FF003FFF007A7E1AB2002140004A86
:1004A000FF06E18815FF7200FF0026FF3B71FF5930
:1004B000CCFF38FF8A5BC65131E97F87FF1DD35DD2
:1004C00000FF007FFF004CB900FF90075D83002B09
:1004D00039104C1438500D2A15155A20161C3C6939
:1004E0000A00A83D51DE1C6AD826E1FF2FE19E0FCD
:1004F000B567301E1E6BFFDCBDFF80FF999AFF665B
:100500008E404040757575FFFFE00000A00000358B
:1005100000D01A004207004CB900313F005FB3021F
:10052000154B000000FF0000FF0000FF0100FF036B
:1005300000FF0600FF0900FF0E00FF1400FF1C0073
:10054000FF2500FF2C00FF3800FF4700FF5500FF8C
:100550006700FF7B00FF8900FFA000FFBA00FFD605
:1005600000FFF200FAFF00EDFF00E1FF00D4FF0002
:10057000C7FF00BFFF00B2FF00A5FF0099FF008C7E
:10058000FF007FFF0077FF006AFF005DFF0050FF64
:100590000043FF003BFF002EFF0021FF0015FF007E
:1005A00008FF0000FF0000FF0000FF0000FF000048
:1005B000FF0000FF0000FF0000FF0000FF0200FF3F
:1005C0000300FF0600FF0900FF0E00FF1600FF21D9
:1005D00000FF2F00FF3C00FF5100FF6F00FF940061
:1005E000FFC400FFFF00E9FF00CBFF00B0FF009950
:1005F000FF0082FF0075FF0062FF0050FF0041FF17
:100600000034FF002CFF0022FF0019FF0012FF0042
:100610000CFF0007FF0005FF0002FF0001FF0000C4
:10062000FF0000FF0400FF1000FF1D00FF2A00FF75
:100630003700FF3F00FF4C00FF5900FF6600FF72CC
:1006400000FF7F00FF8700FF9400FFA100FFAE00C6
:10065000FFBA00FFC300FFD000FFDD00FFE900FF8D
:10066000F600FFFF00FFFF00DBFF00C4FF00AAFF52
:100670000094FF0085FF007FFF006FFA006FED0020
:1006800053E1003CD4002FC70020C70016BF001064
:10069000B2000FA5000E99000D8C000C7F000BFF1F
:1006A000FFFF00000000000000000000000000004C
:1006B00000007F0000007F0000007F0000007F003E
:1006C0000000000000007F000000000000007F002C
:1006D000000000000000000000000055007F000046
:1006E0007F007F00005500006400006E00007F0066
:1006F00000001455007F00007F0000007F000023F1
:100700005555557F7F0000006E7F64000000005546
:10071000555555146E007F0A6414002D7F006E2D10
:100720004B237F007F007F006E7F007F007F7F0074
:100730007F007F007F7F7F007F7F7F007F7F7F7FC5
:100740007F7F557F647F557F557F557F557F6E7FB7
:10075000647F2A034D0069006400690020004600A0
:100760006900670068007400650072002000540092
:1007700077006900730074006500720000001A03BE
:1007800044004A00200054006500630068005400E3
:100790006F006F006C00730000000403090409027D
:1007A000650002010080F009040000000101000062
:1007B00009240100010900010109040100020103EB
:1007C0000000072401000141000624020101000687
:1007D000240202020009240301030102010009248A
:1007E00003020401010100090501024000000000AC
:1007F00005250101010905820240000000000525D0
:1008000001010312011001000000408025070001D2
:1008100000010203010011241FBECFEFCDBFDFE3B3
:10082000DEBF00E00CBF18BE19BE1ABE1BBE809111
:10083000780083FF1CC08091333990913439A091A6
:100840003539B09136398A3C9C4AA244BC4D79F482
:10085000109233391092343910923539109236395A
:1008600081E08CBFE0910220F0910320199510E205
:10087000A0E0B0E2EEEAFBE900E00BBF02C00790A7
:100880000D92AE3BB107D9F71BBE29E3AEEBB0E248
:1008900001C01D92A333B207E1F70E94BA480C943D
:1008A000D54DAECB2FB7F894FC01E059FF4F6095C2
:1008B0008081682360832FBF08951BBEFC0128ED53
:1008C00024BF608308950F931F93CF93DF93E82F86
:1008D000F0E0DF01519634E0AA0FBB1F3A95E1F733
:1008E0002091040160910301EF01249641E050E062
:1008F0008A01082E01C0000F0A94EAF70C2E01C0ED
:10090000440F0A94EAF7402B642370E08B010C2E0D
:1009100002C0159507950A94E2F700FD1DC0082E48
:1009200002C0759567950A94E2F760FD18C04223EE
:10093000242F30E0A90102C055954795CA95E2F7EA
:1009400040FD10C0A90102C0559547958A95E2F770
:10095000CA018170992708C084E090E005C083E057
:1009600090E002C082E090E011962C9111972063F4
:1009700011962C93EE0FFF1FE352F44D0190F0817E
:10098000E02D309729F0DF91CF911F910F911994AD
:10099000DF91CF911F910F91089561E080E090E089
:1009A00081DF9FB7F894E7EDFBE281818F5F818360
:1009B0009FBFE0E0F1E080E4808380E880830895D9
:1009C0001F920F920FB60F92112408B60F9218BE05
:1009D00009B60F9219BE0BB60F921BBE2F933F9311
:1009E0004F935F936F937F938F939F93AF93BF9337
:1009F000EF93FF9380E067DFFF91EF91BF91AF919D
:100A00009F918F917F916F915F914F913F912F9126
:100A10000F900BBE0F9009BE0F9008BE0F900FBE37
:100A20000F901F9018951F920F920FB60F921124DE
:100A300008B60F9218BE09B60F9219BE0BB60F92E8
:100A40001BBE2F933F934F935F936F937F938F932F
:100A50009F93AF93BF93EF93FF9381E034DFFF91B8
:100A6000EF91BF91AF919F918F917F916F915F9126
:100A70004F913F912F910F900BBE0F9009BE0F9099
:100A800008BE0F900FBE0F901F9018951F920F92E7
:100A90000FB60F92112408B60F9218BE09B60F9226
:100AA00019BE0BB60F921BBE2F933F934F935F93CC
:100AB0006F937F938F939F93AF93BF93EF93FF9326
:100AC00082E001DFFF91EF91BF91AF919F918F91F4
:100AD0007F916F915F914F913F912F910F900BBE3E
:100AE0000F9009BE0F9008BE0F900FBE0F901F9081
:100AF00018951F920F920FB60F92112408B60F92FD
:100B000018BE09B60F9219BE0BB60F921BBE2F93DB
:100B10003F934F935F936F937F938F939F93AF9385
:100B2000BF93EF93FF9383E0CEDEFF91EF91BF91F0
:100B3000AF919F918F917F916F915F914F913F9175
:100B40002F910F900BBE0F9009BE0F9008BE0F9013
:100B50000FBE0F901F901895DB01E82FF0E0719603
:100B600084E0EE0FFF1F8A95E1F79FB7F89419967E
:100B70008C91199784871A968C911A978587168677
:100B800017968C911797808718968C911897818764
:100B9000128612968C911297828313968C911397DA
:100BA000838314962D913C91159724833583169653
:100BB0008C911697868311968C91119781838C91D5
:100BC0008F7780839FBF08958091CF0187FDFCCFF1
:100BD00008951F93CF93DF93C0ECD1E01A858A87E5
:100BE00061E08BEC91E069DE1A87DF91CF911F9174
:100BF0000895CF93DF93EC01E7DFECECF1E0808127
:100C000088608083D05F88819081977F9083DF9117
:100C1000CF910895CF92DF92EF92FF920F931F939F
:100C2000CF93DF938C017B016A01CEDFCCECD1E066
:100C3000888188608883B801705FA601C7010E941F
:100C4000C54D8881877F8883DF91CF911F910F9158
:100C5000FF90EF90DF90CF900895B6DF8091CF01A5
:100C600081FF07C086E38093CA0161E08BEC91E0CD
:100C700024CE0895CF93DF93C82FD62FA5DFACECF9
:100C8000B1E08C9188608C93EC2FF0E0F05FD08322
:100C90008C91877F8C93DF91CF910895EF92FF9293
:100CA0000F931F93CF93DF93182FF92EE62EC0ECEE
:100CB000D1E00A85D2DF88DF6E2D812FDBDF1A823B
:100CC000F982188385E38A8761E08BEC91E0F5DD9A
:100CD0000A87DF91CF911F910F91FF90EF900895B8
:100CE0000F931F93CF938C016FDFC0E0F8016191E8
:100CF0008F018C2FBFDFCF5FC032C1F7CF911F9123
:100D00000F910895CF93C82F5FDF20E2C29FC001EB
:100D10001124E0ECF1E012829183808385E390E07E
:100D2000CF9157CF4091CA01E62FF72F8093CA0188
:100D300084914093CA0108951F920F920FB60F92AB
:100D4000112408B60F9218BE09B60F9219BE0BB641
:100D50000F921BBE2F933F934F935F936F937F939D
:100D60008F939F93AF93BF93EF93FF93E091F02006
:100D7000F091F120309709F01995FF91EF91BF9113
:100D8000AF919F918F917F916F915F914F913F9123
:100D90002F910F900BBE0F9009BE0F9008BE0F90C1
:100DA0000FBE0F901F9018951F920F920FB60F92C3
:100DB000112408B60F9218BE09B60F9219BE0BB6D1
:100DC0000F921BBE2F933F934F935F936F937F932D
:100DD0008F939F93AF93BF93EF93FF93E091EE2098
:100DE000F091EF20309709F01995FF91EF91BF91A5
:100DF000AF919F918F917F916F915F914F913F91B3
:100E00002F910F900BBE0F9009BE0F9008BE0F9050
:100E10000FBE0F901F9018951F920F920FB60F9252
:100E2000112408B60F9218BE09B60F9219BE0BB660
:100E30000F921BBE2F933F934F935F936F937F93BC
:100E40008F939F93AF93BF93EF93FF93E091EC2029
:100E5000F091ED20309709F01995FF91EF91BF9136
:100E6000AF919F918F917F916F915F914F913F9142
:100E70002F910F900BBE0F9009BE0F9008BE0F90E0
:100E80000FBE0F901F9018951F920F920FB60F92E2
:100E9000112408B60F9218BE09B60F9219BE0BB6F0
:100EA0000F921BBE2F933F934F935F936F937F934C
:100EB0008F939F93AF93BF93EF93FF93E091EA20BB
:100EC000F091EB20309709F01995FF91EF91BF91C8
:100ED000AF919F918F917F916F915F914F913F91D2
:100EE0002F910F900BBE0F9009BE0F9008BE0F9070
:100EF0000FBE0F901F9018951F920F920FB60F9272
:100F0000112408B60F9218BE09B60F9219BE0BB67F
:100F10000F921BBE2F933F934F935F936F937F93DB
:100F20008F939F93AF93BF93EF93FF93E091E8204C
:100F3000F091E920309709F01995FF91EF91BF9159
:100F4000AF919F918F917F916F915F914F913F9161
:100F50002F910F900BBE0F9009BE0F9008BE0F90FF
:100F60000FBE0F901F9018951F920F920FB60F9201
:100F7000112408B60F9218BE09B60F9219BE0BB60F
:100F80000F921BBE2F933F934F935F936F937F936B
:100F90008F939F93AF93BF93EF93FF93E091E620DE
:100FA000F091E720309709F01995FF91EF91BF91EB
:100FB000AF919F918F917F916F915F914F913F91F1
:100FC0002F910F900BBE0F9009BE0F9008BE0F908F
:100FD0000FBE0F901F9018951F920F920FB60F9291
:100FE000112408B60F9218BE09B60F9219BE0BB69F
:100FF0000F921BBE2F933F934F935F936F937F93FB
:101000008F939F93AF93BF93EF93FF93E091E4206F
:10101000F091E520309709F01995FF91EF91BF917C
:10102000AF919F918F917F916F915F914F913F9180
:101030002F910F900BBE0F9009BE0F9008BE0F901E
:101040000FBE0F901F9018951F920F920FB60F9220
:10105000112408B60F9218BE09B60F9219BE0BB62E
:101060000F921BBE2F933F934F935F936F937F938A
:101070008F939F93AF93BF93EF93FF93E091E22001
:10108000F091E320309709F01995FF91EF91BF910E
:10109000AF919F918F917F916F915F914F913F9110
:1010A0002F910F900BBE0F9009BE0F9008BE0F90AE
:1010B0000FBE0F901F9018951F920F920FB60F92B0
:1010C000112408B60F9218BE09B60F9219BE0BB6BE
:1010D0000F921BBE2F933F934F935F936F937F931A
:1010E0008F939F93AF93BF93EF93FF93E091E02093
:1010F000F091E120309709F01995FF91EF91BF91A0
:10110000AF919F918F917F916F915F914F913F919F
:101110002F910F900BBE0F9009BE0F9008BE0F903D
:101120000FBE0F901F9018951F920F920FB60F923F
:10113000112408B60F9218BE09B60F9219BE0BB64D
:101140000F921BBE2F933F934F935F936F937F93A9
:101150008F939F93AF93BF93EF93FF93E091DE2024
:10116000F091DF20309709F01995FF91EF91BF9131
:10117000AF919F918F917F916F915F914F913F912F
:101180002F910F900BBE0F9009BE0F9008BE0F90CD
:101190000FBE0F901F9018951F920F920FB60F92CF
:1011A000112408B60F9218BE09B60F9219BE0BB6DD
:1011B0000F921BBE2F933F934F935F936F937F9339
:1011C0008F939F93AF93BF93EF93FF93E091DC20B6
:1011D000F091DD20309709F01995FF91EF91BF91C3
:1011E000AF919F918F917F916F915F914F913F91BF
:1011F0002F910F900BBE0F9009BE0F9008BE0F905D
:101200000FBE0F901F9018951F920F920FB60F925E
:10121000112408B60F9218BE09B60F9219BE0BB66C
:101220000F921BBE2F933F934F935F936F937F93C8
:101230008F939F93AF93BF93EF93FF93E091DA2047
:10124000F091DB20309709F01995FF91EF91BF9154
:10125000AF919F918F917F916F915F914F913F914E
:101260002F910F900BBE0F9009BE0F9008BE0F90EC
:101270000FBE0F901F9018951F920F920FB60F92EE
:10128000112408B60F9218BE09B60F9219BE0BB6FC
:101290000F921BBE2F933F934F935F936F937F9358
:1012A0008F939F93AF93BF93EF93FF93E091D820D9
:1012B000F091D920309709F01995FF91EF91BF91E6
:1012C000AF919F918F917F916F915F914F913F91DE
:1012D0002F910F900BBE0F9009BE0F9008BE0F907C
:1012E0000FBE0F901F9018951F920F920FB60F927E
:1012F000112408B60F9218BE09B60F9219BE0BB68C
:101300000F921BBE2F933F934F935F936F937F93E7
:101310008F939F93AF93BF93EF93FF93E091D6206A
:10132000F091D720309709F01995FF91EF91BF9177
:10133000AF919F918F917F916F915F914F913F916D
:101340002F910F900BBE0F9009BE0F9008BE0F900B
:101350000FBE0F901F9018951F920F920FB60F920D
:10136000112408B60F9218BE09B60F9219BE0BB61B
:101370000F921BBE2F933F934F935F936F937F9377
:101380008F939F93AF93BF93EF93FF93E091D420FC
:10139000F091D520309709F01995FF91EF91BF9109
:1013A000AF919F918F917F916F915F914F913F91FD
:1013B0002F910F900BBE0F9009BE0F9008BE0F909B
:1013C0000FBE0F901F9018951F920F920FB60F929D
:1013D000112408B60F9218BE09B60F9219BE0BB6AB
:1013E0000F921BBE2F933F934F935F936F937F9307
:1013F0008F939F93AF93BF93EF93FF93E091D2208E
:10140000F091D320309709F01995FF91EF91BF919A
:10141000AF919F918F917F916F915F914F913F918C
:101420002F910F900BBE0F9009BE0F9008BE0F902A
:101430000FBE0F901F9018951F920F920FB60F922C
:10144000112408B60F9218BE09B60F9219BE0BB63A
:101450000F921BBE2F933F934F935F936F937F9396
:101460008F939F93AF93BF93EF93FF93E091D0201F
:10147000F091D120309709F01995FF91EF91BF912C
:10148000AF919F918F917F916F915F914F913F911C
:101490002F910F900BBE0F9009BE0F9008BE0F90BA
:1014A0000FBE0F901F9018951F920F920FB60F92BC
:1014B000112408B60F9218BE09B60F9219BE0BB6CA
:1014C0000F921BBE2F933F934F935F936F937F9326
:1014D0008F939F93AF93BF93EF93FF93E091CE20B1
:1014E000F091CF20309709F01995FF91EF91BF91BE
:1014F000AF919F918F917F916F915F914F913F91AC
:101500002F910F900BBE0F9009BE0F9008BE0F9049
:101510000FBE0F901F9018951F920F920FB60F924B
:10152000112408B60F9218BE09B60F9219BE0BB659
:101530000F921BBE2F933F934F935F936F937F93B5
:101540008F939F93AF93BF93EF93FF93E091CC2042
:10155000F091CD20309709F01995FF91EF91BF914F
:10156000AF919F918F917F916F915F914F913F913B
:101570002F910F900BBE0F9009BE0F9008BE0F90D9
:101580000FBE0F901F9018951F920F920FB60F92DB
:10159000112408B60F9218BE09B60F9219BE0BB6E9
:1015A0000F921BBE2F933F934F935F936F937F9345
:1015B0008F939F93AF93BF93EF93FF93E091CA20D4
:1015C000F091CB20309709F01995FF91EF91BF91E1
:1015D000AF919F918F917F916F915F914F913F91CB
:1015E0002F910F900BBE0F9009BE0F9008BE0F9069
:1015F0000FBE0F901F9018951F920F920FB60F926B
:10160000112408B60F9218BE09B60F9219BE0BB678
:101610000F921BBE2F933F934F935F936F937F93D4
:101620008F939F93AF93BF93EF93FF93E091C82065
:10163000F091C920309709F01995FF91EF91BF9172
:10164000AF919F918F917F916F915F914F913F915A
:101650002F910F900BBE0F9009BE0F9008BE0F90F8
:101660000FBE0F901F9018951F920F920FB60F92FA
:10167000112408B60F9218BE09B60F9219BE0BB608
:101680000F921BBE2F933F934F935F936F937F9364
:101690008F939F93AF93BF93EF93FF93E091C620F7
:1016A000F091C720309709F01995FF91EF91BF9104
:1016B000AF919F918F917F916F915F914F913F91EA
:1016C0002F910F900BBE0F9009BE0F9008BE0F9088
:1016D0000FBE0F901F9018951F920F920FB60F928A
:1016E000112408B60F9218BE09B60F9219BE0BB698
:1016F0000F921BBE2F933F934F935F936F937F93F4
:101700008F939F93AF93BF93EF93FF93E091C42088
:10171000F091C520309709F01995FF91EF91BF9195
:10172000AF919F918F917F916F915F914F913F9179
:101730002F910F900BBE0F9009BE0F9008BE0F9017
:101740000FBE0F901F9018951F920F920FB60F9219
:10175000112408B60F9218BE09B60F9219BE0BB627
:101760000F921BBE2F933F934F935F936F937F9383
:101770008F939F93AF93BF93EF93FF93E091C2201A
:10178000F091C320309709F01995FF91EF91BF9127
:10179000AF919F918F917F916F915F914F913F9109
:1017A0002F910F900BBE0F9009BE0F9008BE0F90A7
:1017B0000FBE0F901F9018951F920F920FB60F92A9
:1017C000112408B60F9218BE09B60F9219BE0BB6B7
:1017D0000F921BBE2F933F934F935F936F937F9313
:1017E0008F939F93AF93BF93EF93FF93E091C020AC
:1017F000F091C120309709F01995FF91EF91BF91B9
:10180000AF919F918F917F916F915F914F913F9198
:101810002F910F900BBE0F9009BE0F9008BE0F9036
:101820000FBE0F901F9018951F920F920FB60F9238
:10183000112408B60F9218BE09B60F9219BE0BB646
:101840000F921BBE2F933F934F935F936F937F93A2
:101850008F939F93AF93BF93EF93FF93E091BE203D
:10186000F091BF20309709F01995FF91EF91BF914A
:10187000AF919F918F917F916F915F914F913F9128
:101880002F910F900BBE0F9009BE0F9008BE0F90C6
:101890000FBE0F901F901895CF93CFB7F894811576
:1018A00028E0920711F461E005C0803428E0920737
:1018B00049F462E083E090E00E94520464E083E037
:1018C00090E01EC0811529E0920711F461E005C087
:1018D000803429E0920749F462E084E090E00E94BD
:1018E000520464E084E090E00BC081159A4091F4CA
:1018F00061E085E090E00E94520464E085E090E0C1
:101900000E9452049FB7F8948091D82B8F5F8093E8
:10191000D82B9FBFCFBFCF910895811528E09207A4
:1019200029F46093EC207093ED200895803428E032
:10193000920729F46093E0207093E12008958115C7
:1019400029E0920729F46093D8207093D920089554
:10195000803429E0920729F46093CC207093CD2045
:10196000089581159A4021F46093C4207093C52096
:101970000895811528E0920729F46093EA20709376
:10198000EB200895803428E0920729F46093DE204C
:101990007093DF200895811529E0920729F4609360
:1019A000D6207093D7200895803429E0920729F437
:1019B0006093CA207093CB20089581159A4021F43A
:1019C0006093C2207093C3200895009709F49BC0D0
:1019D000803C910511F460E105C0811524E0920777
:1019E00021F464E080E090E08CC0803821E0920730
:1019F00011F462E0F7CF811521E0920711F461E064
:101A0000F1CF803823E0920711F461E005C0811521
:101A100022E0920721F462E081E090E072C080321F
:101A200023E0920721F464E082E090E06AC081152F
:101A300028E0920711F461E05BC0811529E092076C
:101A400011F461E04DC081152AE0920711F461E0C4
:101A500056C0803428E0920711F462E049C0803417
:101A600029E0920711F462E03BC0803928E0920738
:101A700011F464E03DC0803929E0920711F464E07C
:101A80002FC080392AE0920711F464E038C0803C0E
:101A900028E0920711F468E02BC0803C29E092070F
:101AA00011F468E01DC0803A28E0920711F460E16B
:101AB0001FC0803A29E0920711F460E111C0803A1A
:101AC0002AE0920711F460E11AC0803B28E09207F7
:101AD00011F460E20DC0803B29E0920721F460E23E
:101AE00084E090E00EC0803824E0920721F460E4A6
:101AF00083E090E006C0803A944029F460E485E0F9
:101B000090E00C94520408950F931F93CF93DF93AA
:101B1000EC01D901C801369527951795079540170F
:101B200051076207730768F49A01AB01220F331F54
:101B3000441F551FBC01CD010E946F4D215031093A
:101B400002C020E030E0832F8F708F832E83DF91DF
:101B5000CF911F910F910895EF92FF920F931F93D2
:101B6000CF93DF93EC017B0130DF8C818F7E8C8300
:101B7000F70124812250C03AF8E0DF0731F4809168
:101B80004E0684FD6BC011E11FC0C03B88E0D80742
:101B900009F464C0C03AE9E0DE0731F480916E06D2
:101BA00084FD5EC019E110C0C03BF9E0DF0709F415
:101BB00057C0C03A8AE0D80739F480918E0684FD78
:101BC00002C011E201C015E2E12FE695E695E69527
:101BD00080E2E89FF0011124FA5F177081E090E045
:101BE00001C0880F1A95EAF78183223010F020E0B7
:101BF00001C020E48093B000208B85838D81806CB0
:101C00008D83F70184818D7F813019F48D8182600D
:101C100002C08D818D7F8D83F7018581882319F026
:101C20008D81846002C08D818B7F8D83F70140811F
:101C300051816281738100E018E428EE31E0CE0129
:101C400063DF8C8188608C838C8180618C83DF91E1
:101C5000CF911F910F91FF90EF90089515E1B4CFB0
:101C60001DE1B2CF8091820080FDFCCF089590915C
:101C70008000880F880F682F6C7392709160692BB9
:101C800080E890E00E945D04EDCF609180006C7F61
:101C9000616080E890E00C945D04609180006C735A
:101CA000636080E890E00E945D04DCCF63E080E840
:101CB00090E00E945D04D6DF6BE281E890E00E9434
:101CC0005D04D0DFA895FFCF8EE090E00E94F9057B
:101CD000813039F482EA93E08093002090930120D0
:101CE000089582E295E0809300209093012008956A
:101CF000CF92DF92EF92FF920F931F93CF93DF93D8
:101D0000CDB7DEB76797CDBFDEBF8823A1F1FB015A
:101D10008081811130C088E0E0E2F0E2DE0150967F
:101D200001900D928A95E1F78FE0E8E2F0E2DE01A2
:101D3000119601900D928A95E1F77E01F0E1EF0E88
:101D4000F11C8E01095F1F4F6E018FE0C80ED11C80
:101D5000F70161917F0170E082E00E949206F80134
:101D600081938F01EC15FD0599F7BE016F5F7F4FE1
:101D70008FE00E948F396796CDBFDEBFDF91CF9194
:101D80001F910F91FF90EF90DF90CF9008958F9269
:101D90009F92AF92BF92CF92DF92EF92FF920F93FA
:101DA0001F93CF93DF93CDB7DEB7C055D109CDBF19
:101DB000DEBFFB01833008F445C190811181111110
:101DC00001C010E4911156C0863008F43BC19281E5
:101DD000992309F437C1248130E090E00497281753
:101DE00039070CF02FC1612F70E0615071096B0150
:101DF00044E0D594C7944A95E1F76F707727AE0118
:101E00004F5F5F4F8FE0DA011D928A95E9F7CA01B3
:101E10008E01005F1F4F70E8F72EDC01FD92CD01AF
:101E2000A017B107D1F7359690E08901015011094B
:101E3000292F30E020173107B4F42E0F3F1FD901AE
:101E40002C912A502F3068F4DA01A20FB11D9D01A8
:101E500081E0890F7F01E80EF11CD7018C91D90137
:101E60008C939E5FE5CF8C2D0E94282F0E94B43B5F
:101E7000A895E8C0913009F0E5C00FEF010F0034DC
:101E800060F4612F70E061507109CB0134E09595E9
:101E900087953A95E1F76F7002C060E080E0AE018F
:101EA0004E5B5F4F0E944E298AE08CA323968FAD34
:101EB00023978DA38BE08EA324968FAD24978FA3B9
:101EC0008CE088A725968FAD259789A78DE08AA7F6
:101ED00026968FAD26978F5F8BA78EE08CA72796CF
:101EE0008FAD27978DA78FE08EA71FA680E188ABC7
:101EF00029968FAD29978F5F89AB81E18AAB2A96AE
:101F00008FAD2A978BAB82E18CAB2B968FAD2B9745
:101F10008DAB83E18EAB2C968FAD2C978FAB84E18C
:101F200088AF2D968FAD2D9789AF85E18AAF2E961C
:101F30008FAD2E978BAF86E18CAF2F968FAD2F97FD
:101F40008DAF87E18EAF60968FAD60978FAF88E1E0
:101F500021968FAF219761968FAD61978F5F229603
:101F60008FAF2297003410F000E001C00EE1802F07
:101F700068E10E942F4DEE24E394E80E103411F036
:101F8000C12E01C0C12CD12CFF24F39480EFB82EB8
:101F9000AA24A39499E7992E24E0822E17EF802F8C
:101FA000093108F088E10851B9821A82AB829C821B
:101FB0008D821E82CF82F886E9868A871B871C87DE
:101FC0001D871E871F87188B198B1A8B1B8B1C8BE9
:101FD0001D8B1E8B1F8B188F198F1A8F1B8F1C8FB9
:101FE0001D8F1E8F1F8F18A319A31AA31BA39AE07E
:101FF000482F50E0475F5F4F292F30E042175307CB
:102000008CF0A1E0B0E0AC0FBD1FA20FB31FE4E263
:10201000F0E0EC0FFD1FED0DF11D60816C939F5FF3
:10202000D394EACFBE016F5F7F4F855F0E948F39E7
:102030008091C2389091C338F2D2A895F394EF14EE
:1020400008F0ADCFC05BDF4FCDBFDEBFDF91CF91DA
:102050001F910F91FF90EF90DF90CF90BF90AF90C6
:102060009F908F900895DC0190E050E0415051091D
:10207000292F30E024173507F4F481E0890FFB01A4
:10208000E20FF31F20812A3048F4FB01E80FF11D15
:102090008081FD01E20FF11D80830BC02F3148F0DC
:1020A000FB01E80FF11D8081FD01E20FF11D759725
:1020B00080839E5FDDCF0895FF920F931F93CF9390
:1020C000DF93CDB7DEB7AB97CDBFDEBFF8940E94EC
:1020D000F9268C0180E190E00E94F905F82E7894B1
:1020E00080EF89831A8281E08B8399E79C8322E0C9
:1020F0002D838E831F829091BE2F9F5F9887898743
:10210000F80184858A872B8780818C8783E08D877F
:1021100082818E8784E08F878481888B85E0898B9C
:1021200086818A8B86E08B8B80858C8B87E08D8B7C
:1021300082858E8B88E08F8B8091BD2F888F89E080
:10214000898F8091B62F8A8F8FE18B8F8091E52BBD
:102150008C8F80E28D8F8091BC2F8E8F81E28F8F4C
:102160008EE090E00E94F90588A382E289A3809125
:10217000A22F982F92959F709F5F9AA393E29BA3A3
:102180008F708F5F8CA384E28DA38F2D8F738EA3AE
:1021900085E28FA3F294F694F69483E0F822F8A6F1
:1021A00086E289A78091A32F8AA787EF8BA7BE011C
:1021B0006F5F7F4F8BE20E948F39AB96CDBFDEBF42
:1021C000DF91CF911F910F91FF900895882329F0FF
:1021D000FB018081811101C06FCF0895CF93DF9300
:1021E000CDB7DEB72D97CDBFDEBFF89481E090E08C
:1021F0000E94F9058093BE2F83E090E00E94F905CC
:1022000091E0811101C090E09D8784E090E00E9400
:10221000F90590E089839A8385E090E00E94F905B2
:1022200090E08B839C8386E090E00E94F90590E02B
:102230008D839E8387E090E00E94F90590E08F8374
:10224000988788E090E00E94F90590E089879A8756
:1022500089E090E00E94F90590E08B879C878AE0F6
:1022600090E00E94F9058093BD2F8BE090E00E94E2
:10227000F9058093B62F8CE090E00E94F9058093D9
:10228000E52B8DE090E00E94F9058093BC2F1CDDCA
:102290008FE090E00E94F9058093A22F80E190E00A
:1022A0000E94F905E82FEF73E83008F0E0E0F0E075
:1022B000E358FF4D90819093A12182958695869554
:1022C00083708093A02181E190E00E94F9058093C2
:1022D000A32FCE0101960E94CE2678942D96CDBFD5
:1022E000DEBFDF91CF910895FF920F931F93CF939D
:1022F000DF93CDB7DEB76297CDBFDEBFF82E8B017F
:10230000C4DCCE01019622E1FC0111922A95E9F785
:102310004F2DB801A8DE6981615081E090E00E94F4
:102320004E066A8183E090E00E944E066B8184E055
:1023300090E00E944E066C8185E090E00E944E067F
:102340006D8186E090E00E944E066E8187E090E00D
:102350000E944E066F8188E090E00E944E066885DC
:1023600089E090E00E944E0669858AE090E00E9434
:102370004E066A858BE090E00E944E066B858CE0ED
:1023800090E00E944E066C858DE090E00E944E0623
:102390006D858EE090E00E944E068E85882319F0B0
:1023A0009FEF980F01C095E06F85662311F0615093
:1023B00001C062E0F0E19F9FC00111246F70682BA3
:1023C0008FE090E00E944E0668896F73998920E43F
:1023D000929FC0011124682B80E190E00E944E067C
:1023E0006A8981E190E00E944E060E94A84360E065
:1023F0007FEF80E090E00E946B41F0DE0E94A72911
:102400005BDE0E943E356296CDBFDEBFDF91CF918D
:102410001F910F91FF900895F89468E080E090E09C
:102420000E944E0663E081E090E00E944E0661E06B
:1024300083E090E00E944E0660E084E090E00E941D
:102440004E0669E085E090E00E944E0660E086E07E
:1024500090E00E944E0660E087E090E00E944E0609
:1024600068E088E090E00E944E0660E089E090E03D
:102470000E944E066FE38AE090E00E944E066FE7EE
:102480008BE090E00E944E066FE78CE090E00E94A7
:102490004E066FE78DE090E00E944E0660E08EE011
:1024A00090E00E944E0662E58FE090E00E944E06AA
:1024B00067E480E190E00E944E0661E081E190E0F7
:1024C0000E944E0678940C94312A882369F1FB010E
:1024D0008081813019F0823069F00895D6DBD1D542
:1024E0002FEF8FE493EC215080409040E1F700C043
:1024F00000003CC0CADB90DF87E08093A2006FEF52
:102500007FEF80E090E00E946B41BBD52FEF8FE41E
:1025100093EC215080409040E1F700C0000081E042
:1025200090E0A5DBBADBFFCF089564E771E181E0BD
:102530000E94652566EE70E182E00E94652565E6F1
:1025400072E183E00E94652567EC7EE084E00E94F2
:10255000652568E77EE085E00E94652580E090E0E3
:102560000E94F905883009F057CF08958AD5F8946C
:1025700080E02FEF3FE891E0215030409040E1F7BC
:1025800000C000008F5F8038A1F78AEC9CEAA2E4CB
:10259000BCED8093333990933439A0933539B0939F
:1025A000363984CBCF93DF93EC011B8682E08C839A
:1025B000898761E0CE0101969CD4882331F061E0E7
:1025C000CE010696DF91CF9194C480E0DF91CF9148
:1025D0000895CF93DF932091EF2F2430D1F4EB01B6
:1025E000FC01818195D340E050E064E070E0CE01D1
:1025F000B7D1811111C08091F82F9091F92FFC0172
:10260000EF5BFF4F208131978081281720F038D36E
:1026100002C082E001C080E0DF91CF910895209157
:10262000EF2F2430E9F4FC01818172D38091FC2FDB
:102630002091F82F3091F92FF90187FF05C0EF5B4A
:10264000FF4F808190E008C0E05CFF4F80813196B1
:10265000208190E0821B9109892B21F011D3D2C4F3
:1026600082E0089580E00895CF93DF932091EF2FCB
:10267000243051F4EC0189814BD37FD3882321F09E
:10268000CE01DF91CF91CBCFDF91CF9108950F9302
:102690001F93CF932091EF2F243011F0C0E027C07B
:1026A0008B01FC01868134D374D3C82F8823B1F306
:1026B0008091F82F9091F92FFC01EF5BFF4F208163
:1026C00031978081281750F740E050E064E070E0D7
:1026D000C80193D18091F82F9091F92FFC01EF5B05
:1026E000FF4F208131978081281708F0E2D28C2F8C
:1026F000CF911F910F9108950F931F93CF93DF9365
:10270000CDB7DEB7EA97CDBFDEBF00EF1FE2E0D264
:10271000F80181938F01FFE2083F1F07C1F70E9474
:10272000104951D3882309F4FCC09091F02F2091D7
:10273000F12F422F50E04A30510508F0F2C0FA0163
:102740008827E250FF4F8F4F0C94AD4D903891F099
:10275000923809F0E6C08091F42F8F70D9D2E091C1
:10276000FA2FF091FB2F118112FB112710F980E055
:10277000CFD206C01091EC2F8091ED2F8111126005
:102780003CD3812FB5D280E0AAC0892F8D7F09F07C
:10279000C8C0992319F0923061F0C3C08091F22F24
:1027A000813009F0BEC0233009F080E08093ED2F26
:1027B00027C08091F22F811123C0E091F42F1E2FAA
:1027C0001F7009F4AEC0812FA3D28091F12F833006
:1027D00011F43FD315C0E091FA2FF091FB2F8181C6
:1027E0008B7F818324E8129FF0011124E25CFF4C6F
:1027F0001082E091FA2FF091FB2F80818E7F8083F1
:1028000080E086D2FAD26DC091118BC01091F22F68
:102810001F77F3D2E1D3B1D28823E9F31093C30435
:10282000111102C082E001C083E08093EF2F79C0D4
:102830009058923008F075C08091F22F9091F32F4C
:102840008C3D43E0940759F583E08A838AE38983CA
:102850004FB7F894DE01139620E038E052E0509331
:10286000CA01E32FF0E0E4911092CA0120FF03C0F7
:10287000E295EF703F5FEF708E2F90E0EA3010F03E
:10288000C79601C0C0968D939D932F5F2C3139F769
:102890004FBFB3D26AE370E0CE01019616C0AE011D
:1028A0004F5F5F4F6091F42F0E94833A8C01892B18
:1028B00009F437C0A2D22091F22F3091F32F8981F1
:1028C0009A81B8012330334011F4E4D001C05CD1C7
:1028D000F0D127C0903829F590D28091EB2F08D203
:1028E000CFD17AD31EC091111CC08091F22F90914C
:1028F000F32F99270297ACF480D28091F22F809326
:10290000EB2F6AD38091EB2F811106C08091C30415
:10291000811102C081E001C084E08093EF2F0E940A
:10292000F64851D2882311F068D293D2EA96CDBFEF
:10293000DEBFDF91CF911F910F9108950895CF933E
:102940008091EF2F882351F0C091FC2F80E0E0D1DF
:102950003AD28111D1DE8C2FCF91DAC1CF91089577
:10296000CF92DF92EF92FF920F931F93CF93DF935B
:10297000EC018B017A0146D3811136C0E114F104D8
:1029800039F0F70180819181081B190BC80FD91FFD
:10299000C12CD12C0115110531F18091F82F9091A6
:1029A000F92FFC01EF5BFF4F2081319780812817C1
:1029B00090F066D1C4DFE114F10449F0F7018081A1
:1029C0009181C80ED91EC082D18285E00DC01AD374
:1029D000882301F309C089918BD101501109FFEFC0
:1029E000CF1ADF0AD7CF80E0DF91CF911F910F91EF
:1029F000FF90EF90DF90CF900895CF92DF92EF920B
:102A0000FF920F931F93CF93DF93EC018B017A0119
:102A1000F9D2811136C0E114F10439F0F701808157
:102A20009181081B190BC80FD91FC12CD12C01157E
:102A3000110531F18091F82F9091F92FFC01EF5B96
:102A4000FF4F208131978081281790F032D177DFB6
:102A5000E114F10449F0F70180819181C80ED91E7B
:102A6000C082D18285E00DC0CDD2882301F309C098
:102A70002FD1899301501109FFEFCF1ADF0AD7CF69
:102A800080E0DF91CF911F910F91FF90EF90DF9049
:102A9000CF900895DF92EF92FF920F931F93CF9301
:102AA000DF93D82FC92F8B018091FC2F806830D104
:102AB0008091F62F9091F72F8017910728F001153C
:102AC000110519F4DDD001C08C01ED2EFC2ED12CA6
:102AD0000115110509F43FC08091EF2F811102C04B
:102AE00082E04AC0853011F483E046C06CD1811188
:102AF00042C04FD181113AC040D1882349F320917F
:102B0000FC2F8091F82F9091F92FFC0127FF05C031
:102B1000EF5BFF4FC081D0E013C0E05CFF4FC0818E
:102B200031968081D0E0C81BD1090AC0C034D105DC
:102B300050F4F70181917F01DBD0015011092196FA
:102B40000115110599F7DD24D394C034D10509F09E
:102B5000D12C96D0BDCFD110BFCF08C08091EF2F20
:102B6000882309F4BDCF853009F4BECF12D1882364
:102B7000A9F380E001C081E0DF91CF911F910F9117
:102B8000FF90EF90DF900895DF92EF92FF920F9306
:102B90001F93CF93DF93D82FC92F8B018091FC2FE8
:102BA0008068B6D08091F62F9091F72F801791070B
:102BB00028F00115110519F463D001C08C01ED2E28
:102BC000FC2ED12C0115110509F441C08091EF2F85
:102BD000811102C082E04CC0853011F483E048C00E
:102BE000F2D0811144C0D5D081113CC0C6D0882319
:102BF00049F32091FC2F8091F82F9091F92FFC013F
:102C000027FF05C0EF5BFF4FC081D0E015C0E05C3F
:102C1000FF4FC08131968081D0E0C81BD1090CC024
:102C2000C034D10560F4F701849162D0FFEFEF1A50
:102C3000FF0A0150110921960115110589F7DD24BC
:102C4000D394C034D10509F0D12C1AD0BBCFD11008
:102C5000BDCF08C08091EF2F882309F4BBCF85300A
:102C600009F4BCCF96D08823A9F380E001C081E0AD
:102C7000DF91CF911F910F91FF90EF90DF9008951A
:102C8000E091FA2FF091FB2FA091F82FB091F92F3E
:102C9000AF5BBF4F8C9190E08283938380818D796D
:102CA0008083E091F82FF091F92FEF5BFF4F1082B6
:102CB0000895E091FA2FF091FB2F80818D79808328
:102CC000E091F82FF091F92FEF5BFF4F10820895FC
:102CD0008091F82F9091F92FFC01EF5BFF4F20813D
:102CE00031E0320F3083FC01E20FF11D8081089545
:102CF0002091F82F3091F92FF901EF5BFF4F908170
:102D000041E0490F4083F901E90FF11D80830895E7
:102D10008093FC2F482F4F7050E06091C604709153
:102D2000C7049A0194E0220F331F9A95E1F7E4E873
:102D300087FF11C0E49FC001E59F900D1124815CC5
:102D40009F4C8093F82F9093F92FC90108969B010F
:102D5000280F391F0DC0E49FC001E59F900D11247D
:102D60008350904D8093F82F9093F92F260F371FA3
:102D70002093FA2F3093FB2F08958091FC2F8068C9
:102D8000C7DFE091FA2FF091FB2F8081869581704B
:102D900008958091FC2F8F77BBDFA091FA2FB0911F
:102DA000FB2F8C9185FF0DC0E091F82FF091F92F4A
:102DB00012968D919C911397E05CFF4F808381E088
:102DC000089580E008958091FC2F8F77A1DFA09176
:102DD000FA2FB091FB2F8C9184FF0DC0E091F82F5A
:102DE000F091F92F12968D919C911397E05CFF4F13
:102DF000808381E0089580E008958091FC2F8F7793
:102E000087DFE091FA2FF091FB2F80818D7880830E
:102E1000E091FA2FF091FB2F808181608083E09117
:102E2000F82FF091F92FEF5BFF4F10828091FC2F6C
:102E300080686EDFE091FA2FF091FB2F8081816036
:102E40008083E091F82FF091F92FEF5BFF4F108214
:102E50000895E091FA2FF091FB2F818184608183A6
:102E6000E091FA2FF091FB2F8181807C803459F41E
:102E70008091FC2F80584CDFE091FA2FF091FB2FCE
:102E800081818460818308951F93CF93DF93C82F3E
:102E9000162FD42F3DDFE091FA2FF091FB2F1182F6
:102EA000E091FA2FF091FB2F8C2F881F8827881F25
:102EB000880F8083E091FA2FF091FB2F1183E0912E
:102EC000FA2FF091FB2F128213822091F82F30916C
:102ED000F92F24833583CC0FCC0BCD23F901E05C93
:102EE000FF4FC0833196108281E0DF91CF911F9117
:102EF0000895CF92DF92EF92FF920F931F93CF939B
:102F0000DF93C62E8C01D12CDC1409F43FC0F801EC
:102F1000D081D11104C0D3940B5F1F4FF5CFF801BE
:102F2000E180F28093818481823010F488E001C0D6
:102F300088E128E030E0C0E02E153F0520F4CF5FA7
:102F4000220F331FF9CFC82B8D2F8F70833010F0D5
:102F500080E01DC0CF7EF1E4EF16F104C8F799239D
:102F600021F0913021F4C06C0AC0C06403C0C06875
:102F7000911105C04E2D6C2F80E88D0F85DF4E2DF1
:102F80006C2F8D2F81DF8111C6CFE2CF81E0DF91E1
:102F9000CF911F910F91FF90EF90DF90CF90089508
:102FA00080E090E0E091C604F091C7049C0144E009
:102FB000220F331F4A95E1F7E20FF31F118640916C
:102FC000C6045091C704FA01E20FF31F1182019663
:102FD0008330910539F708958091F02F87FF0DC058
:102FE000D8DE811105C08091EF2F8111F9CF09C082
:102FF00060CE8091EF2F882321F0BFDE8823C9F3B4
:103000003FCE08950F931F93CF93E091C604F091A4
:10301000C70400A911A9C4E68091FC2F87FF0AC04C
:10302000ACDE811105C08091EF2F811105C020C059
:1030300080E023C0AEDEF5CF8530E1F0E091FA2FDD
:10304000F091FB2F818182FD17C0E091C604F091C1
:10305000C70480A991A90817190711F48C01DCCFC6
:103060002FEF2C0FCC2311F0C22FF8CF84E005C036
:1030700082E003C083E001C081E0CF911F910F91F6
:10308000089563D069D0E0ECF4E081818E7F818384
:1030900080818F7780831092EE2F0895CF93DF93F6
:1030A000E0E4F0E014828481836084834ED054D0C5
:1030B000C0ECD4E088818F7788838881806888839A
:1030C0001092EF2F1092EB2F1092ED2F1092EC2F09
:1030D00088818064888340E46BE480E8D5DE40E446
:1030E0006BE480E0D1DE8885806488878981816097
:1030F0008983DF91CF910895CF93DF932FB7F89411
:10310000C0ECD1E082E08A87EAE1F0E0E491A0EC53
:10311000B4E0DA96EC93DA97EBE1F0E0E491DB9639
:10312000EC93DB971A868AE891E38E7F16968D934F
:103130009C93179782E18C9381E018968C932FBF14
:103140008093EE2FDF91CF91A9CFE0ECF4E0808562
:103150008370808711860895E0ECF4E08FEF82871A
:10316000848708951F920F920FB60F92112408B60C
:103170000F9218BE09B60F9219BE0BB60F921BBE66
:103180002F933F934F935F936F937F938F939F936F
:10319000AF93BF93EF93FF938091CA0486FF07C05C
:1031A00080E48093CA0485E08093EF2FC7DB809191
:1031B000CA0485FF13C080E28093CA048091EB2F7C
:1031C000882311F084E007C08091C304811102C0FC
:1031D00081E001C083E08093EF2FB0DB8091CA04CF
:1031E00084FF14C080E18093CA0482E08093EF2FB3
:1031F0001092EB2F1092C304D3DE40E46BE480E81E
:1032000043DE40E46BE480E03FDE98DBFF91EF912A
:10321000BF91AF919F918F917F916F915F914F91EE
:103220003F912F910F900BBE0F9009BE0F9008BEDB
:103230000F900FBE0F901F90189581E008950E9487
:10324000FC38DC01CB01F2E0B695A7959795879500
:10325000FA95D1F72091BE31222339F0BC01769541
:10326000679583E499E10C9499469C01220F331FE2
:10327000B901680F791F769567957695679583E410
:1032800099E10C9499462F923F924F925F926F92E0
:103290007F928F929F92AF92BF92CF92DF92EF92E6
:1032A000FF920F931F93CF93DF938091BC31909146
:1032B000BD31029709F0ABC06090F3208FEF860D0F
:1032C0008F3F09F48FE0482E512C21ECA22E21E3F0
:1032D000B22E02E81FE236EEE32E3BE2F32E47EB7E
:1032E000C42E4FE2D42E54E2252E712C6FE7862E89
:1032F000912C9601275B3F42F60131906F01330C10
:10330000330C320CF50181915F0199E0980F9331F4
:10331000B0F01816A4F46AE00E943B4D84300CF023
:1033200083E0E82FF0E0E359FF4D8091F3206081C6
:103330000E942F4D91111BC0CFE7D0E01AC0F701BA
:1033400080819CE0929FF001939FF00D1124E80F83
:10335000F11D94E0EE0FFF1F9A95E1F7EE58F34D43
:10336000E60DF71DC081CC2311F0D0E002C0C0E013
:10337000D0E0F70181917F019CE0929FF001939F43
:10338000F00D1124E80FF11D84E0EE0FFF1F8A9568
:10339000E1F7EE58F34DE40DF51D8081882331F0FF
:1033A0002FE740E0632D87E00E9446392097B9F06F
:1033B000F80126812C9FC0012D9F900D1124B4018E
:1033C0000E94484DC62F262F41E0632D87E00E94C2
:1033D00046394C2F66EE620D87E00E946E392394C9
:1033E000085F1F4FF8E22F1284CF8091C23890916E
:1033F000C33815D98091F3208F5F803119F0809305
:10340000F32005C01092F32081E08093F220DF9139
:10341000CF911F910F91FF90EF90DF90CF90BF90D1
:10342000AF909F908F907F906F905F904F903F9064
:103430002F900895BF92CF92DF92EF92FF920F9359
:103440001F93CF93DF9367EB7FE2C6EEDBE2A2E848
:10345000BFE240E050E08FE3C82E9FE7D92EFB018A
:103460001192BF0180E090E020E030E08C01040F79
:10347000151FFC01E20FF31FEE55F94FB4907801D0
:10348000E20EF31EF701EE58F34DB0822F5F3F4F6F
:103490002031310571F74096803C910529F719924A
:1034A00015961C9215971796CC92179714961C9206
:1034B00014971696DC92169711961C9211971896EF
:1034C00040545F4F4115F3E05F0749F61092CA2F51
:1034D00080E2E2E4FCE2DF011D928A95E9F780E1F7
:1034E000E6EAFFE2DF011D928A95E9F784E0E2E671
:1034F000FCE2DF011D928A95E9F7B1D4A2E4BCE2B7
:10350000E6EAFFE284E06CE978E13FE34CE951E36D
:103510002FE71D921C921197108258966D937C9301
:103520005997348750964D935C9351979FE7208726
:103530008150129631968111ECCF9093BF31109249
:10354000FA209093FB201092C0311092A42F109279
:10355000A52F8AE58093BB2F1092BE311092BC310B
:103560001092BD31DF91CF911F910F91FF90EF909D
:10357000DF90CF90BF9008958091BC319091BD3184
:10358000892B59F481E090E08093BC319093BD3158
:103590004FE76EE087E00C946E391092BC311092C8
:1035A000BD311092F32040E06EE087E00C946E395C
:1035B0001092F3200895CF932091BC313091BD310A
:1035C0002130310551F4811129C082E090E08093CF
:1035D000BC319093BD31CF9156CE22303105F1F4FC
:1035E000C82F0E940539882389F08C2FCC0F990BA6
:1035F000029666E070E00E945C4D892B79F461E0F0
:1036000070E08FE199E1CF910C9499468C2F66E0A0
:103610000E943B4D911102C0CF9135CECF910895BC
:1036200090E0FC01EA51F44D20813CE0389FF0012C
:10363000399FF00D1124E20FF11D84E0EE0FFF1F02
:103640008A95E1F7EE58F34DE60FF11D808108955C
:1036500090E0FC01EA51F44D20813CE0389FF001FC
:10366000399FF00D1124E20FF11D84E0EE0FFF1FD2
:103670008A95E1F7EE58F34DE60FF11D408308956A
:10368000E82FF0E0E954F04D60830895E82FF0E072
:10369000E954F04D808108954FE76FE087E00E9484
:1036A0006E3940E06FE087E00C946E399CEE980F25
:1036B0009430B8F498E0899FF0011124EE51F14D57
:1036C00081E0611180E084838091A42F9091A52FE7
:1036D000019709F083C00E94C126049709F07EC0BB
:1036E00097C098EE980F943098F498E0899FF00175
:1036F0001124EE53F14D81E0611101C080E085831A
:103700008091A42F9091A52F019709F067C0E3CF76
:103710009AE9980F9031C0F590E0865691099C0186
:1037200023703327959587959595879553E0220FBC
:10373000331F5A95E1F7F901EE57F04D82309105AC
:10374000B9F083309105D1F0019731F081E061113A
:1037500001C080E08083089581E0611101C080E0B4
:1037600081838091A42F9091A52F0197B9F5B3CFB4
:1037700081E0611101C080E08283089581E06111E0
:1037800001C080E0838308958F3079F48091042014
:10379000882321F181E08093BE3184E090E00E9493
:1037A000C626A7D11092042077CF8E30B9F46623B5
:1037B00069F08091BC319091BD31892B79F481E021
:1037C00090E08093BC319093BD3108951092BC314C
:1037D0001092BD311092F3201092F220089584309F
:1037E000A0F09CEF980F943050F098EF980F943021
:1037F00048F08C50843048F483E090E0089581E0F4
:1038000090E0089582E090E0089580E090E00895CF
:103810002F923F924F925F926F927F928F929F92E0
:10382000BF92CF92DF92EF92FF920F931F93CF93AD
:10383000DF9300D01F92CDB7DEB7E091E52BF0E02B
:10384000EE5DFC4FE491E091BC2FF0E0EE5DFC4FAB
:10385000E49182E89FE28B839C8392E4C92E9CE2F0
:10386000D92E26EE422E2BE2522E49825A8238E081
:10387000B32E4CE0242E312C812C50E8952E66EF8F
:10388000662E64E0762EEB81FC81848181110DC06F
:10389000E091E52BF0E0EE5DFC4FF490E091BC2F61
:1038A000F0E0EE5DFC4F149103C08AE0F82E1AE0C0
:1038B000EB81FC818181882331F04F2D68E7832DD6
:1038C0000E94F13E04C060E0832D0E94053F832DDD
:1038D000DDDEB40102C0769567958A95E2F7412F47
:1038E000832D0E94CF3E832DD1DEF82FF69DC0019F
:1038F000F79D900D1124F60180839183F201B401AC
:10390000019002C0769567950A94E2F72F01412F46
:1039100084E0830D0E94CF3EE981FA812191E98301
:10392000FA83269DC001279D900D1124F601808702
:103930009187EB81FC818481811106C04F2D61E06C
:103940008B2D0E94F13E04C060E08B2D0E94053F4C
:10395000E12E00E021E030E040E0EB81FC81668177
:103960008B2D0E94C63DEB81FC818681F4E68F9F02
:10397000C0011124F601808B918BEB81FC81858144
:10398000882331F04F2D6FE0822D0E94F13E04C05C
:1039900060E0822D0E94053FE12E0EE721E030E03D
:1039A00041E0EB81FC816781822D0E94C63DEB8165
:1039B000FC818781F4E68F9FC0011124F601808F7E
:1039C000918F33948B819C8108968B839C83239465
:1039D00092E0C90ED11CB394E4E03E1254CF249679
:1039E000CDBFDEBFDF91CF911F910F91FF90EF9080
:1039F000DF90CF90BF909F908F907F906F905F905F
:103A00004F903F902F9008958F929F92AF92BF92C8
:103A1000CF92DF92EF92FF920F93CF9348D24C0157
:103A200092E4C92E9CE2D92EC0E0EE24E394F12C5E
:103A30003CE9A32E31E3B32EC4018E219F21892BB3
:103A400029F06EE38C2F0E94053F04C060E08C2FAC
:103A50000E94053F00E021E030E040E060E08C2F74
:103A60000E94463EF601A192B1926F01EE0CFF1C3E
:103A7000CF5FC03109F7CF910F91FF90EF90DF90AA
:103A8000CF90BF90AF909F908F900895EF92FF924C
:103A90000F93CF93DF9382E4E82E8CE2F82EC0E000
:103AA0006C2F8091CA2FBCDDD82F882329F06AE0C3
:103AB0008C2F0E94053F04C060E08C2F0E94053FC0
:103AC00000E021E030E040E06D2F8C2F0E94463E68
:103AD00024E6D29FC0011124F701819391937F01C5
:103AE000CF5FC031E9F6DF91CF910F91FF90EF905A
:103AF00008958091A42F9091A52F8230910531F0E7
:103B00008330910521F0019719F482CE7DCFBECF8D
:103B10000895EF92FF920F931F93CF93DF93182F87
:103B2000C82FD0E0E091E52BF0E0EE5DFC4FF49083
:103B3000E091BC2FF0E0EE5DFC4F049150DE81304F
:103B4000910531F140F08230910509F489C0039765
:103B500009F4A1C0BAC053E0CC0FDD1F5A95E1F7BC
:103B6000CE57D04D8C8181110AE0812F8FDD60E02E
:103B700070E802C0769567958A95E2F7402F812F0D
:103B8000DF91CF911F910F91FF90EF900C94CF3E5A
:103B90009E0124503109E90143E0CC0FDD1F4A9515
:103BA000E1F7FE01EE57F04D848181110AE0F90141
:103BB000EF53FE4C8081882381F06AE00E943B4DE8
:103BC000A82FB0E0AA0FBB1FAF58BF4D6D917C91DD
:103BD000402F812F0E94CF3E0FC0F901EA51F44DD2
:103BE00060E070E8008002C0769567950A94E2F77D
:103BF000402F812F0E94CF3E0091F320002311F02F
:103C0000015001C00FE0602F8CEF810F09DD882388
:103C1000E9F0CE57D04D8C81882311F02AE0F22EA6
:103C20000E9405394F2D882379F0011102C06DE300
:103C300002C06091BB2F812FDF91CF911F910F9117
:103C4000FF90EF900C94F13E60E5F5CF60E0812F9E
:103C5000DF91CF911F910F91FF90EF900C94053F52
:103C6000289793E0CC0FDD1F9A95E1F7FE01EE5700
:103C7000F04D8481882311F08AE001C08FE7CE5790
:103C8000D04DE82E00E022E030E040E06E81812F50
:103C90000E94C63D1AC02C9783E0CC0FDD1F8A9589
:103CA000E1F7FE01EE57F04D8481882311F08AE0A0
:103CB00001C08FE7CE57D04DE82E0EE722E030E06E
:103CC00041E06F81812F0E94C63DDF91CF911F910E
:103CD0000F91FF90EF900895CF93DF93D82FC0916D
:103CE000F320CC2311F0C15001C0CFE08091BC3152
:103CF0009091BD31029761F5CD1318C06091BB2F33
:103D00008C2F0E94053FCC2311F0C15001C0CFE0A1
:103D10006C2F8091CA2F84DC811102C060E001C049
:103D20006AE08C2FDF91CF910C94053F6D2F80912D
:103D3000CA2F76DC882331F06AE08D2FDF91CF9196
:103D40000C94053F60E08D2FDF91CF910C94053FDF
:103D5000D111ECCF6091BB2F80E00E94053FCFE0F6
:103D6000D7CF4091F3209091F4204917B1F13091D1
:103D70000520303190F5381330C08091BF316AE1B1
:103D80000E942F4DE4E0F0E0E81BF109E859FF4DF7
:103D90002081842F622F0E942F4D492F9C30C8F420
:103DA000215080E090E8BC0102C0769567952A9585
:103DB000E2F780E090E8AFEFBFEF04C0B695A795BB
:103DC000979587954A95D2F7682B792B832F0E9478
:103DD000EA3E8091F3208093F42008950F93809120
:103DE000F62090E02091A42F3091A52F8217930701
:103DF00009F07FDE8091A42F9091A52F8093F6206B
:103E000081309105C9F048F082309105C9F00397DF
:103E1000D1F48091F52060DF16C000E020E030E0B2
:103E200040E060E08091F5200E94463E60E5809190
:103E3000F5200E94053F07C08091F5206ADE03C08F
:103E40008091F5208EDF8091F5208F5F803118F40E
:103E50008093F52002C01092F5200F9108950F93E2
:103E60001F93CF93DF931092F8201092F92001E076
:103E700010E0CDE0D4E0CE010E94F905853A51F47E
:103E80008091F8209091F920802B912B8093F8203D
:103E90009093F920000F111FC05CDF4FCD3088E0F8
:103EA000D80749F7DF91CF911F910F910895809125
:103EB000F8209091F9200895F89421E030E0082E40
:103EC00002C0220F331F0A94E2F7209530954091EB
:103ED000F8205091F920242335232093F8203093A3
:103EE000F92020E4829FC00111246FEF835F9B4F74
:103EF0000E944E06789408956F927F928F929F92BF
:103F0000AF92BF92CF92DF92EF92FF920F931F93E7
:103F1000CF93DF93CDB7DEB7A097CDBFDEBFC82E5E
:103F20000E94450E8E010F5F1F4F80E2D8011D9247
:103F30008A95E9F7DC2CDD0C2FE1622E6D0CE12C6B
:103F400048015401F12C6F2D8E2D6ADB782E61E033
:103F50006F0D8E2D65DB769476947694729490EF47
:103F600079228695869586958F708729F5018193AC
:103F70005F01F394F394F0E1FF12E5CF88E0880E3F
:103F8000911CE394A4E0EA12DCCFC8010E94700601
:103F9000862D0E94820678014801B12C8B2D76DB9C
:103FA000F40181934F01B394F4E0BF12F7CF62E8BC
:103FB0007FE29E01275F3F4FFB0185818795882720
:103FC00087959781892BD70114968C9314978481B8
:103FD0008795882787959681892B15968C93389697
:103FE000B2E0EB0EF11CE216F30639F742EA5FE2AB
:103FF00091E080E0FB012181222311F0292F01C0F3
:1040000020E0822B990F685F7F4F4617570791F783
:104010008F708D8785EA8E8781E090E002C0880FDF
:10402000991FCA94E2F72091F8203091F920822B51
:10403000932B8093F8209093F920C8010E9470067A
:1040400080E28D0D0E9482060E944D0EA096CDBF8B
:10405000DEBFDF91CF911F910F91FF90EF90DF9026
:10406000CF90BF90AF909F908F907F906F9008956A
:104070009F92AF92BF92CF92DF92EF92FF920F93F7
:104080001F93CF93DF9320E4829FC0011124EC01A2
:10409000C052DC4F96EEA92E9BE2B92E6E0100E0D5
:1040A000F50111925F01C601912C7C01FFEFEF1A1F
:1040B000FF0A0E94F905182F482F42954F70440FB0
:1040C000440F440F692D802FC3DA412F4F70440FE6
:1040D000440F440F61E0690D802FBADA93949394F2
:1040E000C70120E19212E1CF88E0C80ED11C0F5F1A
:1040F0000430B1F6CE01809610E07C01EFEFEE1AAD
:10410000FE0A0E94F905682F812FBADA1F5FC701E6
:10411000143099F76E01F4E2CF0ED11C02E81FE2D1
:1041200084E1F82EC6010E94F9058F77F801878394
:104130005601FFEFAF1ABF0AC6010E94F905881F9A
:104140008827881FF8019581891731F04FE764E0CF
:104150006F0D87E00E946E39C5010E94F9058F77C7
:10416000F8018683F2E0CF0ED11CC5010E94F9054B
:10417000881F8827881FF8019481891729F04FE745
:104180006F2D87E00E946E39085F1F4FF394F8E1AE
:10419000FF12C8CFCE018C960E94F905082FCAE6FF
:1041A000D1E01FE741E0802F8D2309F440E0419FDB
:1041B000402D11246C2F87E00E946E39DD0FCF5FF8
:1041C000CE3681F7DF91CF911F910F91FF90EF9045
:1041D000DF90CF90BF90AF909F900895EF92FF92A5
:1041E0000F931F93CF93C82F162F8091A42F9091D8
:1041F000A52F8230910509F474C08330910509F42C
:10420000B9C0019709F0E8C08C2FE9DA8130910537
:1042100029F140F08230910509F43CC0039709F47C
:1042200049C0DAC0112309F4D7C028E0C29FF001C9
:104230001124EE57F04D418181E0482741838FE7FB
:10424000489F402D11246AE66C0F87E00E946E396A
:10425000CF911F910F91FF90EF90DACA1111BCC05E
:10426000EC2FF0E0EE0FFF1FE354FE4C80819181B4
:10427000803D974050F4C450C093CA2F83E090E033
:104280008093A42F9093A52FA7C0C2DA8FE78093C5
:10429000BF31A2C0112309F49FC088E0C89FF0017C
:1042A0001124EE5BF04D8481882381F06CE06C0F6B
:1042B0004FE70FC0112309F48FC028E0C29FF0011F
:1042C0001124EE5DF04D8581882381F36CE06C0F45
:1042D0004FE387E0CF911F910F91FF90EF900C94E7
:1042E0006E39662309F478C08091FC20882351F050
:1042F0008C2FE2DD80910520C81336C081E18093C8
:10430000052032C00C2F10E081E090E00C2E02C09E
:10431000880F991F0A94E2F72091F8203091F92034
:1043200082239323000F111F892B81F08C2FA0DE95
:10433000C0930520F801EE5BF34D8081918164E626
:1043400070E00E94484D6093BF310EC08C2FD4DDC9
:10435000C0930520F801EE5BF34D8CE991E3808377
:1043600091838FE78093BF31CF911F910F91FF9081
:10437000EF904ACB662381F16C2F8091CA2F50D9E0
:10438000EC2EF12C00E021E030E040E081110FC084
:104390006FE78C2F0E94463EF701EE0FFF1FEE5B8A
:1043A000F34D8CE991E3808391834FE70CC060E08B
:1043B0008C2F0E94463EF701EE0FFF1FEE5BF34D80
:1043C0001082118240E06C2F8091CA2FCF911F91F3
:1043D0000F91FF90EF903CC9CF911F910F91FF90EB
:1043E000EF9008952F923F924F925F926F927F923B
:1043F0008F929F92AF92BF92CF92DF92EF92FF92F5
:104400000F931F93CF93DF93CDB7DEB72997CDBF1F
:10441000DEBF0E94D9469DEBC92E91E3D92E2DEB2C
:10442000A22E21E3B22E36EA832E3FE2932E49E2FA
:10443000442E4FE2542E82EE9BE28A839B83E2E479
:10444000FCE2E887F98756E5E52E5CE2F52E712C53
:1044500022242394312C80917B2090917C208C838A
:104460009D83E0917920F0917A20EE83FF83872D60
:104470000E94C7468983082F880F110B011511056B
:1044800009F44DC184EF870D843038F58091A42F55
:104490009091A52F019709F5E885F9858081918193
:1044A0000E94C52E8823C9F0F7018081F9818F0F02
:1044B000F70180838B303CF08E819F81E885F98500
:1044C0008083918388C0863F0CF085C08C819D815C
:1044D000E885F985808391837EC0E885F9858081B0
:1044E00091810E94CE2EE885F98520813181882333
:1044F000A1F12436310520F4101611063CF00CC051
:104500002933F1E33F0740F017FF06C0F701848528
:10451000F9818F0FF7018487F701848584306CF06F
:104520002436310508F057C084E690E0E885F98527
:1045300080839183F70114864EC08D3F0CF04BC0F1
:104540002933314308F447C088E391E3E885F985CE
:1045500080839183F70114863EC0F3E0F71588F05D
:104560008091A42F9091A52F019771F4498180E546
:104570004802200D311D1124E885F98520833183FF
:1045800020C0F7E0F71588F08091A42F9091A52F17
:10459000019759F4498184E64802200D311D112408
:1045A000E885F985208331830CC0F2EBF09FC001D0
:1045B000F19F900D1124280F391FE885F98520837C
:1045C0003183E885F985808191810E94B82EE88544
:1045D000F98580839183E885F985808191810E94A6
:1045E000B12E682E8091A42F9091A52F8130910536
:1045F00009F07BC0872DF3D88130910531F190F01F
:104600008230910509F466C0039709F088C0F20171
:104610006082F4016082462D60E1670D87E00E94B0
:104620006E397DC0662D70E080E090E00E94154AF2
:104630002DEC3CEC48E351E40E947A490E94E749A2
:10464000872D1ED8F40160826AC0F60180819181B5
:10465000009761F1FEE4F09F9001F19F300D301B57
:104660001124E885F98540815181240F351F20836D
:10467000318317FF03C0119501951109F4E6F09FEE
:104680009001F19F300D1124820F931FF60180835A
:104690009183F5018081F9818F0F88321CF4F50137
:1046A00080833DC047E2F501408339C0662D70E04C
:1046B00080E090E00E94154A2DEC3CEC48E351E488
:1046C0000E947A490E94E749EA81FB816083F401F4
:1046D000608225C0F201678EF4016082462D60E29F
:1046E000670D87E00E946E391AC08330910579F416
:1046F000462D672D8091CA2F0E94281B00E021E0E3
:1047000030E040E0662D872D0E94463E08C00297AB
:1047100031F480910520871102C06092BF310E9460
:10472000084782219321892B21F061E0872D56DDF6
:1047300009C00E940D4782219321892B19F060E066
:10474000872D4CDD8CEF870D843088F40E94034761
:1047500082219321F601892B31F08081918101968C
:104760008083918304C010821182F5011082220C93
:10477000331C7394F2E0CF0ED11C4FEFA41AB40A8D
:104780008FEF881A980A98E0490E511CEA81FB8144
:104790003196EA83FB838885998502968887998775
:1047A0009FEFE91AF90AE0E17E1261CE2996CDBFAA
:1047B000DEBFDF91CF911F910F91FF90EF90DF90BF
:1047C000CF90BF90AF909F908F907F906F905F90B1
:1047D0004F903F902F900895CF92DF92EF92FF92EB
:1047E0000F931F93CF93882309F442C08091FC203C
:1047F000882361F081E090E0C9D2CF911F910F91A1
:10480000FF90EF90DF90CF900C943E3581E0809345
:10481000FC200AEE1BE296EEC92E9BE2D92EC0E0E8
:104820008C2F0E94461BF8018083F60181916F0155
:10483000F8018183E12CF12C6E2D8C2F0E94101B2E
:10484000F801EE0DFF1D8283FFEFEF1AFF0A80E1F2
:10485000E816F10489F7CF5F0E5E1F4FC43001F7F1
:10486000CF911F910F91FF90EF90DF90CF9008951F
:104870001092FC200AEE1BE286EEC82E8BE2D82EA8
:10488000C0E0F80160818C2F0E94401BF8018181FB
:10489000F60181936F01E12CF12CF801EE0DFF1D63
:1048A00042816E2D8C2F0E94281BFFEFEF1AFF0A0A
:1048B00080E1E816F10489F7CF5F0E5E1F4FC43028
:1048C00001F7CF911F910F91FF90EF90DF90CF9064
:1048D0000C94081CDF92EF92FF920F931F93CF93DB
:1048E000DF938091BE31882339F08091A42F90917D
:1048F000A52F892B09F47DC00E941247D82EC0E055
:10490000D1E082E0E82EF12C01E010E08091F72068
:104910009D2D98279D2339F08D23B9F00BC0C2300F
:1049200059F00E94D81ADD0FCF5FC63079F7D092C8
:10493000F7205FC0C23019F40E944C1BF4CFC33083
:10494000E0F4C13081F780E008C0C33009F44AC008
:1049500008F044C0C13019F781E02091A42F3091B4
:10496000A52F2130310599F08111DDCF0093A42FBF
:104970001093A52F0E94081CD6CFC43089F480E084
:104980002091A42F3091A52F2130310511F424DF7F
:10499000CACF8111C8CF0093A42F1093A52FC3CFE6
:1049A000C53009F0C0CF80E004C0C53009F0B9CFF0
:1049B00081E02091A42F3091A52F2230310549F4B8
:1049C000882321F081E08093FC20ADCF1092FC2061
:1049D000AACFE092A42FF092A52FA5CFC43029F73B
:1049E00081E0CECF8091FC2081119DCF0E94BC1A26
:1049F0009ACFDF91CF911F910F91FF90EF90DF90B1
:104A00000895CF93DF93CDB7DEB76397CDBFDEBFF9
:104A10008B8B8091FD209091FE20049769F58B8906
:104A2000882351F18091CD3189838981882309F4CC
:104A300044C08981893008F040C08981882F90E086
:104A40000197880F991F81509F4DFC0180819181B2
:104A5000892B99F18981882F90E00197880F991F00
:104A600081509F4DFC01208131818B8981506EECFA
:104A700071E3F901199521C08091FD209091FE20EC
:104A80000397E1F48B898230C8F08091CD31863074
:104A9000A9F48091CE31813089F481E1E7E3F0E23D
:104AA000DE01129601900D928A95E1F7CE010296F1
:104AB000BC0181E10E948F3901C0000000006396B3
:104AC000CDBFDEBFDF91CF9108959FEF980F983053
:104AD00040F4E82FF0E0EE0FFF1FE350FF4D60833E
:104AE00071830895FC0180910F21811129C081E01B
:104AF00080930F218DEC91E38093102190931121ED
:104B00008181803F39F582818E3771F48381909164
:104B10001420891711F08F37E9F483E090E0809337
:104B2000FD209093FE200895811114C0838181306F
:104B300089F481E090E08093FD209093FE20089519
:104B40008091FD209091FE2081309105F1F48181CA
:104B5000893739F082E090E08093FD209093FE2029
:104B60000895A0911021B0911121CD0102962091BC
:104B70000620309107208217930760F784E090E0C9
:104B80008093FD209093FE201AC0029761F1A091BE
:104B90001021B0911121CD01039620910620309172
:104BA000072082179307B0F6029780931021909305
:104BB000112181818C93A0911021B0911121CD01FF
:104BC0000196809310219093112182818C93A09162
:104BD0001021B0911121CD01019680931021909365
:104BE000112183818C930895FC0110920F218091F3
:104BF000FD209091FE2081309105C1F4818189379B
:104C000009F049C0A0911021B0911121CD01029667
:104C1000209106203091072082179307E0F584E069
:104C200090E08093FD209093FE201AC0029799F1A6
:104C3000A0911021B0911121CD0103962091062061
:104C4000309107208217930730F502978093102147
:104C50009093112181818C93A0911021B091112109
:104C6000CD010196809310219093112182818C9324
:104C7000A0911021B0911121CD01019680931021B6
:104C80009093112183818C93809110219091112117
:104C90008D5C9143B6DE1092FD201092FE200895A7
:104CA00020910F212223B9F110920F212091FD2094
:104CB0003091FE202230310551F1A0911021B091A8
:104CC00011219D012E5F3F4F4091062050910720FA
:104CD00024173507E0F4FC01CD01019680931021E3
:104CE0009093112181818C93A0911021B091112179
:104CF000CD010196809310219093112182818C9394
:104D000080911021909111218D5C91437ADE109257
:104D1000FD201092FE20089520910F21222349F1B9
:104D200010920F212091FD203091FE20223031057C
:104D3000E1F0A0911021B09111219D012F5F3F4F13
:104D400040910620509107202417350770F4FC018C
:104D5000209310213093112181818C938091102117
:104D6000909111218D5C91434CDE1092FD201092A8
:104D7000FE200895E6E1F1E2108211821282138290
:104D80000895809113219091142108958093132107
:104D9000909314210895809115210895DC011C96AB
:104DA0008C911C97EAE1F1E284878D919C91119797
:104DB0008083918312968D919C9113978283938324
:104DC00014968D919C9115978483958316968D9159
:104DD0009C9117978683978318968D919C9119972C
:104DE000808791871A968D919C911B9782879387D4
:104DF00008958AE191E20895CF93C0E021E040E078
:104E000050E0BA018C2F0E94523E60E070E08C2F7F
:104E10000E94EA3ECF5FC03189F7C0E09FD720E013
:104E20008C1308C040E05FEF6FEF70E08C2F0E94A2
:104E3000523E07C04FEF50E060E070E08C2F0E94C0
:104E4000523ECF5FC43051F7CF9108951F93CF9357
:104E5000DF93182FEB016230710510F40E94A84314
:104E600080912621882319F079D7982F01C090E0EE
:104E7000E12FF0E0EE0FFF1FE65EFE4D0190F081A6
:104E8000E02DE431F10508F097C18827E85FFE4F77
:104E90008F4F0C94AD4DC130D10549F468E0610FDE
:104EA000292F220F920F990F690F4FE77EC1CD2B4B
:104EB00009F082C1892F880F980F990F68E0610F60
:104EC000690F40E072C1C130D10509F075C1012EF2
:104ED00001C0CC0F0A94EAF7E92FF0E0EA5EFE4D3C
:104EE00080818C278083C82311F440E001C04FE704
:104EF000892F880F980F990F68E0610F690F55C1CE
:104F0000C130D10551F468E0610F292F220F920FB3
:104F1000990F690F2FE741E00CC0CD2B09F04CC170
:104F2000892F880F980F990F68E0610F690F20E0B3
:104F300040E08091BE2FDF91CF911F910C944639B4
:104F4000C130D10509F038C1012E01C0CC0F0A943F
:104F5000EAF7E92FF0E0EA5EFE4D80818C2780833E
:104F6000C82311F420E001C02FE741E0C11101C0C6
:104F700040E0692F660F960F990F68E0610F690F87
:104F8000D8CFC130D10551F482E090E08093132155
:104F90009093142111C1C130D105A9F0CD2B09F096
:104FA0000BC10E943E3581E090E0809313219093E5
:104FB000142102C1219709F0FFC080911321909123
:104FC0001421039771F383E090E080931321909371
:104FD0001421F2C0219709F0EFC080911321909124
:104FE0001421029789F6DDCF219709F0E5C0B6D6E6
:104FF000833008F0E1C0B2D690E003970CF4BCC057
:10500000C3E0BFC0219709F0D7C0A8D6882309F410
:10501000D3C0A4D690E005970CF0B2C09FD6CFEFD6
:10502000C80FAFC0C130D10551F481E08093152184
:1050300095D60E94BA44DF91CF911F91DDCEC23048
:10504000D105B9F48BD6C82F85E00E943D3FD82FFB
:10505000282F40E05FEF6FEF70E08C2F0E94523EF0
:105060004D2F6FEF7FEF8C2FDF91CF911F910C941D
:10507000CF3ECD2B09F0A0C010921521DF91CF912A
:105080001F910C943E35219709F096C067D640E0F9
:10509000682F8091BE2F0E946E394FE760E08091AB
:1050A000BE2F0E946E398091A32F882319F080E0D3
:1050B0000E94854280E0DF91CF911F910C94E130F6
:1050C000219709F079C04AD640E0682F8091BE2F21
:1050D0000E946E394FE761E08091BE2F0E946E39C9
:1050E0008091A32F882319F081E00E94854281E0FE
:1050F000DF91CF911F910C94E130219709F05CC0B2
:105100002DD640E0682F8091BE2F0E946E394FE768
:1051100062E08091BE2F0E946E398091A32F882378
:1051200019F082E00E94854282E0DF91CF911F91C9
:105130000C94E130219709F03FC010D640E0682F71
:105140008091BE2F0E946E394FE763E08091BE2FA1
:105150000E946E398091A32F882319F083E00E946A
:10516000854283E0DF91CF911F910C94E13021972C
:1051700019F5F4D5833020F4F1D5C1E0C80F01C092
:10518000C0E0ECD540E0682F8091BE2F0E946E39C0
:105190008091A32F882319F08C2F0E9485428C2F99
:1051A0000E94E130DBD54FE7682F8091BE2FDF9161
:1051B000CF911F910C946E39DF91CF911F9108957B
:1051C0000F931F93CF93DF930E9412470E9455477E
:1051D00082719927429791F48091122182718230D5
:1051E00011F08031B9F584E090E080931321909321
:1051F00014210E94791D109212212CC0C0E0D1E030
:105200000E9459470D2F10E080239123892B29F00C
:1052100061E070E08C2F1ADE15C00E945D4780238C
:105220009123892B29F060E070E08C2F0FDE0AC0FB
:105230000E94554780239123892B21F062E070E082
:105240008C2F04DEDD0FCF5FC630D1F60E945547AC
:1052500080931221DF91CF911F910F9108959FE0CC
:10526000989FD0011124A45FBB4C969FF00111249C
:10527000E45FFB4C17969C911797878198130CC09D
:1052800018969C918085981307C0923029F094302D
:1052900019F081E0953009F480E008950F931F9391
:1052A000CF93DF93CDB7DEB72897CDBFDEBF262FD4
:1052B0008A01F89430E8839FC0011124809648E069
:1052C00050E0BE016F5F7F4FE8E02E9F800D911D83
:1052D00011240E940A0678948981982F9F70F80102
:1052E0009283158282958F7083838A818F778483DE
:1052F0008B8181878C8182878D81982F9F7793877F
:10530000881F8827881F80838E81982F93709487A9
:10531000982F969596959370918382958F70868736
:105320008F81982F9770908782958F70868388855C
:10533000982F9F779783881F8827881F85872896AF
:10534000CDBFDEBFDF91CF911F910F910895AF9236
:10535000BF92CF92DF92EF92FF920F931F93CF9362
:10536000DF93CCE0D4E37E0110E0612F6F70A701E2
:10537000812F82958F7092DF1F5F8FE0E80EF11C06
:10538000103499F790EDA92E97E3B92E23E2E22E7F
:10539000F12C670100E010E0C6010E94F905F5015B
:1053A000E00FF11F808388E0C80ED11C0F5F1F4FF4
:1053B0000031110589F780E8E80EF11C80E1A80EA4
:1053C000B11C83E2E81682E0F80619F71092AC38B7
:1053D0001092AD381092AE381092AF381092B038AB
:1053E0001092B1381092B2381092B338E0918B21FC
:1053F000F0E0A0E1B8E31D9288E3A032B807D9F746
:10540000EE0FFF1FE455F74C10821182ECECF2E333
:105410002CE433E38CE998E14881DF01A058BF4FC9
:10542000442329F0808391838D939C9304C0108240
:1054300011821D921C922F9632962E173F0761F70C
:1054400088E080938A2182E080938921DF91CF9147
:105450001F910F91FF90EF90DF90CF90BF90AF9092
:105460000895DF92EF92FF920F931F93CF93DF93F4
:10547000CDB7DEB7A897CDBFDEBF80914820909111
:105480004920A0914A20B0914B208DA39EA3AFA3A9
:10549000B8A780914C2090914D20A0914E20B091C2
:1054A0004F2089A39AA3ABA3BCA38E010F5F1F4F0C
:1054B00080E2F80111928A95E9F7F80180E050E165
:1054C0009FE74FE332E421E050838183928393830B
:1054D00044833583268387838F5F38968430A1F792
:1054E00080E07E01F1E2EF0EF11CDD24D394D80EB2
:1054F0008695869590E0E5E2F0E0EC0FFD1FE80F61
:10550000F91F2081F701E80FF91F80812B838C831D
:105510002B878C872B8B8C8B2B8F8C8FF894C801CF
:105520000E9470068D2D0E9482067894F801818178
:105530008C5F818387818C5F87833896EE15FF05AA
:10554000B1F78D2D803189F6A896CDBFDEBFDF91F2
:10555000CF911F910F91FF90EF90DF9008958F9260
:105560009F92AF92BF92CF92DF92EF92FF927B0118
:10557000682F70E080E090E00E94134A2091B920EB
:105580003091BA204091BB205091BC200E94254B05
:105590004B015C01B70180E090E00E94134A9B013F
:1055A000AC01C501B4010E947A492091B520309127
:1055B000B6204091B7205091B8200E9412496B014B
:1055C0007C0120E030E040E853E40E94214B1816B3
:1055D0008CF020E030E040E85FE3C701B6010E94B4
:1055E000764987FF0DC0C12CD12C90E8E92E9FE3AE
:1055F000F92E06C0C12CD12C80E8E82E83E4F82EC9
:10560000C701B6010E94E749CB01FF90EF90DF9000
:10561000CF90BF90AF909F908F9008953FE0439FB1
:10562000F0011124E45FFB4C9081992369F0E62F8F
:10563000F0E0EE0FFF1FE453FD4C408151814156D5
:105640005841413D510510F080E0089590E0DC01A3
:10565000A05FB74C3C91230F2C9340918A214217B5
:1056600034F482E399E18083918381E00895022EEE
:10567000000C330B552741950CF450952417350732
:1056800034F480E698E18083918381E0089520914D
:105690008B2130E1239F800D911D1124FC01E457E3
:1056A000FD4C8FE3808381E008959FE0499FF001E6
:1056B0001124E45FFB4C9085923081F0945092303D
:1056C00068F070E0660F771FFB01E453FD4C4081EA
:1056D0005181FA013197EB39F14310F480E00895DC
:1056E000E82FF0E0443651051CF412161CF008C0F7
:1056F00027FF06C0DF01A05FB74C8C91280F2C93C9
:10570000E05FF74C20818091892182176CF4443648
:10571000510554F4DB01A453BD4C84E690E08D9315
:105720009C93108281E00895022E000C330B992780
:1057300081950CF49095281739076CF4493351433F
:1057400054F0DB01A453BD4C88E391E38D939C930B
:10575000108281E0089581E00895BF92CF92DF9298
:10576000EF92FF920F931F93CF93DF93C82F0E9466
:10577000D9468C2F8295807FDCE2D80F3CE3B32E94
:10578000B80EEE24E394F12C0C2F10E0000F111F43
:10579000C8018453984C6C010056174C0E9408476E
:1057A0008E219F21892BB1F02FE741E06D2F809151
:1057B000BE2F0E944639F601808191818E219F2162
:1057C000892B31F5F801808191818E299F29808371
:1057D00091831EC00E940D478E219F21892BC1F00D
:1057E00020E040E06D2F8091BE2F0E944639F601E7
:1057F000808191818E219F21892B51F4F801208194
:105800003181C70180959095822393238083918372
:10581000EE0CFF1CDF5FBD12C1CF80912821EC2F61
:10582000F0E0EE0FFF1FE056F74C21E030E0082ECD
:1058300002C0220F331F0A94E2F7408151812423D2
:10584000352360E0232B61F00E94053F00E021E05A
:1058500030E040E06FE7809128210E94463E0BC077
:105860000E94053F00E021E030E040E060E08091F0
:1058700028210E94463E809128218F5F803118F4B4
:105880008093282102C010922821DF91CF911F918F
:105890000F91FF90EF90DF90CF90BF900895AF925F
:1058A000BF92CF92DF92EF92FF920F931F93CF930D
:1058B000DF93C82FD0E08FE08C9FF0018D9FF00D1B
:1058C0001124E45FFB4C222311F0068501C0068100
:1058D0002FE02C9FC0012D9F900D11249C01245F6F
:1058E0003B4C7901F9018085982F9D7F913009F01B
:1058F00066C0162F462F6781802F0E946E39F701F0
:105900008585882309F46EC06091B62FA090BD2FC5
:105910001A1578F1B12C70E06A197B09072E000C7A
:10592000880B990B0E94154A20E030E04EEF52E4BC
:105930000E947A499B01AC0160E070E080E89FE33F
:105940000E947A496B017C01612F70E06A197B0922
:10595000072E000C880B990B0E94154A9B01AC0185
:10596000C701B6010E94254B0E94E749F62E172F6A
:1059700002C0F12C10E08091C2389091C3380E948F
:105980000F134F2D512F4038510510F04FE750E0C5
:105990008FE08C9FF0018D9FF00D1124E45FFB4C94
:1059A0006781605C802FDF91CF911F910F91FF90F5
:1059B000EF90DF90CF90BF90AF900C946E39811133
:1059C00011C0262F41E0F7016781802FDF91CF9131
:1059D0001F910F91FF90EF90DF90CF90BF90AF900D
:1059E0000C944639DF91CF911F910F91FF90EF906A
:1059F000DF90CF90BF90AF9008954423B9F0282F47
:105A000030E09FE0899FF0011124E45FFB4C80852A
:105A1000833061F4F901EE0FFF1FE453FD4C8081E8
:105A20009181C29664E670E00E945C4D862F0895D5
:105A3000282F22952F70782F7F7030E0E72FF0E02D
:105A4000611128C0D901AA0FBB1FAC54B74C41E06B
:105A500050E002C0440F551F7A95E2F740955095EB
:105A60006D917C911197462357234D935C9364E08D
:105A7000220F331F6A95E1F72053384CE20FF31FD2
:105A80009FE0899FD0011124A45FBB4C1A968C9192
:105A9000808308959FEF960FD901AA0FBB1FAC54C6
:105AA000B74C9D37D0F481E090E002C0880F991F79
:105AB0007A95E2F74D915C911197842B952B8D93FC
:105AC0009C93C90124E0880F991F2A95E1F7805320
:105AD000984CE80FF91F6083089541E050E002C040
:105AE000440F551F7A95E2F76D917C911197462BE3
:105AF000572B4D935C9394E0220F331F9A95E1F757
:105B00002053384CD901AE0FBF1F9FE0899FF00191
:105B10001124E45FFB4C81858C930895E82FE29576
:105B2000EF70F0E08F7090E0611103C020E030E092
:105B300002C02FE730E044E0EE0FFF1F4A95E1F787
:105B4000E80FF91FEE0FFF1FE05EF74C2083318353
:105B50000895982F882329F081E0913320F09F3712
:105B600011F080E008950895982F813318F081E0B6
:105B7000913608F080E00895CF92DF92EF92FF9285
:105B80000F931F93CF93DF9390918B2180912721C7
:105B9000282F30E0F90140E1949FE00DF11D112420
:105BA000E457FD4CD081C82F40E1949FC00D1124D3
:105BB000F901E758FE4D9081D917B9F09FE0C99FD0
:105BC000F0011124E45FFB4C248530E041E090813A
:105BD000911101C040E003856D2F0E94463EE09187
:105BE0002721F0E0E758FE4DD08380912721282F10
:105BF00030E090918B21F90140E1949FE00DF11D7F
:105C00001124E053F84CD081F901E759FE4D908101
:105C1000D91749F06D2F0E94053FE0912721F0E050
:105C2000E759FE4DD083C0908B21D0902721ED2CD9
:105C3000F12C80E1C89E80011124F801E453FC4C52
:105C4000EE0DFF1DD081DD23B1F08D2F8DDF882378
:105C500091F0D801A053B84CAE0DBF1D2C914D2F23
:105C60006C2D8D2D0E94673FE0912721F0E0E75ACF
:105C7000FE4DD08323C0F701E75AFE4D8081882373
:105C8000E9F09FE0C99FF0011124E45FFB4C2485FB
:105C900030E041E08081811101C040E0D801A4578B
:105CA000BD4CAE0DBF1D03856C918D2D0E94463EEF
:105CB000E0912721F0E0E75AFE4D1082D0908B2131
:105CC00000912721E02EF12C40E1D49EE001112427
:105CD000FE01E45BFD4CEE0DFF1D10811123B9F0B8
:105CE000812F37DF882399F0CE018053984CEC0147
:105CF000CE0DDF1D2881412F6D2D802F0E94673F23
:105D0000E0912721F0E0E75BFE4D108314C0F7011E
:105D1000E75BFE4D8081882371F0C053D84CCE0DD7
:105D2000DF1D6881802F0E94053FE0912721F0E070
:105D3000E75BFE4D1082809127218F5F803118F440
:105D40008093272102C010922721DF91CF911F91CC
:105D50000F91FF90EF90DF90CF90089580918B216D
:105D60000895C29664E670E00E945C4D862F089507
:105D700097FD05C08D3921E3920724F4089580E052
:105D800090E008958CE991E308959C0121563841F3
:105D900081E0213D310508F080E008959C0121500B
:105DA000310981E02B39314308F480E00895EF9206
:105DB000FF921F93CF93DF93182FC1E0D0E0062E00
:105DC00002C0CC0FDD1F0A94E2F780E1189F600D3E
:105DD0001124E62EF12C8FE0689FF0011124E45F7E
:105DE000FB4C8281873061F08FE08E9DF0018F9DAA
:105DF000F00D1124E45FFB4C82818830B1F408C0BF
:105E00000E9403478C239D23892B71F381E00EC0F0
:105E1000E12FF0E0EE0FFF1FE455F74C80819181F8
:105E2000C823D92381E0CD2B09F480E0DF91CF9105
:105E30001F91FF90EF900895CF93C62F90E1899F17
:105E4000C00D1124B4DF8111C05C8C2FCF91089557
:105E5000DF92EF92FF920F931F93CF93DF93CDB713
:105E6000DEB7A097CDBFDEBFF82ED62E8A01E4DFC5
:105E70009FE0989FD0011124A45FBB4CF8010190D2
:105E80000D929A95E1F7ED2CE694E69420E8F29EC7
:105E9000C0011124809640E250E0BE016F5F7F4F49
:105EA00030E2E39E800D911D11240E940A068D2D83
:105EB0008370E1E0F0E0EC0FFD1F98E0899FE00DBA
:105EC000F11D1124D80112968C9187FD05C0908197
:105ED000907F8F70892B8083D80113969C9197FDBA
:105EE0000DC08081282F2F70892F90E0019754E0FA
:105EF000880F991F5A95E1F7822B8083D801149659
:105F00008C9187FF8183D80119968C9187FF8283BA
:105F1000D8011A968C9187FF8383D8019C9197FDB5
:105F200004C0848190FB87F98483D8011B968C91EF
:105F300087FD04C094819078892B8483D8011C96B6
:105F40008C9187FD05C095819C7F8370892B85830B
:105F5000D80111969C9197FD0AC08581282F237F37
:105F6000B4E09B9FC00111248C70822B8583D801E3
:105F70001E968C9187FD0EC02581922F9F70282F31
:105F800030E02150310944E0220F331F4A95E1F7F8
:105F9000292B2583D80118968C9187FD05C0968101
:105FA000987F8770892B8683D80116969C9197FDE0
:105FB0000EC02681822F8F70292F30E021503109A9
:105FC00094E0220F331F9A95E1F7282B2683D801FE
:105FD00017968C9187FD04C097819078892B8783D1
:105FE000D8011D969C9197FD04C0878190FB87F98D
:105FF0008783E394FF0CFF0CFE0CF894CE0101960E
:106000000E9470068F2D0E9482067894A096CDBFC4
:10601000DEBFDF91CF911F910F91FF90EF90DF9046
:1060200008952F923F924F925F926F927F928F923C
:106030009F92AF92BF92CF92DF92EF92FF920F9317
:106040001F93CF93DF93CDB7DEB72797CDBFDEBFCA
:10605000282E962E20E1829F900C1124ECE8CE2E63
:10606000E2E3DE2E1982412CA92CB12CFFE08F2E09
:106070008A9C80018B9C100D1124045F1B4CC8016D
:1060800006968C839D83350190E4690E711CE0E1D6
:106090002E9ED0011124A457BD4CA60FB11DAE8376
:1060A000BF83A895241020C04394F0E1CF0ED11CEB
:1060B0002981205F298334E04312F3CF2796CDBF97
:1060C000DEBFDF91CF911F910F91FF90EF90DF9096
:1060D000CF90BF90AF909F908F907F906F905F9088
:1060E0004F903F902F9008957601312CC301880F77
:1060F000991FDC01A453BD4CAA83BB835980530C68
:10610000652D892DACD8882309F446C0632D842DD4
:106110004EDE252D30E0829EF001839EF00D11248D
:10612000E45FFB4CAC81BD814C919681491315C055
:10613000F501EE0FFF1FE453FD4C40815181F90141
:10614000EE0FFF1FE453FD4C40835183811105C0C6
:10615000EE81FF819081D7019C93829EF001839E06
:10616000F00D1124E45FFB4CD8011E964C919685EE
:10617000491312C0EA81FB8140815181220F331FF4
:10618000F901E45BFC4C40835183882329F0AE8104
:10619000BF818C91F70180833394FFEFEF1AFF0AE0
:1061A00020E13212ABCF80CFCF93DF93D82FC0E066
:1061B0006C2F8D2F36DFCF5FC031D1F7DF91CF91BC
:1061C00008957F928F929F92AF92BF92CF92DF926B
:1061D000EF92FF920F931F93CF93DF93982E8091AE
:1061E0008B21E2DF29E7A22E21E2B22E39E6E32E4F
:1061F00031E2F32E80E1989E60011124C0E0D0E0EE
:1062000004E610E088248A946C2F80918B2114DEA0
:10621000782E6C2F892D10DEE82F80918B219E0126
:1062200090E1899F200D311D112424573D4CA72D4D
:10623000B0E0AA0FBB1FA453BD4C8D919C91B80137
:106240000E945C4DD9016C93D5018D925D01D701FF
:106250008D927D019E012C0D3D1D24573D4CF0E09B
:10626000EE0FFF1FE453FD4C80819181B8010E9425
:106270005C4DF90160832196C031D10529F69092D9
:106280008B21DF91CF911F910F91FF90EF90DF90C5
:10629000CF90BF90AF909F908F907F9008958F92F6
:1062A0009F92AF92BF92EF92FF921F93CF93DF9393
:1062B000603408F015C1D22F142FC62F009721F09B
:1062C000019709F487C00CC1E62EF12C2FE0629FE4
:1062D000E0011124C45FDB4C8885982F9D7F9130AD
:1062E00009F056C06F818E81F9D78D85882309F416
:1062F000F7C06091B62FC091BD2F1C1778F1D0E088
:1063000070E06C1B7D0B072E000C880B990B0E9414
:10631000154A20E030E04EEF52E40E947A499B019A
:10632000AC0160E070E080E89FE30E947A494B0195
:106330005C01612F70E06C1B7D0B072E000C880B3D
:10634000990B0E94154A9B01AC01C501B4010E9442
:10635000254B0E94E749D62FC72F02C0D0E0C0E0EE
:106360008091C2389091C3380E940F134D2F5C2F3B
:106370004038510510F04FE750E08FE08E9DF0015E
:106380008F9DF00D1124E45FFB4C6781605C17C0AA
:10639000811105C0242F41E06F818E8197C082302A
:1063A00021F08450823008F09BC08FE08E9DF00178
:1063B0008F9DF00D1124E45FFB4C412F6781868196
:1063C000DF91CF911F91FF90EF90BF90AF909F9082
:1063D0008F9084C7A62EB12C3FE0639FC00111248B
:1063E000AC01445F5B4C7A01DA0112968C91982FD4
:1063F0009B7F923028F099EF980F923008F05AC0A6
:106400004D2F612F8C2FF9DA9FE09A9D90019B9D73
:10641000300D1124F901E45FFB4C7F01B380D4817E
:10642000482F6D2F8B2D5AD7112309F459C0809115
:10643000BE2FB81255C0D43008F052C080918B21C5
:1064400090E0CF702C2F30E0AC0164E0440F551F7A
:106450006A95E1F7FA01E20FF31FEE0FFF1FE05E0E
:10646000F74C10821182A1E0B0E002C0AA0FBB1F5E
:10647000CA95E2F7880F991FFC01EC54F74C608134
:106480007181CD0186239723892B49F44053584CC1
:10649000FA01E20FF31FD7011A968C9180838D2F9A
:1064A000DF91CF911F91FF90EF90BF90AF909F90A1
:1064B0008F9087CE8250823098F4422F612F8C2F9C
:1064C0009CDA282F4D2FF70164818381DF91CF91D2
:1064D0001F91FF90EF90BF90AF909F908F90D6C686
:1064E000DF91CF911F91FF90EF90BF90AF909F9061
:1064F0008F900895DF92EF92FF920F931F93CF93A7
:10650000DF93E82ED62EF42EE9010E94CB268823B5
:1065100011F10E9408478C239D23892B09F4A6C200
:10652000CE2DC37040E060918B218091BE2FD6D6D6
:106530008C2F0E9485428C2F44DE4FE76C2F809178
:10654000BE2FCCD6DF91CF911F910F91FF90EF908E
:10655000DF900C94FC260E9408478C239D23892BF6
:10656000B9F00E94A8430F2D10E08FE0F89EF001D3
:106570001124E45FFB4C828190E08930910508F0A2
:1065800075C2FC018827E45EFE4F8F4F0C94AD4D21
:106590000E940D478C239D23892B19F767C20E9407
:1065A00008478C239D23892B09F460C280918B219D
:1065B00090E02E2D30E0BC01D4E0660F771FDA9515
:1065C000E1F7FB01E20FF31FEE0FFF1FE05EF74C58
:1065D00040815181452B19F44FE750E002C040E063
:1065E00050E0FB01E20FF31FEE0FFF1FE05EF74CE0
:1065F00040835183A1E0B0E002C0AA0FBB1FEA9420
:10660000E2F7880F991FFC01EC54F74C0190F081E0
:10661000E02DCD018E239F23892B09F07FC08FE0D1
:10662000809FF001819FF00D1124E45FFB4C411528
:10663000510511F0818501C082856053784CFB01C2
:10664000E20FF31F80836AC00E9408478C239D23BA
:10665000E0918B212E2D30E0D901892B71F090E152
:10666000E99FA00DB11D1124AA0FBB1FA05EB74C5E
:106670008FE790E08D939C930BC0C0E1EC9FA00D41
:10668000B11D1124AA0FBB1FA05EB74C1D921C9216
:10669000F0E081E090E002C0880F991FEA94E2F7F1
:1066A000DF01AA0FBB1FAC54B74C4D915C91842302
:1066B000952354E0EE0FFF1F5A95E1F7892B31F532
:1066C000DF01A20FB31FAA0FBB1FA05EB74C8D91B5
:1066D0009C91892B59F08FE0809FD001819FB00D54
:1066E0001124A45FBB4C19968C910AC08FE0809F47
:1066F000D001819FB00D1124A45FBB4C1A968C91E0
:10670000DF01A053B84CA20FB31F8C93E20FF31F0D
:10671000EE0FFF1FE05EF74C4081518121E04115F3
:106720005105A9F520E033C08FE0809FF001819FE3
:10673000F00D1124E45FFB4C8081ED2DF0E0EE0FB5
:10674000FF1FE453FD4C811148C010821182D12CEF
:106750000E2D10E0F801E05FF74C108221E04D2D86
:106760006F2D80E090E09BDD80918B2190E1899FEF
:10677000000D111D1124F801E457FD4CD0820E9438
:1067800008478C239D23892B69F021E04FE76F2D6B
:1067900081E090E0DF91CF911F910F91FF90EF90FA
:1067A000DF907DCD0E940D478C239D23892B09F41A
:1067B0005DC120E040E0EBCF8FE0809FF001819F42
:1067C000F00D1124E45FFB4C8081ED2DF0E0EE0F25
:1067D000FF1FE453FD4C882339F08CE998E1808356
:1067E0009183FFE3DF2EB4CF8CE991E38083918323
:1067F000EFE7DE2EADCF0E9408478C239D23892B27
:1068000009F449C02E2D30E090918B21892F90E022
:1068100041E050E002C0440F551FEA94E2F7FC014A
:10682000EE0FFF1FEC54F74C608171814623572314
:1068300074E0880F991F7A95E1F7452B81F4FC01EC
:10684000E053F84CE20FF31F4FE0409FD001419F0F
:10685000B00D1124A45FBB4C19964C914083845712
:106860009D4CEC01C20FD31FED2DF0E0EE0FFF1F8A
:10687000E453FD4C8081918164E670E00E945C4DA0
:1068800068838FE0809FF001819FF00D1124E45F09
:10689000FB4C4FE7E1C00E940D478C239D23892BC1
:1068A00009F4E4C02E2D30E090918B21892F90E0E7
:1068B00041E050E002C0440F551FEA94E2F7FC01AA
:1068C000EE0FFF1FEC54F74C608171814623572374
:1068D000B4E0880F991FBA95E1F7452B81F4FC01CC
:1068E000E053F84CE20FF31F4FE0409FD001419F6F
:1068F000B00D1124A45FBB4C1A964C914083845771
:106900009D4CEC01C20FD31FED2DF0E0EE0FFF1FE9
:10691000E453FD4C8081918164E670E00E945C4DFF
:10692000688391C00E9408478C239D23892B09F41A
:106930009DC080918B21E82FF0E0EE0FFF1FE45502
:10694000F74C208131812C273D27208331836E2D08
:1069500073DA40918B2150E0BA01660F771FFB017B
:10696000E455F74C208131812C233D23EE2DF0E0BE
:10697000EB01CC54D74C64E0440F551F6A95E1F706
:10698000A82FB0E081E090E002C0880F991FEA9440
:10699000E2F7232B89F12881398182239323892BE4
:1069A00091F4EA01C053D84CBE016E0F7F1F2FE057
:1069B000209FC001219F900D1124845F9B4CEC010E
:1069C0008985EB01888344575D4CE40FF51FAA0FBE
:1069D000BB1FA453BD4C8D919C9164E670E00E9456
:1069E0005C4D60838FE0809FF001819FF00D11244A
:1069F000E45FFB4C4FE730C0288139818223932329
:106A0000892B91F4EA01C053D84CBE016E0F7F1F51
:106A10002FE0209FC001219F900D1124845F9B4C8B
:106A2000EC018A85EB01888344575D4CE40FF51F28
:106A3000AA0FBB1FA453BD4C8D919C9164E670E0DE
:106A40000E945C4D60838FE0809FF001819FF00D7C
:106A50001124E45FFB4C40E064818381DF91CF919E
:106A60001F910F91FF90EF90DF9038C4DF91CF918D
:106A70001F910F91FF90EF90DF90089580918B21EF
:106A8000A0CBCF92DF92EF92FF920F931F93CF9301
:106A9000DF93C42ED12C9FE0499FF0011124E45FC5
:106AA000FB4C9085923021F09450923008F088C0D1
:106AB000C22FD82F8FE08C9DF0018D9DF00D1124F9
:106AC000E45FFB4C8281863089F50E940347802376
:106AD0009123892B59F1ED2FF0E0EE0FFF1FDF011D
:106AE000A75DBE4D8D919C9111978C0F911DC7FD97
:106AF0009A958D939C931197C0E48D919C911197D9
:106B00008430910534F004978D939C931197CF5F57
:106B1000F4CFE75DFE4D808191818D3F2FEF92078D
:106B20003CF5049680839183C150F5CF8FE08C9D16
:106B3000F0018D9DF00D1124E45FFB4C81818230CA
:106B4000B1F48C2F0C2E000C990B97FF03C091957C
:106B500081959109B7010E94AF2A24E09695879507
:106B60002A95E1F78F719927C89FC00D1124C05C49
:106B70006D2F80918B211BD981110AC08FE08C9DD4
:106B8000F0018D9DF00D1124E45FFB4C868109C05E
:106B90008FE08C9DF0018D9DF00D1124E45FFB4C86
:106BA0008685C03479F09FE09C9DF0019D9DF00D9D
:106BB0001124E45FFB4C4C2F678190D381E003C02C
:106BC00080E001C081E0DF91CF911F910F91FF9094
:106BD000EF90DF90CF9008959F92AF92BF92CF92A7
:106BE000DF92EF92FF920F931F93CF93DF93C82E04
:106BF000C62FD42E922EA42EB12C8FE0489FF001E8
:106C00001124E45FFB4C8281863039F40E940347F3
:106C100080239123D1E0892B09F4D0E0D1708FE05B
:106C20008A9DF0018B9DF00D1124E45FFB4C818166
:106C3000092D990C110B8230B9F4C80117FF04C05B
:106C400088279927801B910BB7010E94AF2AD11189
:106C500012C08931910578F0AC018F3F910581F028
:106C600078F04FEF50E00CC0D11105C0882331F00F
:106C700042EB50E005C049E150E002C044E650E07C
:106C8000D0E0049F9001059F300D149F300D11241A
:106C9000CC0FDD1FC453DD4C88819981820F931F77
:106CA00067D888839983C29664E670E00E945C4D41
:106CB000C62F6C2D80918B217AD8282F41E06C2F24
:106CC0008D2D0E944F2CE0918B2180E1E89FF001F7
:106CD0001124E457FD4CEC0DF11DC08381E0DF91E0
:106CE000CF911F910F91FF90EF90DF90CF90BF90C9
:106CF000AF909F9008958F929F92AF92BF92CF9244
:106D0000DF92EF92FF920F931F93CF93DF93C82FE1
:106D1000D62EC42E4901F8940E94C746D82F8C2F36
:106D20000E94CE465C017894DD2309F10E94A843BD
:106D300085012D2F4C2D6D2D8C2F0E940E2B811136
:106D400016C02D2F4C2D6D2D8C2F0E94552B81118F
:106D50000EC0750184012D2F4C2D6D2D8C2F91DED1
:106D6000811105C02D2F4C2D6D2D8C2F35DFDF911E
:106D7000CF911F910F91FF90EF90DF90CF90BF9038
:106D8000AF909F908F900895FF920F931F93CF9392
:106D9000DF930E94D946C0E001E010E06C2F8091A3
:106DA0008B214AD8D82F8F73F82E9801482F6D2F3A
:106DB0008C2FA1DF98014F2D6D2F8C2F9BDB000FA7
:106DC000111FCF5FC03151F7DF91CF911F910F910C
:106DD000FF90089590918B2120E1929F800D1124C6
:106DE0009FE0899FF0011124E45FFB4C908581E0D6
:106DF000923031F0943029F0953019F080E0089508
:106E000008950895EF92FF920F931F93CF93DF930E
:106E10002FE0829FF0011124E45FFB4C90819923C5
:106E200011F06623B9F1F42E162FC82FD82FD29562
:106E3000DF70082F0F70602F8D2F0E94D72EE82E45
:106E4000F11002C0E0E001C0E0E4CE0F80918B21A0
:106E5000D81309C0802F0E946147882321F0802F1A
:106E6000B9DF8823B9F0EC2FF0E0EE0FFF1FE453F9
:106E7000FD4C24E6129FC001112480839183EF1002
:106E800009C080E1D89FF0011124E457FD4CE00FC8
:106E9000F11D1083DF91CF911F910F91FF90EF9023
:106EA0000895BF92CF92DF92EF92FF920F931F93BC
:106EB000CF93DF939091BE2F981335C0662319F0BE
:106EC000633009F0C3C04C52413208F0BFC0E42F18
:106ED000E295EF70F0E04F7081E090E002C0880F23
:106EE000991F4A95E2F7EE0FFF1FDF01A453B84C3C
:106EF0004D915C911197482B592B4D935C93E05623
:106F0000F74C222339F020813181822B932B80830F
:106F100091839CC080959095208131818223932319
:106F20008083918393C0D22F142F062FB82E9CE01C
:106F3000E92E94E3F92EC0E0C82ED12CF701878109
:106F4000181321C080859681B9120DC0013021F43B
:106F500081508530C0F402C0811115C040E06D2F12
:106F60008C2F50DF10C0F7019685B9120CC001308C
:106F700021F48150843038F402C0811104C041E012
:106F80006D2F8C2F3FDFF7018481181358C0838148
:106F9000B8122AC0828182508230D8F40023D9F0FE
:106FA000033009F04CC060E08C2F0E94182DEC2FAC
:106FB000E295EF7080E1E89FF00111248C2F8F7033
:106FC000E80FF11DEE0FFF1FE05EF74C10821182FB
:106FD00036C00130A1F56D2F8C2F0E94182D6D2F1A
:106FE0008C2F0E948E2D2BC08091A22F282F2295AE
:106FF0002F7030E0C216D30679F4EC2FE295EF70D3
:1070000080E1E89FF0011124E453FC4C8C2F8F7039
:10701000E80FF11DD08313C08F7090E0C816D90619
:1070200071F4EC2FE295EF7080E1E89FF0011124FC
:10703000E45BFD4C8C2F8F70E80FF11DD083CF5F88
:10704000EFE0EE0EF11CC03409F078CFDF91CF9164
:107050001F910F91FF90EF90DF90CF90BF90089518
:1070600088E090E28093C2389093C338E0E8F6E07D
:1070700091E0918382E0818328E0218324E02283D0
:10708000968310929721109298218683089581E02B
:107090002091972130919821232B09F080E00895C9
:1070A000CF92DF92EF92FF920F931F93C0906008F0
:1070B000D0906108E12CF12C809192219091932144
:1070C000A0919421B09195218C159D05AE05BF0529
:1070D0001CF58091922190919321A0919421B091DF
:1070E000952100918E2110918F2120919021309136
:1070F0009121B701A601481B590B6A0B7B0BCB01F1
:10710000BA01601B710B820B930B28E030E040E06A
:1071100050E00E94914D25C0809192219091932141
:10712000A0919421B091952100918E2110918F21F1
:107130002091902130919121B701A601481B590B54
:107140006A0B7B0BDB01CA01801B910BA20BB30BFB
:10715000BC01CD01019628E030E040E050E00E9403
:10716000914D80918E2190918F21A0919021B0918D
:107170009121A901032E000C660B770B840F951F3C
:10718000A61FB71F80938E2190938F21A0939021EB
:10719000B09391212C5F3F4F29303105B0F480919D
:1071A0008C21813091F480938D218091BE31882390
:1071B00061F08091A42F9091A52F892B31F481E06B
:1071C00090E08093A42F9093A52FC0929221D0920B
:1071D0009321E0929421F092952160918E217091FB
:1071E0008F2180919021909191211F910F91FF907B
:1071F000EF90DF90CF90089560918E2170918F2154
:107200008091902190919121089580918D210895F0
:1072100047DF80918C210E94DB1A80919621811199
:1072200005C01092E83881E08093962180918C21EE
:107230008F5F88311CF480938C2102C010928C21C6
:1072400080918C2163E00E943B4D923029F4809123
:10725000E8388F5F8093E838089510928C2110925F
:107260008E2110928F2110929021109291211092D4
:1072700092211092932110929421109295211092B4
:107280008D2108950E94D81A0C94BC46CF93DF93A9
:1072900000D01F92CDB7DEB7411102C090E801C007
:1072A00090E9392F32953F7039838F70982B9A83EC
:1072B0006F776B832F772C83EADE882349F0BE013A
:1072C0006F5F7F4F8091C2389091C3380E94E9125E
:1072D0002496CDBFDEBFDF91CF910895CF93DF938A
:1072E00000D01F92CDB7DEB79BE099838F70806B83
:1072F0008A836F776B834F774C83C9DE882349F08D
:10730000BE016F5F7F4F8091C2389091C3380E9459
:10731000E9122496CDBFDEBFDF91CF910895EF92A1
:10732000FF920F931F93CF93DF9300D01F92CDB79F
:10733000DEB78B01F82E81E094E0E92E93E09F15F3
:10734000C0F4E982F80180818A8381818B83319640
:1073500081810D5F1F4F8C83BE016F5F7F4F8091D6
:10736000C2389091C3380E94E912FDEFFF0E80E011
:10737000E5CFFF2039F195E09983F80190819A8358
:107380001B821C82F2E0FF1206C086E08983F801AE
:1073900081818B830EC0F3E0FF120BC0882311F0B4
:1073A000F98202C087E08983F80181818B83828121
:1073B0008C83BE016F5F7F4F8091C2389091C3383C
:1073C0000E94E9122496CDBFDEBFDF91CF911F91BD
:1073D0000F91FF90EF900895EF92FF920F931F93FC
:1073E000CF93DF9300D01F92CDB7DEB769837A8346
:1073F0008B839C83862F90E0FC013497EC30F10561
:1074000008F077C08827EB5DFE4F8F4F0C94AD4D91
:107410008A818A3FA1F08C3FB9F0883F09F069C0AA
:107420008091A2008B7F8093A20081E080939621BF
:10743000EFDE8091A20084608093A2005AC00DDF2D
:1074400081E08093962155C01DDF1092962151C096
:107450001A811F70FB80EC808091BE2F181309C029
:1074600083E08F1530F08FE7E81203C08F2D0E9464
:10747000E13001E02E2D4F2D60E0812F12DD39C06B
:107480008A8100E02C814B8163E08F700ADD31C07E
:107490001A811F70FB80EC8001E02E2D4F2D61E0E2
:1074A000812FFFDC8091BE2F181309C083E08F1558
:1074B00030F08FE7E81203C08F2D0E94E1301730C3
:1074C000C1F46E2D8F2D0E94561B13C0CE01019664
:1074D0000E9472250EC0CE0101960E948C2609C022
:1074E000CE0101960E94502604C0CE0101960E9452
:1074F000F4252496CDBFDEBFDF91CF911F910F9170
:10750000FF90EF900895292F33272230310559F04D
:107510002330310569F02130310531F582E190E009
:1075200023E038E025C085E690E02EE937E020C072
:1075300099278130910579F058F08230910571F0EA
:10754000039791F48091C43890E024EC38E310C0A4
:10755000EAE9F7E005C0EEE7F7E002C0E2E5F7E0B0
:10756000849190E09F0104C080E090E020E030E052
:10757000FA01208331830895809120089091210899
:1075800081589F4F80932A0890932B088091B321B4
:107590009091B421892B49F08091B3219091B4212D
:1075A00001978093B3219093B42180919921811107
:1075B00013C080919A2190919B21A0919C21B09120
:1075C0009D210196A11DB11D80939A2190939B212D
:1075D000A0939C21B0939D210895809120089091C3
:1075E00021080996809328089093290880E18093C8
:1075F0006506809366069FB7F894809110018068B5
:10760000809310019FBF8091E6388F5F8093E638AA
:107610008091E6388F3488F01092E638809104012A
:107620008171E1F789EC91E22FB7F894809318010A
:107630009093190110921A012FBF80919621811108
:1076400011C08091E7388F5F8093E7388091E738E9
:107650008F3F41F48091E8388F5F8093E838109233
:10766000E738089508951F93CF93DF9340E05AE0E1
:107670006FEF70E089EC91E20E94CE4DEFEBFFE2FC
:107680008BE0DF011D928A95E9F780E290E0848328
:10769000958384E0808310E1128389EC91E28783F3
:1076A000908780EA99E0818792878CE683830E94A5
:1076B000CD046FEB7FE280E00E94AC059FB7F894A9
:1076C000E0E0F1E08081837F816080839FBF65E19E
:1076D00070E280EA99E00E94AC0DC0E6D6E088E056
:1076E000898382E0898380E098E00E944C0C6DEEF3
:1076F0007AE380E098E00E948D0C6CEB7AE380E006
:1077000098E00E94B90CE0E0F8E089E090E080A702
:1077100091A78FE790E082A793A787818C7F8783CB
:107720008781836087838781837F87838781846064
:1077300087838181887F818378948081807F866040
:10774000808391E0998380E2898319839D838E836E
:107750008D831E831092E638DF91CF911F9108959B
:1077600081E080936606089581E080936506089520
:1077700040E05AE06FEF70E089EC91E20C94CE4D5E
:107780003F924F925F926F927F928F929F92AF92B1
:10779000BF92CF92DF92EF92FF920F931F93CF93FE
:1077A000DF93EC01862E5A01CA010197029708F473
:1077B00097C04330510509F096C0611107C0188287
:1077C00019821A821B821C821D82CCC170E061501A
:1077D0007109072E000C880B990B0E94154A20E0B6
:1077E00030E040EA50E40E94254B20E030E04CEFCE
:1077F00052E40E947A494B015C010E94E749F62E4F
:10780000062F10E0B801012E000C880B990B0E9486
:10781000154A9B01AC01C501B4010E94114920E049
:1078200030E04EEF52E40E94254B0E94E749E62FDC
:1078300020E080E094E0A0E0B0E0422F022E000CB7
:10784000550B40175107B4F44C015D01B694A79451
:1078500097948794AC01BD01440F551F661F771F95
:10786000482959296A297B29842B952BA62BB72BCC
:107870002F5FE3CFEE2361F124E02F1548F18C0157
:107880009D013695279517950795AC01BD01440FCD
:10789000551F661F771F402B512B622B732B482BD4
:1078A000592B6A2B7B2B8C019D01009510952095FF
:1078B00030954023512362237323482B592B48834F
:1078C0005983EA838B839C838FE78E1B8D834AC108
:1078D000188219821A828B839C838FE78D8342C121
:1078E0003324339401C0312C222309F488C081EC65
:1078F000880D823068F481E090E08883998382E08B
:1079000090E08B839C830A838FE7801B8D832AC141
:10791000682D70E082E0A816B10469F56F53710913
:10792000072E000C880B990B0E94154A6B017C01F5
:1079300023E333E34BE451E40E947A490E94E24995
:10794000162F23E333E34BE451E4C701B6010E9451
:10795000574A2B013C0120E030E040E251E40E9414
:10796000254B9F770E94E749962EC12CE4E0DE2E3E
:10797000E12CF12C8EC09FE3981510F080E401C03B
:107980008FE3681B7109072E000C880B990B0E946E
:10799000154A6B017C0126E636E64EE751E40E946B
:1079A0007A490E94E249162F26E636E64EE751E470
:1079B000C701B6010E94574A2B013C0120E030E08C
:1079C00040E051E40E94254B9F770E94E749962EA4
:1079D00020E030E0A901C301B2010E94764987FF8F
:1079E00007C01150C12C74E0D72EE12CF12C51C0EE
:1079F0001F5FC12C64E0D62EE12CF12C4AC0682D0B
:107A000070E0072E000C880B990B22E0A216B1043F
:107A100039F50E94154A20E030E048E351E40E9425
:107A20007A490E94E249162F682D70E080E090E0CC
:107A30000E94134A20E030E048E351E40E94574A94
:107A40002B013C0120E030E040E351E40E94254B53
:107A50000E94E749962EC12CD12C7601E39414C0E4
:107A60000E94154A26E636E64AE351E40E947A4926
:107A70000E94E249162F412C512C3201912CC12C2D
:107A800040E8D42EE12CF12C811003C0C12CD12C64
:107A900076013320E9F017FD0EC0112379F1D701EB
:107AA000C601B695A79597958795C82AD92AEA2A37
:107AB000FB2A1150F2CFD701C601880F991FAA1FC8
:107AC000BB1FC82AD92AEA2AFB2A1F5FA1F716C0C2
:107AD00017FD08C004C0F694E794D794C7941A958C
:107AE000D2F70CC0812F992781950CF4909504C092
:107AF000CC0CDD1CEE1CFF1C8A95D2F78601CB82D4
:107B0000DC8220E030E0A901C301B2010E94214BD8
:107B1000181674F492E0A916B104F9F4F694E794F7
:107B2000D794C794C02AD12AC882D9829A8218C011
:107B300020E030E0A901C301B2010E94764987FF2D
:107B40000CC022E0A216B10441F4CC0CDD1C0C29BF
:107B50001D29088319839A8203C0188219821A8208
:107B60008FE78D8381E090E0DF91CF911F910F919E
:107B7000FF90EF90DF90CF90BF90AF909F908F904D
:107B80007F906F905F904F903F9008958F929F925B
:107B9000AF92BF92EF92FF920F931F93CF93DF9319
:107BA00000D000D0CDB7DEB767FD62C0F901242F49
:107BB000F82EAF01CE010196E3DD892B09F458C000
:107BC0006E2D70E080E090E00E94154A20E030E0E9
:107BD0004EEF52E40E947A494B015C016B8170E0E8
:107BE00080E090E00E94154AA50194010E94254B77
:107BF0000E94E749162F6E8170E080E090E00E94BD
:107C0000154AA50194010E94254B0E94E7499981DC
:107C10005A81937E4C81ED80437EEFE0F0E0EF19D6
:107C2000F109EE0FFF1FE753FE4D20E030E00FEFAC
:107C3000A12FB0E09095509570E04095E094808140
:107C4000836E808301832A173B071CF4892380837A
:107C500051832617370734F4808184238083818100
:107C60008E218183B0962F5F3F4F2035310539F744
:107C70002696CDBFDEBFDF91CF911F910F91FF9070
:107C8000EF90BF90AF909F908F900895EF920F93D9
:107C9000E091BC2FF0E0EE5DFC4FE49077DF0F91B8
:107CA000EF9008958F929F92AF92BF92CF92DF9202
:107CB000EF92FF921F93CF93DF93182F6A017B01FE
:107CC000CB01AA27BB27C82F852E962EA72EBB2413
:107CD000D82D642F4091002050910120425A5340EA
:107CE000C9F43CE8839FC0011124EFEFF0E0BF012D
:107CF0000E94484DC62F35EF839EC0011124BF015D
:107D00000E94484DD62F3BEEC39EC0011124BF01F7
:107D10000E94484D2223A9F030E021503109C29F32
:107D2000C001C39F900D1124C92FD29FC001D39FC2
:107D3000900D1124D92F629FC001639F900D1124D3
:107D4000692FEFE0F0E0E11BF109EE0FFF1FE753B1
:107D5000FE4D90E08081292F220F261718F08C61AC
:107D6000808303C08B7F886180832C1718F4808107
:107D7000877F80832D1718F480818F7E8083B09653
:107D80009F5F903539F7DF91CF911F91FF90EF9072
:107D9000DF90CF90BF90AF909F908F900895EFE0CD
:107DA000F0E0E81BF109EE0FFF1FE753FE4D90E0F6
:107DB0002FEF607E609570958081836E8083218334
:107DC000941718F4862380837183B0969F5F903553
:107DD00099F70895E091BC2FF0E0EE5DFC4F4491DF
:107DE000DECF242FE82FF0E0EB54FE4D6083E091CE
:107DF0000020F091012093E0699FE00DF11D112416
:107E000045915591659174914DCFE091E52BF0E04E
:107E1000EE5DFC4F4491E5CF660F362F30956F5FD6
:107E2000EFE0F0E0E81BF109EE0FFF1FE753FE4D16
:107E300090E08081292F220F261718F0836080831D
:107E400003C08E7F82608083231718F480818D7F2A
:107E50008083B0969F5F903561F708952091E83850
:107E600030E048E050E0481B5109C90102C0959537
:107E700087954A95E2F7817008956091E83890916E
:107E8000C821691B90E2699FB001112428E030E00D
:107E9000281B310902C0759567952A95E2F770E0B5
:107EA00080E090E00E94154A27E53FEC49E45DE35D
:107EB0000E94254B0E94D44B20E030E04CEF52E46E
:107EC0000E94254B0E94E74980E8860F08954F9253
:107ED0005F926F927F928F929F92AF92BF92CF925A
:107EE000DF92EF92FF920F93CF93DF93C82F44233B
:107EF00009F4E1C1842FD62F9FEF940F9830D8F466
:107F0000ADDF811105C020E040E050E0BA01C2C100
:107F1000EC2FF0E0EB54FE4D8081E0910020F091D9
:107F2000012023E0829FE00DF11D11244591559120
:107F300065917491AEC197EF940F9830B0F488506A
:107F40009CDFEC2FF0E0EB54FE4D9081E09100209F
:107F5000F091012023E0929FE00DF11D1124459145
:107F6000559165917491282F95C19FEE940F903291
:107F7000C8F4EC2FF0E0EB54FE4D9081E09100202E
:107F8000F091012023E0929FE00DF11D1124459115
:107F9000559165917491E82FF0E0EF50FD4F2491D9
:107FA000220F78C19FEC940F983008F052C0FC2E3D
:107FB00090E1699FF00C1124805350DF6C2F70E02A
:107FC0002F2D30E0ED2FF0E0811121C08FE0829F56
:107FD000D001839FB00D1124A45FBB4C1C962C9143
:107FE0001C9730E041E08C91811101C040E0D4E069
:107FF000EE0FFF1FDA95E1F7E457FD4CE60FF71F90
:10800000E12C1B960C9160818C2FC0DD54C18FE058
:10801000829FD001839FB00D1124A45FBB4C1C969E
:108020002C911C9730E041E08C91811101C040E01F
:1080300054E0EE0FFF1F5A95E1F7E457FD4CE60FB1
:10804000F71FEE24EA941B960C9160818C2F9EDD25
:1080500032C197EC940F983028F587530EDFAC2F80
:1080600020E1D29FA00D11249FE0A99FD0011124EF
:10807000A45FBB4C1C962C911C9730E041E09C9176
:10808000911101C040E090E1D99FF0011124E45723
:10809000FD4CEC0FF11DE82E1B960C9160818C2F8E
:1080A00075DD09C19FEB940F903240F5E42FF0E0AD
:1080B000EF53FD4FE490EE0CAC2F20E1629FA00D3A
:1080C00011248FE0A89FD0011124A45FBB4C1C9603
:1080D0002C911C9730E041E08C91811101C040E06F
:1080E00090E1D99FF0011124E457FD4CEC0FF11DF4
:1080F0001B960C9160818C2F49DDDDC04F3709F054
:10810000DAC0D091E8386D2F70E080E090E00E94F6
:10811000154A29E334EB48E45DE30E94254B0E94B5
:10812000D44B6B017C0165E56D0F70E080E090E061
:108130000E94154A29E334EB48E45DE30E94254B95
:108140000E94D44B2B013C016AEA6D0F70E080E085
:1081500090E00E94154A29E334EB48E45DE30E9475
:10816000254B0E94D44B4B015C0120E030E04CEFEA
:1081700052E4C701B6010E94254B0E94E749C62E72
:10818000D12C20E8C20ED11C0D2C000CEE08FF08EB
:108190007601DD24CC2420E030E04CEF52E4C30132
:1081A000B2010E94254B0E94E749462F50E04058FB
:1081B0005F4F052E000C660B770B762F652F542F23
:1081C0004427C40ED51EE61EF71E20E030E04CEF1B
:1081D00052E4C501B4010E94254B0E94E749462F95
:1081E00050E040585F4F052E000C660B770BC40E15
:1081F000D51EE61EF71E6E2D70E080E090E00E9416
:10820000134A20E030E04FE753E40E947A4920E02F
:1082100030E040EA50E40E94884B2B013C016D2D78
:1082200070E080E090E00E94134A20E030E04FE7E9
:1082300053E40E947A4920E030E040E250E40E949A
:10824000884B4B015C01DD24EE24FF2420E030E06C
:108250004FE753E4C301B2010E94254B0E94E74956
:108260003B015524442420E030E04FE753E4C501AE
:10827000B4010E94254B0E94E7494427562F672FDF
:10828000782F44295529662977294C295D296E299B
:108290007F2920E08C2FDF91CF910F91FF90EF90FD
:1082A000DF90CF90BF90AF909F908F907F906F9016
:1082B0005F904F90F7CCDF91CF910F91FF90EF90AF
:1082C000DF90CF90BF90AF909F908F907F906F90F6
:1082D0005F904F9008952F923F924F925F926F92CE
:1082E0007F928F929F92AF92BF92CF92DF92EF9246
:1082F000FF920F931F93CF93DF93CDB7DEB72897ED
:10830000CDBFDEBF4B015C0133DA8091A2008160FA
:108310008093A20081E08093660600EA1FEF80EC64
:10832000682E77247A9490EEE92EFF24FA94C12CDB
:10833000D12C80E8C816D104DCF4B6010D2C000C59
:10834000880B990B0E94154A2AE135EA4AEC5CE356
:108350000E94254B0E94D44B20E030E04FE753E4CD
:108360000E94254B0E94E74933243394360E02C005
:108370003324339490E8E916F104D8F4B7010F2CB4
:10838000000C880B990B0E94154A2AE135EA4AEC49
:108390005CE30E94254B0E94D44B20E030E04FE785
:1083A00053E40E94254B0E94E74944244394460E1F
:1083B00002C04424439480E868167104D0F4B301E9
:1083C000072C000C880B990B0E94154A2AE135EA0C
:1083D0004AEC5CE30E94254B0E94D44B20E030E045
:1083E0004FE753E40E94254BF2D755245394560E81
:1083F00002C05524539400381105C8F4B801012E69
:10840000000C880B990B0E94154A2AE135EA4AECC8
:108410005CE30E94254B0E94D44B20E030E04FE704
:1084200053E40E94254BD3D76F5F688702C091E069
:108430009887232C2694842D86958C83952D96954C
:108440009D83888586958E831F82232DB501A40187
:108450008F8128DC9F819C5F9983242DB501A40125
:10846000892F20DC8F81885F8A83252DB501A401A7
:1084700019DC9F81945F9B832885B501A401892F16
:1084800011DC422D60EE7FEF8F8189DC4C8160EE44
:108490007FEF898184DC4D8160EE7FEF8A817FDC14
:1084A0004E8160EE7FEF8B817ADC8F818F5F8F83CF
:1084B000843059F69FEFC91AD90A8FEFE81AF80AE3
:1084C0009FEF691A790A0F5F1F4F8FE39FE10197B2
:1084D000F1F700C000000038110509F02ACF2896F6
:1084E000CDBFDEBFDF91CF911F910F91FF90EF9035
:1084F000DF90CF90BF90AF909F908F907F906F90C4
:108500005F904F903F902F900895CF92DF92EF921F
:10851000FF920F931F93CF93DF93909115219111A9
:1085200041C0C82FD0E0CC0FDD1FCC0FDD1F843041
:1085300018F4CB56DF4D02C0CB58DF4D182F00E0AA
:1085400021E040E050E0BA01802FACDB60E070E059
:10855000802F40DC0F5F003199F77E0184E0E80E48
:10856000F11C6E0120E04FEF50E060E070E0888188
:1085700099DB60EC7BEF89912DDC6FE7F601808160
:108580004BDCCE15DF0569F710931D201092C72133
:108590001092C5211092C6218CE390E08093B32104
:1085A0009093B421DF91CF911F910F91FF90EF90A5
:1085B000DF90CF9008952F923F924F925F926F92EB
:1085C0007F928F929F92AF92BF92DF92EF92FF9233
:1085D0000F931F93CF93DF93CDB7DEB76497CDBFD3
:1085E000DEBF80E1E0E5F0E2DE01119601900D9240
:1085F0008A95E1F7CE0101961C01D12CE0909E21D5
:10860000F0909F21D1018D911D018701169507954D
:10861000B0E18B9F000D112410E0B801012E000C79
:10862000880B990B02D720ED3FE049EC5CE30E94F8
:10863000254B0E94D44B2B013C01B8016B5A7F4F54
:10864000072E000C880B990BF0D620ED3FE049EC8B
:108650005CE3FBD70E94D44B4B015C01B80166552B
:108660007F4F072E000C880B990BDFD620ED3FE0E3
:1086700049EC5CE3EAD70E94D44B698B7A8B8B8BF5
:108680009C8B20E030E04EEF52E4C301B201DDD715
:108690009ED680E8860F482E512C612C712C320119
:1086A0005524442420E030E04EEF52E4C501B401EB
:1086B000CCD78DD66058562A20E030E04EEF52E4F9
:1086C00069897A898B899C89C0D781D66058D30102
:1086D000C201862BAC01BD0120E08D2DE3DAD394DD
:1086E00090E1D9128BCFAFEFEA1AFA0AE0929E21FD
:1086F000F0929F216496CDBFDEBFDF91CF911F9195
:108700000F91FF90EF90DF90BF90AF909F908F9070
:108710007F906F905F904F903F902F900895CF93F0
:108720008091A021882321F0813081F4CF9143CF23
:10873000C0E021E040E050E0BA018C2FB3DA60E005
:1087400070E08C2F47DBCF5FC03199F7CF91089550
:1087500010929A2110929B2110929C2110929D219F
:10876000109299210C943E3580911B2090911C20F1
:108770009C01322F22273295330F307E8227932798
:108780009C01232F33272695822793279C0136951A
:10879000322F2227379527958227932780931B20F6
:1087A00090931C2008950F931F93CF93DF93C2EAF9
:1087B000D1E200E01881112351F0D6DF8F739927A1
:1087C000892B21F41150188301E001C001E02196AA
:1087D00081E2C23BD80771F7C091B221CC2319F1D5
:1087E0008091B3219091B421892BE9F4BDDF8F7082
:1087F000E82FF0E0EE55FE4D8081811114C0DFEFCF
:10880000D083B2DF8F709927FC01EE55FE4DD083E7
:10881000ABDF8F77992740968093B3219093B42153
:10882000C150C093B221802FDF91CF911F910F9142
:1088300008957F928F929F92AF92BF92CF92DF92D4
:10884000EF92FF920F931F93CF93DF93CDB7DEB7D5
:108850006097CDBFDEBF8093B221DE011196E2EAC0
:10886000F1E211921D9241E2E23BF407D1F77CDF85
:108870008F709927FC01EE55FE4D8FEF808374DFDA
:108880008F77992740968093B3219093B42142E04B
:10889000742E89DF882309F45CC08E010F5F1F4F9F
:1088A00032EAE32E31E2F32ED12CF701C1907F01A1
:1088B000F8018081C81609F445C05C2D550FC7FE2C
:1088C00015C0579D9001351B11244EEF430F642FA7
:1088D00070E080E090E0FCE25F9F9001112423EDC6
:1088E000230F822E912CA12CB12C10C04EEF549F3F
:1088F00090011124632F70E080E090E0E3ED5E9F33
:1089000090011124832E912CA12CB12C8CD520E028
:1089100030E04FE753E4EED420E030E040EA50E4AA
:10892000F7D620E030E04FE753E48FD650D55527F7
:108930004427482959296A297B292EEF8D2DB2D940
:10894000F801C082D3940F5F1F4FF0E1DF12ADCF6B
:10895000A0CF6096CDBFDEBFDF91CF911F910F9169
:10896000FF90EF90DF90CF90BF90AF909F908F904F
:108970007F9008958091E8388093C82108956F9280
:108980007F928F929F92AF92BF92CF92DF92EF929F
:10899000FF920F931F93CF93DF9380911E209091AE
:1089A0001F20889680931E2090931F208093680834
:1089B000909369088091D22B9091D32BA091D42BC6
:1089C000B091D52B0196A11DB11D8093D22B909310
:1089D000D32BA093D42BB093D52B81E08093450665
:1089E00080E140E050E820E030E092E090934606DD
:1089F0006091480662FD02C0BA0102C060E070E00A
:108A0000262B372B5695479590934506815071F745
:108A10008091CA2B90E0FC01EE0FFF1FE85EF64C40
:108A20002083318301966AE070E00E945C4D809360
:108A3000CA2B90E160E070E000E010E020E030E858
:108A400082E0809346064091480642FF02C0A90199
:108A500002C040E050E0642B752B80934506809364
:108A600046064091480642FF02C0A90102C040E00C
:108A700050E0042B152B3695279580934506915091
:108A800001F781E080934606A090D02BB090D12BC7
:108A9000E090CE2BF090CF2B98E0692E99E3792EC1
:108AA000A8EFB8E3EBECFFE222E33CE241E050E068
:108AB00099249A94C80184239523892B11F480E08A
:108AC00001C084E06B01C422D522CD2811F490E0CE
:108AD00001C098E0882483946501C422D522CD2862
:108AE00009F4812C8829982B6701C422D522CD282E
:108AF00011F480E001C082E0892B082E000C990B54
:108B00008B559F4DEC018881E301882311F0823859
:108B10003CF48881843608F050C08F5F88834DC054
:108B200087FF24C0888190E001968630910564F02B
:108B3000DC90DA94DC92C080D1808C0D9D1D808306
:108B40009183E901988237C0E901D880DFEFDD1217
:108B50000AC0DC90DA94DC92C080D1808C0D9D1D1F
:108B60008083918328C0E901988225C0888190E0A4
:108B70000196863091056CF0DC90D394DC92C08035
:108B8000D1808C0D9D1D8083918381E0E9018883D4
:108B900012C0E901D880D1E0DD120AC0DC90D39484
:108BA000DC92C080D1808C0D9D1D8083918303C099
:108BB00081E0E9018883E3011882440F551FDFEF4C
:108BC0006D1A7D0A119632962F5F3F4F88E1681625
:108BD00089E3780609F06ECF0093D02B1093D12B48
:108BE0006093CE2B7093CF2BDF91CF911F910F917C
:108BF000FF90EF90DF90CF90BF90AF909F908F90BD
:108C00007F906F900895E0E4F8E08781837F878309
:108C1000878187831092CB2BE091CC2BF091CD2BC9
:108C20001994CF93DF93E0E0F6E044E0428322E042
:108C3000228331E0328368E0628390E1928350E2E4
:108C40005283A0EBB0E04C9388E1808B2C93808B17
:108C50003C93808B6C93808B9C93808B5C93808BFC
:108C6000C0E4D6E0398329834A833D832E83E8EF2D
:108C7000F8E3DF01892F1D928A95E9F7E2E3FCE230
:108C8000DF011D929A95E9F740E250E06FEF70E046
:108C90008BEC9FE283D710922C3910922D391092D1
:108CA000F3381092F4381092303910923139109212
:108CB0002E3910922F391092F7381092F638109200
:108CC00032391092F53880E498E00E944C0C6FEB3A
:108CD00074E480E498E00E948D0C63E076E480E424
:108CE00098E00E94B90CE0E4F8E08181887F8183FC
:108CF00088E290E080A791A787818C7F8783878116
:108D0000836087838781837F878387818783789444
:108D10008081807F876080831092D22B1092D32B2A
:108D20001092D42B1092D52B80E48983DF91CF91C0
:108D300008952091CB2B21111DC021E02093CB2B36
:108D40008093CC2B9093CD2B8091600890916108FB
:108D5000680F791F60936A0870936B0880914708C9
:108D6000837F8093470880914708886080934708F5
:108D700081E0089580E008951092CB2BE0E4F8E0C4
:108D80008781837F87838781878381E00895E82FA8
:108D9000F0E0E850F74C808110820895E82FF0E071
:108DA000EE0FFF1FE553F04D8081918110821182FB
:108DB0000895E8E1F9E380E090E021913191822B80
:108DC000932B29E3EC32F207C1F78093F3389093A9
:108DD000F43820912C3930912D39AC0140955095C3
:108DE00042235323409330395093313920953095A5
:108DF0002823392320932E3930932F3980932C390F
:108E000090932D3908958091F3389091F438089516
:108E100080912E3990912F39089580913039909119
:108E2000313908959091080692FB992790F981E0D5
:108E300098278091080681FF92608091080680FF44
:108E400094608091080683FF98608091080684FFF3
:108E500090618091080685FF90622091C92B30E0D7
:108E6000F901E751F74C9083C90101966AE070E07F
:108E700023D68093C92BE9EEF8E380E09191892B0A
:108E800098E3E33FF907D1F78093F7389091F638EC
:108E9000282F209529232093323990959823909359
:108EA000F5388093F63890E008958091F73890E097
:108EB00008958091F53890E008958091323990E0DE
:108EC0000895E82FF0E0E85FF64C81E09081943659
:108ED00008F080E00895CF92DF92EF92FF920F9317
:108EE0001F93CF93DF9300D01F92CDB7DEB7809151
:108EF000EF2F843009F090C00E94C1268230910586
:108F000009F442C018F4019779F049C08330910503
:108F100009F440C0049709F042C00E946A240E94EC
:108F2000F2210E94EE1E3BC02091A1212223D1F00C
:108F300080919921811116C0C0909A21D0909B21D7
:108F4000E0909C21F0909D2130E0A0E6BAEE0ED694
:108F5000C616D706E806F90628F081E08093992125
:108F60000E94B83B0E94C43680919921882311F059
:108F7000D6DB0DC016E00E94CB26811102C00E94F4
:108F8000BC2D1150C1F703C080E00E94AD2B0E94A0
:108F9000E02805C081E00E94AD2B0E94E0280E94DD
:108FA00047388823B1F18091C2389091C3380E942C
:108FB00034130E949F148091A2008C7F8093A200A2
:108FC00000E010E0E12CF12CBE016F5F7F4F80913B
:108FD000C2389091C3380E94471381110BC00F5FB4
:108FE0001F4F0837110590F4A895E11482E0F806A8
:108FF00058F30CC08FEFE81AF80A69817A818B81E7
:109000009C810E94EC3900E010E0EFCF87E0809374
:10901000A20081E08093D62B2496CDBFDEBFDF91E6
:10902000CF911F910F91FF90EF90DF90CF90089517
:1090300052DF0E949F14A8951092D62B0895EF92AC
:10904000FF920F931F93CF93DF93CDB7DEB728978F
:10905000CDBFDEBF88E0E0E6F0E2DE0111960190D0
:109060000D928A95E1F782E28093C43883E0809381
:10907000C538CE0101967C0104EC18E3F70161913B
:109080007F0170E082E00E949206382F32953F7097
:10909000282F2F70832F90E03A3010F0C79601C030
:1090A000C096F80182839383822F90E02A3010F0DB
:1090B000C79601C0C096F801848395830C5F1F4F4B
:1090C000F8E3043E1F07D1F62896CDBFDEBFDF913F
:1090D000CF911F910F91FF90EF90089580E18093C1
:1090E0005500809150008061809350008091510024
:1090F00084FFFCCF8FB7F89494E028ED30E0A0E433
:10910000B0E01BBEFD0124BF90838FBF8FE39FE1C2
:109110000197F1F700C0000080914000809150005D
:109120008260809350008091510081FFFCCF80913C
:10913000560084608093560080E8809365008BEB36
:109140008093660082E08093CA01EDE1F0E0E49153
:10915000E0936200ECE1F0E0E491E09363001092B0
:10916000CA0181E08093600087E08093A20067DFFE
:109170000C947C18B3DF0E9495120E94EE1051DD12
:109180000E9430380E94A7290E94BA260E94333BD1
:109190000E941A1A0E94B43B0E94B83B2FEF89EF3D
:1091A00090E0215080409040E1F700C000000E9414
:1091B0001D19FFDD8930904921F40E94B612C0E0EC
:1091C0000CC0F7DD8115904FD1F76FEF82E090E092
:1091D0000E944E060E941D19F2CF8C2FD8DD8C2FD5
:1091E000DDDDCF5FC031C9F723DFFECF8091C2380C
:1091F0009091C3380E94D212882389F00E94B03B1C
:1092000086E017DB81E090E00E94C6260E943E3592
:10921000A89588E090E00E94370E0C944D0E0895BA
:1092200008955058BB27AA270ED0D1C1C2D130F023
:10923000C7D120F031F49F3F11F41EF4B7C10EF4F2
:10924000E095E7FB9FC1E92FD3D180F3BA176207FE
:1092500073078407950718F071F49EF5EBC10EF4BF
:10926000E0950B2EBA2FA02D0B01B90190010C0136
:10927000CA01A0011124FF27591B99F0593F50F44E
:10928000503E68F11A16F040A22F232F342F4427A6
:10929000585FF3CF469537952795A795F04053959E
:1092A000C9F77EF41F16BA0B620B730B840BBAF06E
:1092B0009150A1F0FF0FBB1F661F771F881FC2F7D9
:1092C0000EC0BA0F621F731F841F48F487957795ED
:1092D0006795B795F7959E3F08F0B3CF9395880FA4
:1092E00008F09927EE0F97958795089527D108F4F0
:1092F00081E008950CD06BC163D140F05AD130F0B9
:1093000021F45F3F19F03EC1511195C14FC170D199
:1093100098F39923C9F35523B1F3951B550BBB273C
:10932000AA2762177307840738F09F5F5F4F220FE9
:10933000331F441FAA1FA9F333D00E2E3AF0E0E8E2
:1093400030D091505040E695001CCAF729D0FE2F2E
:1093500027D0660F771F881FBB1F261737074807C0
:10936000AB07B0E809F0BB0B802DBF01FF27935876
:109370005F4F2AF09E3F510568F004C15CC15F3F1A
:10938000ECF3983EDCF3869577956795B795F7955E
:109390009F5FC9F7880F911D9695879597F9089556
:1093A000E1E0660F771F881FBB1F621773078407F2
:1093B000BA0720F0621B730B840BBA0BEE1F88F701
:1093C000E095089504D06894B11135C1089518D17D
:1093D00088F09F5790F0B92F9927B751A0F0D1F09E
:1093E000660F771F881F991F1AF0BA95C9F712C028
:1093F000B13081F01FD1B1E008951CC1672F782FE3
:109400008827B85F39F0B93FCCF386957795679593
:10941000B395D9F73EF490958095709561957F4FFF
:109420008F4F9F4F0895E89409C097FB3EF49095A5
:109430008095709561957F4F8F4F9F4F9923A9F02D
:10944000F92F96E9BB279395F695879577956795BC
:10945000B795F111F8CFFAF4BB0F11F460FF1BC000
:109460006F5F7F4F8F4F9F4F16C0882311F096E993
:1094700011C0772321F09EE8872F762F05C0662341
:1094800071F096E8862F70E060E02AF09A95660FFA
:10949000771F881FDAF7880F9695879597F90895B3
:1094A00088D018F011F08CD038F480C0C4C0E92FF7
:1094B0009FD0B0F35523C9F3E7FB62177307840706
:1094C0009507A8F199F3E92FFF2788232AF0319710
:1094D000660F771F881FDAF7952F5527442332F040
:1094E00091505040220F331F441FD2F7BB27E91B76
:1094F000F50B621B730B840BB109C1F222F4620FEE
:10950000731F841FB11D31972AF0660F771F881FC4
:10951000BB1FEFCF915050405AF041F0882332F0FA
:10952000660F771F881F91505040C1F7939530C048
:109530008695779567959F5FD9F7F8CF990F0008C3
:10954000550FAA0BE0E8FEEF16161706E807F90715
:10955000C0F012161306E407F50798F0621B730BB0
:10956000840B950B39F40A2661F0232B242B252B31
:1095700021F408950A2609F4A140A6958FEF811DD4
:10958000811D089597F99F6780E870E060E0089575
:109590009F3F31F0915020F4879577956795B79567
:1095A000880F911D9695879597F908959FEF80EC08
:1095B000089500240A941616170618060906089539
:1095C00000240A9412161306140605060895092E9F
:1095D0000394000C11F4882352F0BB0F40F4BF2B0E
:1095E00011F460FF04C06F5F7F4F8F4F9F4F08954E
:1095F00057FD9058440F551F59F05F3F71F0479544
:10960000880F97FB991F61F09F3F79F08795089528
:10961000121613061406551FF2CF4695F1DF08C047
:10962000161617061806991FF1CF86957105610564
:1096300008940895E894BB2766277727CB0197F90C
:1096400008957CDF08F48FEF08950BD0C0CFB1DF11
:1096500028F0B6DF18F0952309F094CFA7CF112496
:10966000EACFC6DFA0F3959FD1F3950F50E0551FC9
:10967000629FF001729FBB27F00DB11D639FAA2767
:10968000F00DB11DAA1F649F6627B00DA11D661FB6
:10969000829F2227B00DA11D621F739FB00DA11DD7
:1096A000621F839FA00D611D221F749F3327A00D91
:1096B000611D231F849F600D211D822F762F6A2F2D
:1096C00011249F5750408AF0E1F088234AF0EE0FB2
:1096D000FF1FBB1F661F771F881F91505040A9F7BF
:1096E0009E3F510570F04ECFA6CF5F3FECF3983E02
:1096F000DCF3869577956795B795F795E7959F5F26
:10970000C1F7FE2B880F911D9695879597F90895BF
:10971000FA01EE0FFF1F30962105310599F1611511
:10972000710561F48038BFE39B0749F16894903874
:10973000810561F08038BFEF9B0741F0992342F526
:10974000FF3FE1053105210511F1E8940894E79503
:10975000D901AA2329F4AB2FBE2FF85FD0F310C094
:10976000FF5F70F4A695E0F7F73950F019F0FF3A73
:1097700038F49F779F930CD00F9007FC9058089572
:109780003EF014CF60E070E080E89FE308954FE77B
:109790009F775F934F933F932F93DDD02F913F910E
:1097A0004F915F9152DF0BC09F935BD00F9007FCEE
:1097B000EE5F7EC019F40EF0E5CE3CCFF7CE20DF91
:1097C000C8F39638C0F707F80F92E8942BE33AEA0B
:1097D00048EB5FE748DF0F920F920F924DB75EB7ED
:1097E0000F92F9D0E2E6F2E016D04F915F91EF913F
:1097F000FF91E595EE1FFF1F49F0FE57E0684427F3
:10980000EE0F441FFA95E1F74195550B6BD00F9081
:1098100007FE5FC00895DF93CF931F930F93FF92CE
:10982000EF92DF927B018C01689405C0DA2EEF0184
:1098300018DFFE01E894A591259135914591559148
:10984000AEF3EF0100DDFE019701A801DA9479F78C
:10985000DF90EF90FF900F911F91CF91DF910895CE
:10986000A5CECEDEE8F3E894E0E0BB279F57F0F00A
:109870002AED3FE049EC06C0EE0FBB0F661F771FD5
:10988000881F28F0B23A62077307840728F0B25A9B
:10989000620B730B840BE3959A9572F7803830F462
:1098A0009A95BB0F661F771F881FD2F7904872CE1C
:1098B000EF93E0FF06C0A2EA2AED3FE049EC5FEB40
:1098C000C2DC85DE0F90039401FC9058EAE8F2E0D8
:1098D000B5C09B01AC0160E070E080E89FE30ACD79
:1098E00051CE56CE8DDEE8F39923D9F3940F511D56
:1098F000BBF39150504094F059F0882332F0660F3A
:10990000771F881F91505040C1F79E3F510544F783
:10991000880F911D9695879597F908955F3FACF054
:10992000983E9CF0BB27869577956795B79508F488
:10993000B1609395C1F7BB0F58F711F460FFE8CF02
:109940006F5F7F4F8F4F9F4FE3CF75CE0EF020CECE
:109950002DCE689417CE54DEC8F39923D1F3C6F305
:10996000DF93CF931F930F93FF92C92FDD27882397
:109970002AF02197660F771F881FDAF720E030E082
:1099800040E85FEB9FE3883920F0803E30F021967D
:109990008F7748DCE8EAF2E003C044DCE5EDF2E072
:1099A0003ADF8B01BE01EC01FB2E6F5771097595F3
:1099B000771F880B990B39DD28E132E741E35FE33C
:1099C00050DEAF2D9801AE01FF900F911F91CF9106
:1099D000DF9139DCFCCDFA01DC01AA0FBB1F9B0132
:1099E000AC01BF5728F422273327442750781FC0E3
:1099F000B75188F4AB2F0024469537952795011C65
:109A0000A395D2F3002069F0220F331F441FB395B2
:109A1000DAF30DD006CC61307105A0E88A07B946AB
:109A200030F49B01AC016627772788279078309621
:109A300021F0208331834283538308959F938F9332
:109A40007F936F93FF93EF939B01AC01FEDDEF914A
:109A5000FF91E1DE2F913F914F915F91F6CD991BE0
:109A600079E004C0991F961708F0961B881F7A9515
:109A7000C9F78095089587FB082E062687FD8195F6
:109A800067FD6195ECDF0EF4919507FC81950895D3
:109A9000AA1BBB1B51E107C0AA1FBB1FA617B70714
:109AA00010F0A61BB70B881F991F5A95A9F7809530
:109AB0009095BC01CD01089597FB072E16F40094F4
:109AC00006D077FD08D0E4DF07FC05D03EF4909582
:109AD00081959F4F0895709561957F4F0895A1E2FC
:109AE0001A2EAA1BBB1BFD010DC0AA1FBB1FEE1F18
:109AF000FF1FA217B307E407F50720F0A21BB30B63
:109B0000E40BF50B661F771F881F991F1A9469F7DE
:109B100060957095809590959B01AC01BD01CF013A
:109B20000895052E97FB16F400940FD057FD05D02D
:109B3000D6DF07FC02D046F408C05095409530951A
:109B400021953F4F4F4F5F4F0895909580957095A9
:109B500061957F4F8F4F9F4F0895EE0FFF1F881F16
:109B60008BBF0790F691E02D1BBE1994A29FB00108
:109B7000B39FC001A39F700D811D1124911DB29F41
:109B8000700D811D1124911D0895FB01DC0102C09F
:109B900001900D9241505040D8F70895DC0101C06A
:0E9BA0006D9341505040E0F70895F894FFCFC8
:109BAE002205FE0001114C320182400000010140ED
:109BBE00000001000500093D000001938DFF7D00AE
:109BCE0008090A0B0C0D1012F000017905010000B6
:109BDE00000000000000F7F07E7F0602000179050C
:109BEE0000010020260702F7191919190554350D21
:109BFE000605040305040302040302010302010027
:109C0E0008090A0B0C0D10120008040201000402D0
:109C1E000100C000380007E000321960180001038F
:109C2E00050A141E3C000104050203060708090C70
:109C3E000D0A0B0E0F0004080C0105090D02060A91
:109C4E000E03070B0F00FF0181010081FFFF810052
:0E9C5E00018101FF0045170FC2497B6F4400D2
:00000001FF
