:100000000AC400004EC400004CC400004AC40000F2
:1000100048C4000046C40000D3C4000004C500006A
:1000200035C5000066C500003CC400003AC40000AD
:1000300038C4000036C400007FC60000B5C600000A
:10004000EBC6000021C7000057C700008DC70000A5
:10005000C3C70000F9C700000C945C080C94940816
:1000600020C400001EC400001CC400001AC400000C
:1000700018C4000016C4000014C4000012C400001C
:1000800010C400000EC400000CC400000AC400002C
:1000900008C4000006C4000004C4000002C400003C
:1000A00000C40000FEC30000FCC30000FAC300004F
:1000B000F8C30000F6C30000F4C300000C94FC0A6F
:1000C0000C94340B0C946C0B0C94A40B0C94DC0B64
:1000D0000C94140CE6C30000E4C30000E2C300006B
:1000E000E0C30000DEC30000DCC30000DAC3000090
:1000F000D8C30000D6C30000D4C30000D2C30000A0
:10010000D0C30000CEC30000CCC30000CAC30000AF
:10011000C8C30000C6C30000C4C30000C2C30000BF
:10012000C0C30000BEC30000BCC30000BAC30000CF
:10013000B8C300000C94CC080C9404090C943C093E
:100140000C9474090C94AC090C94E4090C941C0AEA
:100150000C94540A0C948C0A0C94C40AA2C3000098
:10016000A0C300009EC300009CC300009AC300000F
:1001700098C3000096C3000094C3000092C300001F
:1001800090C300008EC300008CC300008AC300002F
:1001900088C3000086C3000084C3000082C300003F
:1001A00080C300007EC300007CC300007AC300004F
:1001B00078C3000076C3000074C3000072C300005F
:1001C00070C300006EC300006CC300006AC300006F
:1001D00068C3000066C3000064C3000062C300007F
:1001E00060C300005EC300005CC300005AC300008F
:1001F00058C300000C94B21854C30000A613C513D2
:100200009114C51391140414181491146A147314DE
:100210004B2763278027A027C127CB27EA27DA2788
:10022000F42702281228432860287D289A28DC28F1
:10023000DC28DC28DC28B7282533D0322533D0321F
:100240009533DD333735FC3393346E3A733A783A6D
:100250007D3A483A303A813A503A813A813A813A85
:10026000103A07634236B79BD8A71A39685618AEBA
:10027000BAAB558C1D3CB7CC5763BD6DEDFD753EDB
:10028000F6177231BF000000803F05A84CCDB2D4F4
:100290004EB93836A9020C50B9918688083CA6AAF6
:1002A000AA2ABE000000803F08000000BE92244938
:1002B000123EABAAAA2ABECDCCCC4C3E0000008098
:1002C000BEABAAAAAA3E00000000BF000000803F0B
:1002D0000000000000084178D3BB4387D1133D19CB
:1002E0000E3CC3BD4282AD2B3E68EC8276BED98FF8
:1002F000E1A93E4C80EFFFBE01C4FF7F3F0000003C
:1003000000000101020202020303040505060708BA
:100310000A0B0D0F1215181C21262C333C46515E7A
:100320006E7F0101010101010101010101020202CF
:100330000202020202020202020202030303030398
:100340000303030404040404040405050505050669
:1003500006060606070707080808080909090A0A21
:100360000B0B0B0C0C0D0D0E0E0F101011111213A8
:1003700014141516171819191A1C1D1E1F202123D5
:10038000242527282A2B2D2F31333537393B3D4063
:100390004245474A4D5053565A5D6164686C7175C9
:1003A0007A7F0000001E1E1E7F7F7FFFFFFF4C4CE8
:1003B000FF0000FF00007F00001E6CBDFF0054FF27
:1003C000001D59001B274CFFFF00FFFF005959007B
:1003D00019194CFF8800FF5400591C002B144CFFC6
:1003E0004C00FF00007F000019005EFF4C19FF0069
:1003F0000D590002190088FF4C56F6281F680B1390
:100400002400B7FF4C99FF002B5900121900FFC3BD
:100410004CFFA900524100191000FF884CFF550005
:100420001D5900190800FF4C4CFF00007F00001E02
:100430000000FF4C87FF005464001930000FFF4C90
:10044000FFFF00FF590059190019874CFF5400FFA6
:100450001D00591300220015FF0035990051790045
:1004600064430039033557007F5400FF00004F45B7
:1004700000CC00257F7F7F2020200000FF2DFFBDC6
:1004800006EDAF09FF64008B1087FF00FFA900FF96
:100490002A00FF003FFF007A7E1AB2002140004A86
:1004A000FF06E18815FF7200FF0026FF3B71FF5930
:1004B000CCFF38FF8A5BC65131E97F87FF1DD35DD2
:1004C00000FF007FFF004CB900FF90075D83002B09
:1004D00039104C1438500D2A15155A20161C3C6939
:1004E0000A00A83D51DE1C6AD826E1FF2FE19E0FCD
:1004F000B567301E1E6BFFDCBDFF80FF999AFF665B
:100500008E404040757575FFFFE00000A00000358B
:1005100000D01A004207004CB900313F005FB3021F
:10052000154B000000FF0000FF0000FF0100FF036B
:1005300000FF0600FF0900FF0E00FF1400FF1C0073
:10054000FF2500FF2C00FF3800FF4700FF5500FF8C
:100550006700FF7B00FF8900FFA000FFBA00FFD605
:1005600000FFF200FAFF00EDFF00E1FF00D4FF0002
:10057000C7FF00BFFF00B2FF00A5FF0099FF008C7E
:10058000FF007FFF0077FF006AFF005DFF0050FF64
:100590000043FF003BFF002EFF0021FF0015FF007E
:1005A00008FF0000FF0000FF0000FF0000FF000048
:1005B000FF0000FF0000FF0000FF0000FF0200FF3F
:1005C0000300FF0600FF0900FF0E00FF1600FF21D9
:1005D00000FF2F00FF3C00FF5100FF6F00FF940061
:1005E000FFC400FFFF00E9FF00CBFF00B0FF009950
:1005F000FF0082FF0075FF0062FF0050FF0041FF17
:100600000034FF002CFF0022FF0019FF0012FF0042
:100610000CFF0007FF0005FF0002FF0001FF0000C4
:10062000FF0000FF0400FF1000FF1D00FF2A00FF75
:100630003700FF3F00FF4C00FF5900FF6600FF72CC
:1006400000FF7F00FF8700FF9400FFA100FFAE00C6
:10065000FFBA00FFC300FFD000FFDD00FFE900FF8D
:10066000F600FFFF00FFFF00DBFF00C4FF00AAFF52
:100670000094FF0085FF007FFF006FFA006FED0020
:1006800053E1003CD4002FC70020C70016BF001064
:10069000B2000FA5000E99000D8C000C7F000BFF1F
:1006A000FFFF00000000000000000000000000004C
:1006B00000007F0000007F0000007F0000007F003E
:1006C0000000000000007F000000000000007F002C
:1006D000000000000000000000000055007F000046
:1006E0007F007F00005500006400006E00007F0066
:1006F00000001455007F00007F0000007F000023F1
:100700005555557F7F0000006E7F64000000005546
:10071000555555146E007F0A6414002D7F006E2D10
:100720004B237F007F007F006E7F007F007F7F0074
:100730007F007F007F7F7F007F7F7F007F7F7F7FC5
:100740007F7F557F647F557F557F557F557F6E7FB7
:10075000647F2A034D0069006400690020004600A0
:100760006900670068007400650072002000540092
:1007700077006900730074006500720000001A03BE
:1007800044004A00200054006500630068005400E3
:100790006F006F006C00730000000403090409027D
:1007A000650002010080F009040000000101000062
:1007B00009240100010900010109040100020103EB
:1007C0000000072401000141000624020101000687
:1007D000240202020009240301030102010009248A
:1007E00003020401010100090501024000000000AC
:1007F00005250101010905820240000000000525D0
:1008000001010312011001000000408025070001D2
:1008100000010203010011241FBECFEFCDBFDFE3B3
:10082000DEBF00E00CBF18BE19BE1ABE1BBE809111
:10083000780083FF1CC080912E3990912F39A091B0
:100840003039B09131398A3C9C4AA244BC4D79F48C
:1008500010922E3910922F3910923039109231396E
:1008600081E08CBFE0910220F0910320199510E205
:10087000A0E0B0E2E8E6FCE900E00BBF02C00790B0
:100880000D92AC3BB107D9F71BBE29E3ACEBB0E24C
:1008900001C01D92AE32B207E1F70E9417490C94D5
:1008A000324EAECB2FB7F894FC01E059FF4F609564
:1008B0008081682360832FBF08951BBEFC0128ED53
:1008C00024BF608308950F931F93CF93DF93E82F86
:1008D000F0E0DF01519634E0AA0FBB1F3A95E1F733
:1008E0002091040160910301EF01249641E050E062
:1008F0008A01082E01C0000F0A94EAF70C2E01C0ED
:10090000440F0A94EAF7402B642370E08B010C2E0D
:1009100002C0159507950A94E2F700FD1DC0082E48
:1009200002C0759567950A94E2F760FD18C04223EE
:10093000242F30E0A90102C055954795CA95E2F7EA
:1009400040FD10C0A90102C0559547958A95E2F770
:10095000CA018170992708C084E090E005C083E057
:1009600090E002C082E090E011962C9111972063F4
:1009700011962C93EE0FFF1FE852F44D0190F08179
:10098000E02D309729F0DF91CF911F910F911994AD
:10099000DF91CF911F910F91089561E080E090E089
:1009A00081DF9FB7F894E2EDFBE281818F5F818365
:1009B0009FBFE0E0F1E080E4808380E880830895D9
:1009C0001F920F920FB60F92112408B60F9218BE05
:1009D00009B60F9219BE0BB60F921BBE2F933F9311
:1009E0004F935F936F937F938F939F93AF93BF9337
:1009F000EF93FF9380E067DFFF91EF91BF91AF919D
:100A00009F918F917F916F915F914F913F912F9126
:100A10000F900BBE0F9009BE0F9008BE0F900FBE37
:100A20000F901F9018951F920F920FB60F921124DE
:100A300008B60F9218BE09B60F9219BE0BB60F92E8
:100A40001BBE2F933F934F935F936F937F938F932F
:100A50009F93AF93BF93EF93FF9381E034DFFF91B8
:100A6000EF91BF91AF919F918F917F916F915F9126
:100A70004F913F912F910F900BBE0F9009BE0F9099
:100A800008BE0F900FBE0F901F9018951F920F92E7
:100A90000FB60F92112408B60F9218BE09B60F9226
:100AA00019BE0BB60F921BBE2F933F934F935F93CC
:100AB0006F937F938F939F93AF93BF93EF93FF9326
:100AC00082E001DFFF91EF91BF91AF919F918F91F4
:100AD0007F916F915F914F913F912F910F900BBE3E
:100AE0000F9009BE0F9008BE0F900FBE0F901F9081
:100AF00018951F920F920FB60F92112408B60F92FD
:100B000018BE09B60F9219BE0BB60F921BBE2F93DB
:100B10003F934F935F936F937F938F939F93AF9385
:100B2000BF93EF93FF9383E0CEDEFF91EF91BF91F0
:100B3000AF919F918F917F916F915F914F913F9175
:100B40002F910F900BBE0F9009BE0F9008BE0F9013
:100B50000FBE0F901F901895DB01E82FF0E0719603
:100B600084E0EE0FFF1F8A95E1F79FB7F89419967E
:100B70008C91199784871A968C911A978587168677
:100B800017968C911797808718968C911897818764
:100B9000128612968C911297828313968C911397DA
:100BA000838314962D913C91159724833583169653
:100BB0008C911697868311968C91119781838C91D5
:100BC0008F7780839FBF08958091CF0187FDFCCFF1
:100BD00008951F93CF93DF93C0ECD1E01A858A87E5
:100BE00061E08BEC91E069DE1A87DF91CF911F9174
:100BF0000895CF93DF93EC01E7DFECECF1E0808127
:100C000088608083D05F88819081977F9083DF9117
:100C1000CF910895CF92DF92EF92FF920F931F939F
:100C2000CF93DF938C017B016A01CEDFCCECD1E066
:100C3000888188608883B801705FA601C7010E941F
:100C4000224E8881877F8883DF91CF911F910F91FA
:100C5000FF90EF90DF90CF900895B6DF8091CF01A5
:100C600081FF07C086E38093CA0161E08BEC91E0CD
:100C700024CE0895CF93DF93C82FD62FA5DFACECF9
:100C8000B1E08C9188608C93EC2FF0E0F05FD08322
:100C90008C91877F8C93DF91CF910895EF92FF9293
:100CA0000F931F93CF93DF93182FF92EE62EC0ECEE
:100CB000D1E00A85D2DF88DF6E2D812FDBDF1A823B
:100CC000F982188385E38A8761E08BEC91E0F5DD9A
:100CD0000A87DF91CF911F910F91FF90EF900895B8
:100CE0000F931F93CF938C016FDFC0E0F8016191E8
:100CF0008F018C2FBFDFCF5FC032C1F7CF911F9123
:100D00000F910895CF93C82F5FDF20E2C29FC001EB
:100D10001124E0ECF1E012829183808385E390E07E
:100D2000CF9157CF4091CA01E62FF72F8093CA0188
:100D300084914093CA0108951F920F920FB60F92AB
:100D4000112408B60F9218BE09B60F9219BE0BB641
:100D50000F921BBE2F933F934F935F936F937F939D
:100D60008F939F93AF93BF93EF93FF93E091EE2008
:100D7000F091EF20309709F01995FF91EF91BF9115
:100D8000AF919F918F917F916F915F914F913F9123
:100D90002F910F900BBE0F9009BE0F9008BE0F90C1
:100DA0000FBE0F901F9018951F920F920FB60F92C3
:100DB000112408B60F9218BE09B60F9219BE0BB6D1
:100DC0000F921BBE2F933F934F935F936F937F932D
:100DD0008F939F93AF93BF93EF93FF93E091EC209A
:100DE000F091ED20309709F01995FF91EF91BF91A7
:100DF000AF919F918F917F916F915F914F913F91B3
:100E00002F910F900BBE0F9009BE0F9008BE0F9050
:100E10000FBE0F901F9018951F920F920FB60F9252
:100E2000112408B60F9218BE09B60F9219BE0BB660
:100E30000F921BBE2F933F934F935F936F937F93BC
:100E40008F939F93AF93BF93EF93FF93E091EA202B
:100E5000F091EB20309709F01995FF91EF91BF9138
:100E6000AF919F918F917F916F915F914F913F9142
:100E70002F910F900BBE0F9009BE0F9008BE0F90E0
:100E80000FBE0F901F9018951F920F920FB60F92E2
:100E9000112408B60F9218BE09B60F9219BE0BB6F0
:100EA0000F921BBE2F933F934F935F936F937F934C
:100EB0008F939F93AF93BF93EF93FF93E091E820BD
:100EC000F091E920309709F01995FF91EF91BF91CA
:100ED000AF919F918F917F916F915F914F913F91D2
:100EE0002F910F900BBE0F9009BE0F9008BE0F9070
:100EF0000FBE0F901F9018951F920F920FB60F9272
:100F0000112408B60F9218BE09B60F9219BE0BB67F
:100F10000F921BBE2F933F934F935F936F937F93DB
:100F20008F939F93AF93BF93EF93FF93E091E6204E
:100F3000F091E720309709F01995FF91EF91BF915B
:100F4000AF919F918F917F916F915F914F913F9161
:100F50002F910F900BBE0F9009BE0F9008BE0F90FF
:100F60000FBE0F901F9018951F920F920FB60F9201
:100F7000112408B60F9218BE09B60F9219BE0BB60F
:100F80000F921BBE2F933F934F935F936F937F936B
:100F90008F939F93AF93BF93EF93FF93E091E420E0
:100FA000F091E520309709F01995FF91EF91BF91ED
:100FB000AF919F918F917F916F915F914F913F91F1
:100FC0002F910F900BBE0F9009BE0F9008BE0F908F
:100FD0000FBE0F901F9018951F920F920FB60F9291
:100FE000112408B60F9218BE09B60F9219BE0BB69F
:100FF0000F921BBE2F933F934F935F936F937F93FB
:101000008F939F93AF93BF93EF93FF93E091E22071
:10101000F091E320309709F01995FF91EF91BF917E
:10102000AF919F918F917F916F915F914F913F9180
:101030002F910F900BBE0F9009BE0F9008BE0F901E
:101040000FBE0F901F9018951F920F920FB60F9220
:10105000112408B60F9218BE09B60F9219BE0BB62E
:101060000F921BBE2F933F934F935F936F937F938A
:101070008F939F93AF93BF93EF93FF93E091E02003
:10108000F091E120309709F01995FF91EF91BF9110
:10109000AF919F918F917F916F915F914F913F9110
:1010A0002F910F900BBE0F9009BE0F9008BE0F90AE
:1010B0000FBE0F901F9018951F920F920FB60F92B0
:1010C000112408B60F9218BE09B60F9219BE0BB6BE
:1010D0000F921BBE2F933F934F935F936F937F931A
:1010E0008F939F93AF93BF93EF93FF93E091DE2095
:1010F000F091DF20309709F01995FF91EF91BF91A2
:10110000AF919F918F917F916F915F914F913F919F
:101110002F910F900BBE0F9009BE0F9008BE0F903D
:101120000FBE0F901F9018951F920F920FB60F923F
:10113000112408B60F9218BE09B60F9219BE0BB64D
:101140000F921BBE2F933F934F935F936F937F93A9
:101150008F939F93AF93BF93EF93FF93E091DC2026
:10116000F091DD20309709F01995FF91EF91BF9133
:10117000AF919F918F917F916F915F914F913F912F
:101180002F910F900BBE0F9009BE0F9008BE0F90CD
:101190000FBE0F901F9018951F920F920FB60F92CF
:1011A000112408B60F9218BE09B60F9219BE0BB6DD
:1011B0000F921BBE2F933F934F935F936F937F9339
:1011C0008F939F93AF93BF93EF93FF93E091DA20B8
:1011D000F091DB20309709F01995FF91EF91BF91C5
:1011E000AF919F918F917F916F915F914F913F91BF
:1011F0002F910F900BBE0F9009BE0F9008BE0F905D
:101200000FBE0F901F9018951F920F920FB60F925E
:10121000112408B60F9218BE09B60F9219BE0BB66C
:101220000F921BBE2F933F934F935F936F937F93C8
:101230008F939F93AF93BF93EF93FF93E091D82049
:10124000F091D920309709F01995FF91EF91BF9156
:10125000AF919F918F917F916F915F914F913F914E
:101260002F910F900BBE0F9009BE0F9008BE0F90EC
:101270000FBE0F901F9018951F920F920FB60F92EE
:10128000112408B60F9218BE09B60F9219BE0BB6FC
:101290000F921BBE2F933F934F935F936F937F9358
:1012A0008F939F93AF93BF93EF93FF93E091D620DB
:1012B000F091D720309709F01995FF91EF91BF91E8
:1012C000AF919F918F917F916F915F914F913F91DE
:1012D0002F910F900BBE0F9009BE0F9008BE0F907C
:1012E0000FBE0F901F9018951F920F920FB60F927E
:1012F000112408B60F9218BE09B60F9219BE0BB68C
:101300000F921BBE2F933F934F935F936F937F93E7
:101310008F939F93AF93BF93EF93FF93E091D4206C
:10132000F091D520309709F01995FF91EF91BF9179
:10133000AF919F918F917F916F915F914F913F916D
:101340002F910F900BBE0F9009BE0F9008BE0F900B
:101350000FBE0F901F9018951F920F920FB60F920D
:10136000112408B60F9218BE09B60F9219BE0BB61B
:101370000F921BBE2F933F934F935F936F937F9377
:101380008F939F93AF93BF93EF93FF93E091D220FE
:10139000F091D320309709F01995FF91EF91BF910B
:1013A000AF919F918F917F916F915F914F913F91FD
:1013B0002F910F900BBE0F9009BE0F9008BE0F909B
:1013C0000FBE0F901F9018951F920F920FB60F929D
:1013D000112408B60F9218BE09B60F9219BE0BB6AB
:1013E0000F921BBE2F933F934F935F936F937F9307
:1013F0008F939F93AF93BF93EF93FF93E091D02090
:10140000F091D120309709F01995FF91EF91BF919C
:10141000AF919F918F917F916F915F914F913F918C
:101420002F910F900BBE0F9009BE0F9008BE0F902A
:101430000FBE0F901F9018951F920F920FB60F922C
:10144000112408B60F9218BE09B60F9219BE0BB63A
:101450000F921BBE2F933F934F935F936F937F9396
:101460008F939F93AF93BF93EF93FF93E091CE2021
:10147000F091CF20309709F01995FF91EF91BF912E
:10148000AF919F918F917F916F915F914F913F911C
:101490002F910F900BBE0F9009BE0F9008BE0F90BA
:1014A0000FBE0F901F9018951F920F920FB60F92BC
:1014B000112408B60F9218BE09B60F9219BE0BB6CA
:1014C0000F921BBE2F933F934F935F936F937F9326
:1014D0008F939F93AF93BF93EF93FF93E091CC20B3
:1014E000F091CD20309709F01995FF91EF91BF91C0
:1014F000AF919F918F917F916F915F914F913F91AC
:101500002F910F900BBE0F9009BE0F9008BE0F9049
:101510000FBE0F901F9018951F920F920FB60F924B
:10152000112408B60F9218BE09B60F9219BE0BB659
:101530000F921BBE2F933F934F935F936F937F93B5
:101540008F939F93AF93BF93EF93FF93E091CA2044
:10155000F091CB20309709F01995FF91EF91BF9151
:10156000AF919F918F917F916F915F914F913F913B
:101570002F910F900BBE0F9009BE0F9008BE0F90D9
:101580000FBE0F901F9018951F920F920FB60F92DB
:10159000112408B60F9218BE09B60F9219BE0BB6E9
:1015A0000F921BBE2F933F934F935F936F937F9345
:1015B0008F939F93AF93BF93EF93FF93E091C820D6
:1015C000F091C920309709F01995FF91EF91BF91E3
:1015D000AF919F918F917F916F915F914F913F91CB
:1015E0002F910F900BBE0F9009BE0F9008BE0F9069
:1015F0000FBE0F901F9018951F920F920FB60F926B
:10160000112408B60F9218BE09B60F9219BE0BB678
:101610000F921BBE2F933F934F935F936F937F93D4
:101620008F939F93AF93BF93EF93FF93E091C62067
:10163000F091C720309709F01995FF91EF91BF9174
:10164000AF919F918F917F916F915F914F913F915A
:101650002F910F900BBE0F9009BE0F9008BE0F90F8
:101660000FBE0F901F9018951F920F920FB60F92FA
:10167000112408B60F9218BE09B60F9219BE0BB608
:101680000F921BBE2F933F934F935F936F937F9364
:101690008F939F93AF93BF93EF93FF93E091C420F9
:1016A000F091C520309709F01995FF91EF91BF9106
:1016B000AF919F918F917F916F915F914F913F91EA
:1016C0002F910F900BBE0F9009BE0F9008BE0F9088
:1016D0000FBE0F901F9018951F920F920FB60F928A
:1016E000112408B60F9218BE09B60F9219BE0BB698
:1016F0000F921BBE2F933F934F935F936F937F93F4
:101700008F939F93AF93BF93EF93FF93E091C2208A
:10171000F091C320309709F01995FF91EF91BF9197
:10172000AF919F918F917F916F915F914F913F9179
:101730002F910F900BBE0F9009BE0F9008BE0F9017
:101740000FBE0F901F9018951F920F920FB60F9219
:10175000112408B60F9218BE09B60F9219BE0BB627
:101760000F921BBE2F933F934F935F936F937F9383
:101770008F939F93AF93BF93EF93FF93E091C0201C
:10178000F091C120309709F01995FF91EF91BF9129
:10179000AF919F918F917F916F915F914F913F9109
:1017A0002F910F900BBE0F9009BE0F9008BE0F90A7
:1017B0000FBE0F901F9018951F920F920FB60F92A9
:1017C000112408B60F9218BE09B60F9219BE0BB6B7
:1017D0000F921BBE2F933F934F935F936F937F9313
:1017E0008F939F93AF93BF93EF93FF93E091BE20AE
:1017F000F091BF20309709F01995FF91EF91BF91BB
:10180000AF919F918F917F916F915F914F913F9198
:101810002F910F900BBE0F9009BE0F9008BE0F9036
:101820000FBE0F901F9018951F920F920FB60F9238
:10183000112408B60F9218BE09B60F9219BE0BB646
:101840000F921BBE2F933F934F935F936F937F93A2
:101850008F939F93AF93BF93EF93FF93E091BC203F
:10186000F091BD20309709F01995FF91EF91BF914C
:10187000AF919F918F917F916F915F914F913F9128
:101880002F910F900BBE0F9009BE0F9008BE0F90C6
:101890000FBE0F901F901895CF93CFB7F894811576
:1018A00028E0920711F461E005C0803428E0920737
:1018B00049F462E083E090E00E94520464E083E037
:1018C00090E01EC0811529E0920711F461E005C087
:1018D000803429E0920749F462E084E090E00E94BD
:1018E000520464E084E090E00BC081159A4091F4CA
:1018F00061E085E090E00E94520464E085E090E0C1
:101900000E9452049FB7F8948091D32B8F5F8093ED
:10191000D32B9FBFCFBFCF910895811528E09207A9
:1019200029F46093EA207093EB200895803428E036
:10193000920729F46093DE207093DF2008958115CB
:1019400029E0920729F46093D6207093D720089558
:10195000803429E0920729F46093CA207093CB2049
:10196000089581159A4021F46093C2207093C3209A
:101970000895811528E0920729F46093E820709378
:10198000E9200895803428E0920729F46093DC2050
:101990007093DD200895811529E0920729F4609362
:1019A000D4207093D5200895803429E0920729F43B
:1019B0006093C8207093C920089581159A4021F43E
:1019C0006093C0207093C1200895009709F49BC0D4
:1019D000803C910511F460E105C0811524E0920777
:1019E00021F464E080E090E08CC0803821E0920730
:1019F00011F462E0F7CF811521E0920711F461E064
:101A0000F1CF803823E0920711F461E005C0811521
:101A100022E0920721F462E081E090E072C080321F
:101A200023E0920721F464E082E090E06AC081152F
:101A300028E0920711F461E05BC0811529E092076C
:101A400011F461E04DC081152AE0920711F461E0C4
:101A500056C0803428E0920711F462E049C0803417
:101A600029E0920711F462E03BC0803928E0920738
:101A700011F464E03DC0803929E0920711F464E07C
:101A80002FC080392AE0920711F464E038C0803C0E
:101A900028E0920711F468E02BC0803C29E092070F
:101AA00011F468E01DC0803A28E0920711F460E16B
:101AB0001FC0803A29E0920711F460E111C0803A1A
:101AC0002AE0920711F460E11AC0803B28E09207F7
:101AD00011F460E20DC0803B29E0920721F460E23E
:101AE00084E090E00EC0803824E0920721F460E4A6
:101AF00083E090E006C0803A944029F460E485E0F9
:101B000090E00C94520408950F931F93CF93DF93AA
:101B1000EC01D901C801369527951795079540170F
:101B200051076207730768F49A01AB01220F331F54
:101B3000441F551FBC01CD010E94CC4D21503109DD
:101B400002C020E030E0832F8F708F832E83DF91DF
:101B5000CF911F910F910895EF92FF920F931F93D2
:101B6000CF93DF93EC017B0130DF8C818F7E8C8300
:101B7000F70124812250C03AF8E0DF0731F4809168
:101B80004E0684FD6BC011E11FC0C03B88E0D80742
:101B900009F464C0C03AE9E0DE0731F480916E06D2
:101BA00084FD5EC019E110C0C03BF9E0DF0709F415
:101BB00057C0C03A8AE0D80739F480918E0684FD78
:101BC00002C011E201C015E2E12FE695E695E69527
:101BD00080E2E89FF0011124FA5F177081E090E045
:101BE00001C0880F1A95EAF78183223010F020E0B7
:101BF00001C020E48093B000208B85838D81806CB0
:101C00008D83F70184818D7F813019F48D8182600D
:101C100002C08D818D7F8D83F7018581882319F026
:101C20008D81846002C08D818B7F8D83F70140811F
:101C300051816281738100E018E428EE31E0CE0129
:101C400063DF8C8188608C838C8180618C83DF91E1
:101C5000CF911F910F91FF90EF90089515E1B4CFB0
:101C60001DE1B2CF8091820080FDFCCF089590915C
:101C70008000880F880F682F6C7392709160692BB9
:101C800080E890E00E945D04EDCF609180006C7F61
:101C9000616080E890E00C945D04609180006C735A
:101CA000636080E890E00E945D04DCCF63E080E840
:101CB00090E00E945D04D6DF6BE281E890E00E9434
:101CC0005D04D0DFA895FFCF8EE090E00E94F9057B
:101CD000813039F482EA93E08093002090930120D0
:101CE000089582E295E0809300209093012008956A
:101CF000CF92DF92EF92FF920F931F93CF93DF93D8
:101D0000CDB7DEB76797CDBFDEBF8823A1F1FB015A
:101D10008081811130C088E0EFE1F0E2DE01509671
:101D200001900D928A95E1F78FE0E7E2F0E2DE01A3
:101D3000119601900D928A95E1F77E01F0E1EF0E88
:101D4000F11C8E01095F1F4F6E018FE0C80ED11C80
:101D5000F70161917F0170E082E00E949206F80134
:101D600081938F01EC15FD0599F7BE016F5F7F4FE1
:101D70008FE00E9497396796CDBFDEBFDF91CF918C
:101D80001F910F91FF90EF90DF90CF9008958F9269
:101D90009F92AF92BF92CF92DF92EF92FF920F93FA
:101DA0001F93CF93DF93CDB7DEB7C055D109CDBF19
:101DB000DEBFFB01833008F445C190811181111110
:101DC00001C010E4911156C0863008F43BC19281E5
:101DD000992309F437C1248130E090E00497281753
:101DE00039070CF02FC1612F70E0615071096B0150
:101DF00044E0D594C7944A95E1F76F707727AE0118
:101E00004F5F5F4F8FE0DA011D928A95E9F7CA01B3
:101E10008E01005F1F4F70E8F72EDC01FD92CD01AF
:101E2000A017B107D1F7359690E08901015011094B
:101E3000292F30E020173107B4F42E0F3F1FD901AE
:101E40002C912A502F3068F4DA01A20FB11D9D01A8
:101E500081E0890F7F01E80EF11CD7018C91D90137
:101E60008C939E5FE5CF8C2D0E94282F0E94BC3B57
:101E7000A895E8C0913009F0E5C00FEF010F0034DC
:101E800060F4612F70E061507109CB0134E09595E9
:101E900087953A95E1F76F7002C060E080E0AE018F
:101EA0004E5B5F4F0E944E298AE08CA323968FAD34
:101EB00023978DA38BE08EA324968FAD24978FA3B9
:101EC0008CE088A725968FAD259789A78DE08AA7F6
:101ED00026968FAD26978F5F8BA78EE08CA72796CF
:101EE0008FAD27978DA78FE08EA71FA680E188ABC7
:101EF00029968FAD29978F5F89AB81E18AAB2A96AE
:101F00008FAD2A978BAB82E18CAB2B968FAD2B9745
:101F10008DAB83E18EAB2C968FAD2C978FAB84E18C
:101F200088AF2D968FAD2D9789AF85E18AAF2E961C
:101F30008FAD2E978BAF86E18CAF2F968FAD2F97FD
:101F40008DAF87E18EAF60968FAD60978FAF88E1E0
:101F500021968FAF219761968FAD61978F5F229603
:101F60008FAF2297003410F000E001C00EE1802F07
:101F700068E10E948C4DEE24E394E80E103411F0D9
:101F8000C12E01C0C12CD12CFF24F39480EFB82EB8
:101F9000AA24A39499E7992E24E0822E17EF802F8C
:101FA000093108F088E10851B9821A82AB829C821B
:101FB0008D821E82CF82F886E9868A871B871C87DE
:101FC0001D871E871F87188B198B1A8B1B8B1C8BE9
:101FD0001D8B1E8B1F8B188F198F1A8F1B8F1C8FB9
:101FE0001D8F1E8F1F8F18A319A31AA31BA39AE07E
:101FF000482F50E0475F5F4F292F30E042175307CB
:102000008CF0A1E0B0E0AC0FBD1FA20FB31FE4E263
:10201000F0E0EC0FFD1FED0DF11D60816C939F5FF3
:10202000D394EACFBE016F5F7F4F855F0E949739DF
:102030008091BD389091BE38F2D2A895F394EF14F8
:1020400008F0ADCFC05BDF4FCDBFDEBFDF91CF91DA
:102050001F910F91FF90EF90DF90CF90BF90AF90C6
:102060009F908F900895DC0190E050E0415051091D
:10207000292F30E024173507F4F481E0890FFB01A4
:10208000E20FF31F20812A3048F4FB01E80FF11D15
:102090008081FD01E20FF11D80830BC02F3148F0DC
:1020A000FB01E80FF11D8081FD01E20FF11D759725
:1020B00080839E5FDDCF0895FF920F931F93CF9390
:1020C000DF93CDB7DEB7AB97CDBFDEBFF8940E94EC
:1020D000F9268C0180E190E00E94F905F82E7894B1
:1020E00080EF89831A8281E08B8399E79C8322E0C9
:1020F0002D838E831F829091B92F9F5F9887898748
:10210000F80184858A872B8780818C8783E08D877F
:1021100082818E8784E08F878481888B85E0898B9C
:1021200086818A8B86E08B8B80858C8B87E08D8B7C
:1021300082858E8B88E08F8B8091B82F888F89E085
:10214000898F8091B12F8A8F8FE18B8F8091E02BC7
:102150008C8F80E28D8F8091B72F8E8F81E28F8F51
:102160008EE090E00E94F90588A382E289A3809125
:102170009D2F982F92959F709F5F9AA393E29BA3A8
:102180008F708F5F8CA384E28DA38F2D8F738EA3AE
:1021900085E28FA3F294F694F69483E0F822F8A6F1
:1021A00086E289A780919E2F8AA787EF8BA7BE0121
:1021B0006F5F7F4F8BE20E949739AB96CDBFDEBF3A
:1021C000DF91CF911F910F91FF900895882329F0FF
:1021D000FB018081811101C06FCF0895CF93DF9300
:1021E000CDB7DEB72D97CDBFDEBFF89481E090E08C
:1021F0000E94F9058093B92F83E090E00E94F905D1
:1022000091E0811101C090E09D8784E090E00E9400
:10221000F90590E089839A8385E090E00E94F905B2
:1022200090E08B839C8386E090E00E94F90590E02B
:102230008D839E8387E090E00E94F90590E08F8374
:10224000988788E090E00E94F90590E089879A8756
:1022500089E090E00E94F90590E08B879C878AE0F6
:1022600090E00E94F9058093B82F8BE090E00E94E7
:10227000F9058093B12F8CE090E00E94F9058093DE
:10228000E02B8DE090E00E94F9058093B72F1CDDD4
:102290008FE090E00E94F90580939D2F80E190E00F
:1022A0000E94F905E82FEF73E83008F0E0E0F0E075
:1022B000E456FF4D908190939F2182958695869557
:1022C000837080939E2181E190E00E94F9058093C4
:1022D0009E2FCE0101960E94CE2678942D96CDBFDA
:1022E000DEBFDF91CF910895FF920F931F93CF939D
:1022F000DF93CDB7DEB76297CDBFDEBFF82E8B017F
:10230000C4DCCE01019622E1FC0111922A95E9F785
:102310004F2DB801A8DE6981615081E090E00E94F4
:102320004E066A8183E090E00E944E066B8184E055
:1023300090E00E944E066C8185E090E00E944E067F
:102340006D8186E090E00E944E066E8187E090E00D
:102350000E944E066F8188E090E00E944E066885DC
:1023600089E090E00E944E0669858AE090E00E9434
:102370004E066A858BE090E00E944E066B858CE0ED
:1023800090E00E944E066C858DE090E00E944E0623
:102390006D858EE090E00E944E068E85882319F0B0
:1023A0009FEF980F01C095E06F85662311F0615093
:1023B00001C062E0F0E19F9FC00111246F70682BA3
:1023C0008FE090E00E944E0668896F73998920E43F
:1023D000929FC0011124682B80E190E00E944E067C
:1023E0006A8981E190E00E944E060E94054460E007
:1023F0007FEF80E090E00E947341F0DE0E94A72909
:102400005BDE0E943F356296CDBFDEBFDF91CF918C
:102410001F910F91FF900895F89468E080E090E09C
:102420000E944E0663E081E090E00E944E0661E06B
:1024300083E090E00E944E0660E084E090E00E941D
:102440004E0669E085E090E00E944E0660E086E07E
:1024500090E00E944E0660E087E090E00E944E0609
:1024600068E088E090E00E944E0660E089E090E03D
:102470000E944E066FE38AE090E00E944E066FE7EE
:102480008BE090E00E944E066FE78CE090E00E94A7
:102490004E066FE78DE090E00E944E0660E08EE011
:1024A00090E00E944E0662E58FE090E00E944E06AA
:1024B00067E480E190E00E944E0661E081E190E0F7
:1024C0000E944E0678940C94312A882369F1FB010E
:1024D0008081813019F0823069F00895D6DBD1D542
:1024E0002FEF8FE493EC215080409040E1F700C043
:1024F00000003CC0CADB90DF87E08093A2006FEF52
:102500007FEF80E090E00E947341BBD52FEF8FE416
:1025100093EC215080409040E1F700C0000081E042
:1025200090E0A5DBBADBFFCF089564E771E181E0BD
:102530000E94652566EE70E182E00E94652565E6F1
:1025400072E183E00E94652567EC7EE084E00E94F2
:10255000652568E77EE085E00E94652580E090E0E3
:102560000E94F905883009F057CF08958AD5F8946C
:1025700080E02FEF3FE891E0215030409040E1F7BC
:1025800000C000008F5F8038A1F78AEC9CEAA2E4CB
:10259000BCED80932E3990932F39A0933039B093AE
:1025A000313984CBCF93DF93EC011B8682E08C839F
:1025B000898761E0CE0101969CD4882331F061E0E7
:1025C000CE010696DF91CF9194C480E0DF91CF9148
:1025D0000895CF93DF932091EA2F2430D1F4EB01BB
:1025E000FC01818195D340E050E064E070E0CE01D1
:1025F000B7D1811111C08091F32F9091F42FFC017C
:10260000EF5BFF4F208131978081281720F038D36E
:1026100002C082E001C080E0DF91CF910895209157
:10262000EA2F2430E9F4FC01818172D38091F72FE5
:102630002091F32F3091F42FF90187FF05C0EF5B54
:10264000FF4F808190E008C0E05CFF4F80813196B1
:10265000208190E0821B9109892B21F011D3D2C4F3
:1026600082E0089580E00895CF93DF932091EA2FD0
:10267000243051F4EC0189814BD37FD3882321F09E
:10268000CE01DF91CF91CBCFDF91CF9108950F9302
:102690001F93CF932091EA2F243011F0C0E027C080
:1026A0008B01FC01868134D374D3C82F8823B1F306
:1026B0008091F32F9091F42FFC01EF5BFF4F20816D
:1026C00031978081281750F740E050E064E070E0D7
:1026D000C80193D18091F32F9091F42FFC01EF5B0F
:1026E000FF4F208131978081281708F0E2D28C2F8C
:1026F000CF911F910F9108950F931F93CF93DF9365
:10270000CDB7DEB7EA97CDBFDEBF0BEE1FE2E0D25A
:10271000F80181938F01FFE2033F1F07C1F70E9479
:102720006D4951D3882309F4FCC09091EB2F20917F
:10273000EC2F422F50E04A30510508F0F2C0FA0168
:102740008827E250FF4F8F4F0C940A4E903891F03B
:10275000923809F0E6C08091EF2F8F70D9D2E091C6
:10276000F52FF091F62F118112FB112710F980E05F
:10277000CFD206C01091E72F8091E82F811112600F
:102780003CD3812FB5D280E0AAC0892F8D7F09F07C
:10279000C8C0992319F0923061F0C3C08091ED2F29
:1027A000813009F0BEC0233009F080E08093E82F2B
:1027B00027C08091ED2F811123C0E091EF2F1E2FB4
:1027C0001F7009F4AEC0812FA3D28091EC2F83300B
:1027D00011F43FD315C0E091F52FF091F62F8181D0
:1027E0008B7F818324E8129FF0011124E75CFF4C6A
:1027F0001082E091F52FF091F62F80818E7F8083FB
:1028000080E086D2FAD26DC091118BC01091ED2F6D
:102810001F77F3D2E1D3B1D28823E9F31093C30435
:10282000111102C082E001C083E08093EA2F79C0D9
:102830009058923008F075C08091ED2F9091EE2F56
:102840008C3D43E0940759F583E08A838AE38983CA
:102850004FB7F894DE01139620E038E052E0509331
:10286000CA01E32FF0E0E4911092CA0120FF03C0F7
:10287000E295EF703F5FEF708E2F90E0EA3010F03E
:10288000C79601C0C0968D939D932F5F2C3139F769
:102890004FBFB3D26AE370E0CE01019616C0AE011D
:1028A0004F5F5F4F6091EF2F0E948B3A8C01892B15
:1028B00009F437C0A2D22091ED2F3091EE2F8981FB
:1028C0009A81B8012330334011F4E4D001C05CD1C7
:1028D000F0D127C0903829F590D28091E62F08D208
:1028E000CFD17AD31EC091111CC08091ED2F909151
:1028F000EE2F99270297ACF480D28091ED2F809330
:10290000E62F6AD38091E62F811106C08091C3041F
:10291000811102C081E001C084E08093EA2F0E940F
:10292000534951D2882311F068D293D2EA96CDBF91
:10293000DEBFDF91CF911F910F9108950895CF933E
:102940008091EA2F882351F0C091F72F80E0E0D1E9
:102950003AD28111D1DE8C2FCF91DAC1CF91089577
:10296000CF92DF92EF92FF920F931F93CF93DF935B
:10297000EC018B017A0146D3811136C0E114F104D8
:1029800039F0F70180819181081B190BC80FD91FFD
:10299000C12CD12C0115110531F18091F32F9091AB
:1029A000F42FFC01EF5BFF4F2081319780812817C6
:1029B00090F066D1C4DFE114F10449F0F7018081A1
:1029C0009181C80ED91EC082D18285E00DC01AD374
:1029D000882301F309C089918BD101501109FFEFC0
:1029E000CF1ADF0AD7CF80E0DF91CF911F910F91EF
:1029F000FF90EF90DF90CF900895CF92DF92EF920B
:102A0000FF920F931F93CF93DF93EC018B017A0119
:102A1000F9D2811136C0E114F10439F0F701808157
:102A20009181081B190BC80FD91FC12CD12C01157E
:102A3000110531F18091F32F9091F42FFC01EF5BA0
:102A4000FF4F208131978081281790F032D177DFB6
:102A5000E114F10449F0F70180819181C80ED91E7B
:102A6000C082D18285E00DC0CDD2882301F309C098
:102A70002FD1899301501109FFEFCF1ADF0AD7CF69
:102A800080E0DF91CF911F910F91FF90EF90DF9049
:102A9000CF900895DF92EF92FF920F931F93CF9301
:102AA000DF93D82FC92F8B018091F72F806830D109
:102AB0008091F12F9091F22F8017910728F0011546
:102AC000110519F4DDD001C08C01ED2EFC2ED12CA6
:102AD0000115110509F43FC08091EA2F811102C050
:102AE00082E04AC0853011F483E046C06CD1811188
:102AF00042C04FD181113AC040D1882349F320917F
:102B0000F72F8091F32F9091F42FFC0127FF05C040
:102B1000EF5BFF4FC081D0E013C0E05CFF4FC0818E
:102B200031968081D0E0C81BD1090AC0C034D105DC
:102B300050F4F70181917F01DBD0015011092196FA
:102B40000115110599F7DD24D394C034D10509F09E
:102B5000D12C96D0BDCFD110BFCF08C08091EA2F25
:102B6000882309F4BDCF853009F4BECF12D1882364
:102B7000A9F380E001C081E0DF91CF911F910F9117
:102B8000FF90EF90DF900895DF92EF92FF920F9306
:102B90001F93CF93DF93D82FC92F8B018091F72FED
:102BA0008068B6D08091F12F9091F22F8017910715
:102BB00028F00115110519F463D001C08C01ED2E28
:102BC000FC2ED12C0115110509F441C08091EA2F8A
:102BD000811102C082E04CC0853011F483E048C00E
:102BE000F2D0811144C0D5D081113CC0C6D0882319
:102BF00049F32091F72F8091F32F9091F42FFC014E
:102C000027FF05C0EF5BFF4FC081D0E015C0E05C3F
:102C1000FF4FC08131968081D0E0C81BD1090CC024
:102C2000C034D10560F4F701849162D0FFEFEF1A50
:102C3000FF0A0150110921960115110589F7DD24BC
:102C4000D394C034D10509F0D12C1AD0BBCFD11008
:102C5000BDCF08C08091EA2F882309F4BBCF85300F
:102C600009F4BCCF96D08823A9F380E001C081E0AD
:102C7000DF91CF911F910F91FF90EF90DF9008951A
:102C8000E091F52FF091F62FA091F32FB091F42F52
:102C9000AF5BBF4F8C9190E08283938380818D796D
:102CA0008083E091F32FF091F42FEF5BFF4F1082C0
:102CB0000895E091F52FF091F62F80818D79808332
:102CC000E091F32FF091F42FEF5BFF4F1082089506
:102CD0008091F32F9091F42FFC01EF5BFF4F208147
:102CE00031E0320F3083FC01E20FF11D8081089545
:102CF0002091F32F3091F42FF901EF5BFF4F90817A
:102D000041E0490F4083F901E90FF11D80830895E7
:102D10008093F72F482F4F7050E06091C604709158
:102D2000C7049A0194E0220F331F9A95E1F7E4E873
:102D300087FF11C0E49FC001E59F900D1124865CC0
:102D40009F4C8093F32F9093F42FC90108969B0119
:102D5000280F391F0DC0E49FC001E59F900D11247D
:102D60008850904D8093F32F9093F42F260F371FA8
:102D70002093F52F3093F62F08958091F72F8068D8
:102D8000C7DFE091F52FF091F62F80818695817055
:102D900008958091F72F8F77BBDFA091F52FB09129
:102DA000F62F8C9185FF0DC0E091F32FF091F42F59
:102DB00012968D919C911397E05CFF4F808381E088
:102DC000089580E008958091F72F8F77A1DFA0917B
:102DD000F52FB091F62F8C9184FF0DC0E091F32F69
:102DE000F091F42F12968D919C911397E05CFF4F18
:102DF000808381E0089580E008958091F72F8F7798
:102E000087DFE091F52FF091F62F80818D78808318
:102E1000E091F52FF091F62F808181608083E09121
:102E2000F32FF091F42FEF5BFF4F10828091F72F7B
:102E300080686EDFE091F52FF091F62F8081816040
:102E40008083E091F32FF091F42FEF5BFF4F10821E
:102E50000895E091F52FF091F62F818184608183B0
:102E6000E091F52FF091F62F8181807C803459F428
:102E70008091F72F80584CDFE091F52FF091F62FDD
:102E800081818460818308951F93CF93DF93C82F3E
:102E9000162FD42F3DDFE091F52FF091F62F118200
:102EA000E091F52FF091F62F8C2F881F8827881F2F
:102EB000880F8083E091F52FF091F62F1183E09138
:102EC000F52FF091F62F128213822091F32F30917B
:102ED000F42F24833583CC0FCC0BCD23F901E05C98
:102EE000FF4FC0833196108281E0DF91CF911F9117
:102EF0000895CF92DF92EF92FF920F931F93CF939B
:102F0000DF93C62E8C01D12CDC1409F43FC0F801EC
:102F1000D081D11104C0D3940B5F1F4FF5CFF801BE
:102F2000E180F28093818481823010F488E001C0D6
:102F300088E128E030E0C0E02E153F0520F4CF5FA7
:102F4000220F331FF9CFC82B8D2F8F70833010F0D5
:102F500080E01DC0CF7EF1E4EF16F104C8F799239D
:102F600021F0913021F4C06C0AC0C06403C0C06875
:102F7000911105C04E2D6C2F80E88D0F85DF4E2DF1
:102F80006C2F8D2F81DF8111C6CFE2CF81E0DF91E1
:102F9000CF911F910F91FF90EF90DF90CF90089508
:102FA00080E090E0E091C604F091C7049C0144E009
:102FB000220F331F4A95E1F7E20FF31F118640916C
:102FC000C6045091C704FA01E20FF31F1182019663
:102FD0008330910539F708958091EB2F87FF0DC05D
:102FE000D8DE811105C08091EA2F8111F9CF09C087
:102FF00060CE8091EA2F882321F0BFDE8823C9F3B9
:103000003FCE08950F931F93CF93E091C604F091A4
:10301000C70400A911A9C4E68091F72F87FF0AC051
:10302000ACDE811105C08091EA2F811105C020C05E
:1030300080E023C0AEDEF5CF8530E1F0E091F52FE2
:10304000F091F62F818182FD17C0E091C604F091C6
:10305000C70480A991A90817190711F48C01DCCFC6
:103060002FEF2C0FCC2311F0C22FF8CF84E005C036
:1030700082E003C083E001C081E0CF911F910F91F6
:10308000089563D069D0E0ECF4E081818E7F818384
:1030900080818F7780831092E92F0895CF93DF93FB
:1030A000E0E4F0E014828481836084834ED054D0C5
:1030B000C0ECD4E088818F7788838881806888839A
:1030C0001092EA2F1092E62F1092E82F1092E72F1D
:1030D00088818064888340E46BE480E8D5DE40E446
:1030E0006BE480E0D1DE8885806488878981816097
:1030F0008983DF91CF910895CF93DF932FB7F89411
:10310000C0ECD1E082E08A87EAE1F0E0E491A0EC53
:10311000B4E0DA96EC93DA97EBE1F0E0E491DB9639
:10312000EC93DB971A8685E891E38E7F16968D9354
:103130009C93179782E18C9381E018968C932FBF14
:103140008093E92FDF91CF91A9CFE0ECF4E0808567
:103150008370808711860895E0ECF4E08FEF82871A
:10316000848708951F920F920FB60F92112408B60C
:103170000F9218BE09B60F9219BE0BB60F921BBE66
:103180002F933F934F935F936F937F938F939F936F
:10319000AF93BF93EF93FF938091CA0486FF07C05C
:1031A00080E48093CA0485E08093EA2FC7DB809196
:1031B000CA0485FF13C080E28093CA048091E62F81
:1031C000882311F084E007C08091C304811102C0FC
:1031D00081E001C083E08093EA2FB0DB8091CA04D4
:1031E00084FF14C080E18093CA0482E08093EA2FB8
:1031F0001092E62F1092C304D3DE40E46BE480E823
:1032000043DE40E46BE480E03FDE98DBFF91EF912A
:10321000BF91AF919F918F917F916F915F914F91EE
:103220003F912F910F900BBE0F9009BE0F9008BEDB
:103230000F900FBE0F901F90189581E008950E9487
:103240000439DC01CB01F2E0B695A79597958795F7
:10325000FA95D1F72091B931222339F0BC01769546
:10326000679583E499E10C94F6469C01220F331F85
:10327000B901680F791F769567957695679583E410
:1032800099E10C94F6462F923F924F925F926F9283
:103290007F928F929F92AF92BF92CF92DF92EF92E6
:1032A000FF920F931F93CF93DF938091B73190914B
:1032B000B831029709F0ABC06090F1208FEF860D16
:1032C0008F3F09F48FE0482E512C2CEBA22E21E3E6
:1032D000B22E0DE71FE231EEE32E3BE2F32E42EB7E
:1032E000C42E4FE2D42E54E2252E712C6FE7862E89
:1032F000912C9601225B3F42F60131906F01330C15
:10330000330C320CF50181915F0199E0980F9331F4
:10331000B0F01816A4F46AE00E94984D84300CF0C6
:1033200083E0E82FF0E0E459FF4D8091F1206081C7
:103330000E948C4D91111BC0CFE7D0E01AC0F7015D
:1033400080819CE0929FF001939FF00D1124E80F83
:10335000F11D94E0EE0FFF1F9A95E1F7E359F34D4D
:10336000E60DF71DC081CC2311F0D0E002C0C0E013
:10337000D0E0F70181917F019CE0929FF001939F43
:10338000F00D1124E80FF11D84E0EE0FFF1F8A9568
:10339000E1F7E359F34DE40DF51D8081882331F009
:1033A0002FE740E0632D87E00E944E392097B9F067
:1033B000F80126812C9FC0012D9F900D1124B4018E
:1033C0000E94A54DC62F262F41E0632D87E00E9465
:1033D0004E394C2F66EE620D87E00E9476392394B9
:1033E000085F1F4FF8E22F1284CF8091BD38909173
:1033F000BE3815D98091F1208F5F803119F080930C
:10340000F12005C01092F12081E08093F020DF913F
:10341000CF911F910F91FF90EF90DF90CF90BF90D1
:10342000AF909F908F907F906F905F904F903F9064
:103430002F900895BF92CF92DF92EF92FF920F9359
:103440001F93CF93DF9362EB7FE2C1EEDBE2ADE748
:10345000BFE240E050E08FE3C82E9FE7D92EFB018A
:103460001192BF0180E090E020E030E08C01040F79
:10347000151FFC01E20FF31FEE55F94FB4907801D0
:10348000E20EF31EF701E359F34DB0822F5F3F4F79
:103490002031310571F74096803C910529F719924A
:1034A00015961C9215971796CC92179714961C9206
:1034B00014971696DC92169711961C9211971896EF
:1034C00040545F4F4115F3E05F0749F61092C52F56
:1034D00080E2EDE3FCE2DF011D928A95E9F780E1ED
:1034E000E1EAFFE2DF011D928A95E9F784E0EDE56C
:1034F000FCE2DF011D928A95E9F7B1D4ADE3BCE2AD
:10350000E1EAFFE284E06CE978E13FE34CE951E372
:103510002FE71D921C921197108258966D937C9301
:103520005997348750964D935C9351979FE7208726
:103530008150129631968111ECCF9093BA3110924E
:10354000F8209093F9201092BB3110929F2F109287
:10355000A02F8AE58093B62F1092B9311092B7311F
:103560001092B831DF91CF911F910F91FF90EF90A2
:10357000DF90CF90BF9008958091B7319091B8318E
:10358000892B59F481E090E08093B7319093B83162
:103590004FE76EE087E00C9476391092B7311092C5
:1035A000B8311092F12040E06EE087E00C9476395B
:1035B0001092F1200895CF932091B7313091B83116
:1035C0002130310551F4811129C082E090E08093CF
:1035D000B7319093B831CF9156CE22303105F1F406
:1035E000C82F0E940D39882389F08C2FCC0F990B9E
:1035F000029666E070E00E94B94D892B79F461E093
:1036000070E08FE199E1CF910C94F6468C2F66E043
:103610000E94984D911102C0CF9135CECF9108955F
:1036200090E0FC01EF51F44D20813CE0389FF00127
:10363000399FF00D1124E20FF11D84E0EE0FFF1F02
:103640008A95E1F7E359F34DE60FF11D8081089566
:1036500090E0FC01EF51F44D20813CE0389FF001F7
:10366000399FF00D1124E20FF11D84E0EE0FFF1FD2
:103670008A95E1F7E359F34DE60FF11D4083089574
:10368000E82FF0E0EE54F04D60830895E82FF0E06D
:10369000EE54F04D808108954FE76FE087E00E947F
:1036A000763940E06FE087E00C9476399CEE980F15
:1036B0009430B8F498E0899FF0011124E352F14D61
:1036C00081E0611180E0848380919F2F9091A02FF1
:1036D000019709F083C00E94C126049709F07EC0BB
:1036E00097C098EE980F943098F498E0899FF00175
:1036F0001124E354F14D81E0611101C080E0858324
:1037000080919F2F9091A02F019709F067C0E3CF80
:103710009AE9980F9031C0F590E0865691099C0186
:1037200023703327959587959595879553E0220FBC
:10373000331F5A95E1F7F901E358F04D82309105B6
:10374000B9F083309105D1F0019731F081E061113A
:1037500001C080E08083089581E0611101C080E0B4
:10376000818380919F2F9091A02F0197B9F5B3CFBE
:1037700081E0611101C080E08283089581E06111E0
:1037800001C080E0838308958F3079F48091042014
:10379000882321F181E08093B93184E090E00E9498
:1037A000C626A7D11092042077CF8E30B9F46623B5
:1037B00069F08091B7319091B831892B79F481E02B
:1037C00090E08093B7319093B83108951092B7315B
:1037D0001092B8311092F1201092F02008958430A8
:1037E000A0F09CEF980F943050F098EF980F943021
:1037F00048F08C50843048F483E090E0089581E0F4
:1038000090E0089582E090E0089580E090E00895CF
:103810002F923F924F925F926F927F928F929F92E0
:10382000BF92CF92DF92EF92FF920F931F93CF93AD
:10383000DF9300D01F92CDB7DEB7E091E02BF0E030
:10384000EE5DFC4FE491E091B72FF0E0EE5DFC4FB0
:10385000E4918DE79FE28B839C839DE3C92E9CE2DC
:10386000D92E21EE422E2BE2522E49825A8238E086
:10387000B32E4CE0242E312C812C50E8952E66EF8F
:10388000662E64E0762EEB81FC81848181110DC06F
:10389000E091E02BF0E0EE5DFC4FF490E091B72F6B
:1038A000F0E0EE5DFC4F149103C08AE0F82E1AE0C0
:1038B000EB81FC818181882331F04F2D68E7832DD6
:1038C0000E94F93E04C060E0832D0E940D3F832DCD
:1038D000DDDEB40102C0769567958A95E2F7412F47
:1038E000832D0E94D73E832DD1DEF82FF69DC00197
:1038F000F79D900D1124F60180839183F201B401AC
:10390000019002C0769567950A94E2F72F01412F46
:1039100084E0830D0E94D73EE981FA812191E983F9
:10392000FA83269DC001279D900D1124F601808702
:103930009187EB81FC818481811106C04F2D61E06C
:103940008B2D0E94F93E04C060E08B2D0E940D3F3C
:10395000E12E00E021E030E040E0EB81FC81668177
:103960008B2D0E94CE3DEB81FC818681F4E68F9FFA
:10397000C0011124F601808B918BEB81FC81858144
:10398000882331F04F2D6FE0822D0E94F93E04C054
:1039900060E0822D0E940D3FE12E0EE721E030E035
:1039A00041E0EB81FC816781822D0E94CE3DEB815D
:1039B000FC818781F4E68F9FC0011124F601808F7E
:1039C000918F33948B819C8108968B839C83239465
:1039D00092E0C90ED11CB394E4E03E1254CF249679
:1039E000CDBFDEBFDF91CF911F910F91FF90EF9080
:1039F000DF90CF90BF909F908F907F906F905F905F
:103A00004F903F902F9008958F929F92AF92BF92C8
:103A1000CF92DF92EF92FF920F93CF9348D24C0157
:103A20009DE3C92E9CE2D92EC0E0EE24E394F12C54
:103A30003CE9A32E31E3B32EC4018E219F21892BB3
:103A400029F06EE38C2F0E940D3F04C060E08C2FA4
:103A50000E940D3F00E021E030E040E060E08C2F6C
:103A60000E944E3EF601A192B1926F01EE0CFF1C36
:103A7000CF5FC03109F7CF910F91FF90EF90DF90AA
:103A8000CF90BF90AF909F908F900895EF92FF924C
:103A90000F93CF93DF938DE3E82E8CE2F82EC0E0F6
:103AA0006C2F8091C52FBCDDD82F882329F06AE0C8
:103AB0008C2F0E940D3F04C060E08C2F0E940D3FB0
:103AC00000E021E030E040E06D2F8C2F0E944E3E60
:103AD00024E6D29FC0011124F701819391937F01C5
:103AE000CF5FC031E9F6DF91CF910F91FF90EF905A
:103AF000089580919F2F9091A02F8230910531F0F1
:103B00008330910521F0019719F482CE7DCFBECF8D
:103B10000895EF92FF920F931F93CF93DF93182F87
:103B2000C82FD0E0E091E02BF0E0EE5DFC4FF49088
:103B3000E091B72FF0E0EE5DFC4F049150DE813054
:103B4000910531F140F08230910509F489C0039765
:103B500009F4A1C0BAC053E0CC0FDD1F5A95E1F7BC
:103B6000C358D04D8C8181110AE0812F8FDD60E038
:103B700070E802C0769567958A95E2F7402F812F0D
:103B8000DF91CF911F910F91FF90EF900C94D73E52
:103B90009E0124503109E90143E0CC0FDD1F4A9515
:103BA000E1F7FE01E358F04D848181110AE0F9014B
:103BB000E454FE4C8081882381F06AE00E94984D95
:103BC000A82FB0E0AA0FBB1FA059BF4D6D917C91EB
:103BD000402F812F0E94D73E0FC0F901EF51F44DC5
:103BE00060E070E8008002C0769567950A94E2F77D
:103BF000402F812F0E94D73E0091F120002311F029
:103C0000015001C00FE0602F8CEF810F09DD882388
:103C1000E9F0C358D04D8C81882311F02AE0F22EB0
:103C20000E940D394F2D882379F0011102C06DE3F8
:103C300002C06091B62F812FDF91CF911F910F911C
:103C4000FF90EF900C94F93E60E5F5CF60E0812F96
:103C5000DF91CF911F910F91FF90EF900C940D3F4A
:103C6000289793E0CC0FDD1F9A95E1F7FE01E3580A
:103C7000F04D8481882311F08AE001C08FE7C3589A
:103C8000D04DE82E00E022E030E040E06E81812F50
:103C90000E94CE3D1AC02C9783E0CC0FDD1F8A9581
:103CA000E1F7FE01E358F04D8481882311F08AE0AA
:103CB00001C08FE7C358D04DE82E0EE722E030E078
:103CC00041E06F81812F0E94CE3DDF91CF911F9106
:103CD0000F91FF90EF900895CF93DF93D82FC0916D
:103CE000F120CC2311F0C15001C0CFE08091B73159
:103CF0009091B831029761F5CD1318C06091B62F3D
:103D00008C2F0E940D3FCC2311F0C15001C0CFE099
:103D10006C2F8091C52F84DC811102C060E001C04E
:103D20006AE08C2FDF91CF910C940D3F6D2F809125
:103D3000C52F76DC882331F06AE08D2FDF91CF919B
:103D40000C940D3F60E08D2FDF91CF910C940D3FCF
:103D5000D111ECCF6091B62F80E00E940D3FCFE0F3
:103D6000D7CF4091F1209091F2204917B1F13091D5
:103D70000520303190F5381330C08091BA316AE1B6
:103D80000E948C4DE4E0F0E0E81BF109E959FF4D99
:103D90002081842F622F0E948C4D492F9C30C8F4C3
:103DA000215080E090E8BC0102C0769567952A9585
:103DB000E2F780E090E8AFEFBFEF04C0B695A795BB
:103DC000979587954A95D2F7682B792B832F0E9478
:103DD000F23E8091F1208093F22008950F9380911C
:103DE000F42090E020919F2F3091A02F821793070D
:103DF00009F07FDE80919F2F9091A02F8093F42077
:103E000081309105C9F048F082309105C9F00397DF
:103E1000D1F48091F32060DF16C000E020E030E0B4
:103E200040E060E08091F3200E944E3E60E580918A
:103E3000F3200E940D3F07C08091F3206ADE03C08B
:103E40008091F3208EDF8091F3208F5F803118F412
:103E50008093F32002C01092F3200F9108950F93E6
:103E60001F93CF93DF931092F6201092F72001E07A
:103E700010E0CDE0D4E0CE010E94F905853A51F47E
:103E80008091F6209091F720802B912B8093F62043
:103E90009093F720000F111FC05CDF4FCD3088E0FA
:103EA000D80749F7DF91CF911F910F910895809125
:103EB000F6209091F7200895F89421E030E0082E44
:103EC00002C0220F331F0A94E2F7209530954091EB
:103ED000F6205091F720242335232093F6203093A9
:103EE000F72020E4829FC00111246FEF835F9B4F76
:103EF0000E944E06789408956F927F928F929F92BF
:103F0000AF92BF92CF92DF92EF92FF920F931F93E7
:103F1000CF93DF93CDB7DEB7A097CDBFDEBFC82E5E
:103F20000E94450E8E010F5F1F4F80E2D8011D9247
:103F30008A95E9F7DC2CDD0C2FE1622E6D0CE12C6B
:103F400048015401F12C6F2D8E2D6ADB782E61E033
:103F50006F0D8E2D65DB769476947694729490EF47
:103F600079228695869586958F708729F5018193AC
:103F70005F01F394F394F0E1FF12E5CF88E0880E3F
:103F8000911CE394A4E0EA12DCCFC8010E94700601
:103F9000862D0E94820678014801B12C8B2D76DB9C
:103FA000F40181934F01B394F4E0BF12F7CF6DE7B2
:103FB0007FE29E01275F3F4FFB0185818795882720
:103FC00087959781892BD70114968C9314978481B8
:103FD0008795882787959681892B15968C93389697
:103FE000B2E0EB0EF11CE216F30639F74DE95FE2A1
:103FF00091E080E0FB012181222311F0292F01C0F3
:1040000020E0822B990F685F7F4F4617570791F783
:104010008F708D8785EA8E8781E090E002C0880FDF
:10402000991FCA94E2F72091F6203091F720822B55
:10403000932B8093F6209093F720C8010E9470067E
:1040400080E28D0D0E9482060E944D0EA096CDBF8B
:10405000DEBFDF91CF911F910F91FF90EF90DF9026
:10406000CF90BF90AF909F908F907F906F9008956A
:104070009F92AF92BF92CF92DF92EF92FF920F93F7
:104080001F93CF93DF9320E4829FC0011124EC01A2
:10409000C052DC4F91EEA92E9BE2B92E6E0100E0DA
:1040A000F50111925F01C601912C7C01FFEFEF1A1F
:1040B000FF0A0E94F905182F482F42954F70440FB0
:1040C000440F440F692D802FC3DA412F4F70440FE6
:1040D000440F440F61E0690D802FBADA93949394F2
:1040E000C70120E19212E1CF88E0C80ED11C0F5F1A
:1040F0000430B1F6CE01809610E07C01EFEFEE1AAD
:10410000FE0A0E94F905682F812FBADA1F5FC701E6
:10411000143099F76E01F4E2CF0ED11C0DE71FE2C7
:1041200084E1F82EC6010E94F9058F77F801878394
:104130005601FFEFAF1ABF0AC6010E94F905881F9A
:104140008827881FF8019581891731F04FE764E0CF
:104150006F0D87E00E947639C5010E94F9058F77BF
:10416000F8018683F2E0CF0ED11CC5010E94F9054B
:10417000881F8827881FF8019481891729F04FE745
:104180006F2D87E00E947639085F1F4FF394F8E1A6
:10419000FF12C8CFCE018C960E94F905082FCAE6FF
:1041A000D1E01FE741E0802F8D2309F440E0419FDB
:1041B000402D11246C2F87E00E947639DD0FCF5FF0
:1041C000CE3681F7DF91CF911F910F91FF90EF9045
:1041D000DF90CF90BF90AF909F900895EF92FF92A5
:1041E0000F931F93CF93C82F162F80919F2F9091DD
:1041F000A02F8230910509F474C08330910509F431
:10420000B9C0019709F0E8C08C2FE9DA8130910537
:1042100029F140F08230910509F43CC0039709F47C
:1042200049C0DAC0112309F4D7C028E0C29FF001C9
:104230001124E358F04D418181E0482741838FE705
:10424000489F402D11246AE66C0F87E00E94763962
:10425000CF911F910F91FF90EF90DACA1111BCC05E
:10426000EC2FF0E0EE0FFF1FE854FE4C80819181AF
:10427000803D974050F4C450C093C52F83E090E038
:1042800080939F2F9093A02FA7C0C2DA8FE78093CF
:10429000BA31A2C0112309F49FC088E0C89FF00181
:1042A0001124E35CF04D8481882381F06CE06C0F75
:1042B0004FE70FC0112309F48FC028E0C29FF0011F
:1042C0001124E35EF04D8581882381F36CE06C0F4F
:1042D0004FE387E0CF911F910F91FF90EF900C94E7
:1042E0007639662309F478C08091FA20882351F04A
:1042F0008C2FE2DD80910520C81336C081E18093C8
:10430000052032C00C2F10E081E090E00C2E02C09E
:10431000880F991F0A94E2F72091F6203091F72038
:1043200082239323000F111F892B81F08C2FA0DE95
:10433000C0930520F801E35CF34D8081918164E630
:1043400070E00E94A54D6093BA310EC08C2FD4DD71
:10435000C0930520F801E35CF34D8CE991E3808381
:1043600091838FE78093BA31CF911F910F91FF9086
:10437000EF904ACB662381F16C2F8091C52F50D9E5
:10438000EC2EF12C00E021E030E040E081110FC084
:104390006FE78C2F0E944E3EF701EE0FFF1FE35C8C
:1043A000F34D8CE991E3808391834FE70CC060E08B
:1043B0008C2F0E944E3EF701EE0FFF1FE35CF34D82
:1043C0001082118240E06C2F8091C52FCF911F91F8
:1043D0000F91FF90EF903CC9CF911F910F91FF90EB
:1043E000EF9008952F923F924F925F926F927F923B
:1043F0008F929F92AF92BF92CF92DF92EF92FF92F5
:104400000F931F93CF93DF93CDB7DEB72997CDBF1F
:10441000DEBF0E94364798EBC92E91E3D92E28EBD8
:10442000A22E21E3B22E31EA832E3FE2932E44E204
:10443000442E4FE2542E8DED9BE28A839B83EDE365
:10444000FCE2E887F98751E5E52E5CE2F52E712C58
:1044500022242394312C80917A2090917B208C838C
:104460009D83E0917820F0917920EE83FF83872D62
:104470000E9424478983082F880F110B011511050D
:1044800009F44DC184EF870D843038F580919F2F5A
:104490009091A02F019709F5E885F9858081918198
:1044A0000E94C52E8823C9F0F7018081F9818F0F02
:1044B000F70180838B303CF08E819F81E885F98500
:1044C0008083918388C0863F0CF085C08C819D815C
:1044D000E885F985808391837EC0E885F9858081B0
:1044E00091810E94CE2EE885F98520813181882333
:1044F000A1F12436310520F4101611063CF00CC051
:104500002933F1E33F0740F017FF06C0F701848528
:10451000F9818F0FF7018487F701848584306CF06F
:104520002436310508F057C084E690E0E885F98527
:1045300080839183F70114864EC08D3F0CF04BC0F1
:104540002933314308F447C088E391E3E885F985CE
:1045500080839183F70114863EC0F3E0F71588F05D
:1045600080919F2F9091A02F019771F4498180E550
:104570004802200D311D1124E885F98520833183FF
:1045800020C0F7E0F71588F080919F2F9091A02F21
:10459000019759F4498184E64802200D311D112408
:1045A000E885F985208331830CC0F2EBF09FC001D0
:1045B000F19F900D1124280F391FE885F98520837C
:1045C0003183E885F985808191810E94B82EE88544
:1045D000F98580839183E885F985808191810E94A6
:1045E000B12E682E80919F2F9091A02F8130910540
:1045F00009F07BC0872DF3D88130910531F190F01F
:104600008230910509F466C0039709F088C0F20171
:104610006082F4016082462D60E1670D87E00E94B0
:1046200076397DC0662D70E080E090E00E94724A8D
:104630002DEC3CEC48E351E40E94D7490E94444AE7
:10464000872D1ED8F40160826AC0F60180819181B5
:10465000009761F1FEE4F09F9001F19F300D301B57
:104660001124E885F98540815181240F351F20836D
:10467000318317FF03C0119501951109F4E6F09FEE
:104680009001F19F300D1124820F931FF60180835A
:104690009183F5018081F9818F0F88321CF4F50137
:1046A00080833DC047E2F501408339C0662D70E04C
:1046B00080E090E00E94724A2DEC3CEC48E351E42B
:1046C0000E94D7490E94444AEA81FB816083F40139
:1046D000608225C0F201678EF4016082462D60E29F
:1046E000670D87E00E9476391AC08330910579F40E
:1046F000462D672D8091C52F0E94281B00E021E0E8
:1047000030E040E0662D872D0E944E3E08C00297A3
:1047100031F480910520871102C06092BA310E9465
:10472000654782219321892B21F061E0872D56DD99
:1047300009C00E946A4782219321892B19F060E009
:10474000872D4CDD8CEF870D843088F40E94604704
:1047500082219321F601892B31F08081918101968C
:104760008083918304C010821182F5011082220C93
:10477000331C7394F2E0CF0ED11C4FEFA41AB40A8D
:104780008FEF881A980A98E0490E511CEA81FB8144
:104790003196EA83FB838885998502968887998775
:1047A0009FEFE91AF90AE0E17E1261CE2996CDBFAA
:1047B000DEBFDF91CF911F910F91FF90EF90DF90BF
:1047C000CF90BF90AF909F908F907F906F905F90B1
:1047D0004F903F902F900895CF92DF92EF92FF92EB
:1047E0000F931F93CF93882309F442C08091FA203E
:1047F000882361F081E090E0C9D2CF911F910F91A1
:10480000FF90EF90DF90CF900C943F3581E0809344
:10481000FA2005EE1BE291EEC92E9BE2D92EC0E0F4
:104820008C2F0E94461BF8018083F60181916F0155
:10483000F8018183E12CF12C6E2D8C2F0E94101B2E
:10484000F801EE0DFF1D8283FFEFEF1AFF0A80E1F2
:10485000E816F10489F7CF5F0E5E1F4FC43001F7F1
:10486000CF911F910F91FF90EF90DF90CF9008951F
:104870001092FA2005EE1BE281EEC82E8BE2D82EB4
:10488000C0E0F80160818C2F0E94401BF8018181FB
:10489000F60181936F01E12CF12CF801EE0DFF1D63
:1048A00042816E2D8C2F0E94281BFFEFEF1AFF0A0A
:1048B00080E1E816F10489F7CF5F0E5E1F4FC43028
:1048C00001F7CF911F910F91FF90EF90DF90CF9064
:1048D0000C94081CDF92EF92FF920F931F93CF93DB
:1048E000DF938091B931882339F080919F2F909187
:1048F000A02F892B09F47DC00E946F47D82EC0E0FD
:10490000D1E082E0E82EF12C01E010E08091F5206A
:104910009D2D98279D2339F08D23B9F00BC0C2300F
:1049200059F00E94D81ADD0FCF5FC63079F7D092C8
:10493000F5205FC0C23019F40E944C1BF4CFC33085
:10494000E0F4C13081F780E008C0C33009F44AC008
:1049500008F044C0C13019F781E020919F2F3091B9
:10496000A02F2130310599F08111DDCF00939F2FC9
:104970001093A02F0E94081CD6CFC43089F480E089
:1049800020919F2F3091A02F2130310511F424DF89
:10499000CACF8111C8CF00939F2F1093A02FC3CFF0
:1049A000C53009F0C0CF80E004C0C53009F0B9CFF0
:1049B00081E020919F2F3091A02F2230310549F4C2
:1049C000882321F081E08093FA20ADCF1092FA2065
:1049D000AACFE0929F2FF092A02FA5CFC43029F745
:1049E00081E0CECF8091FA2081119DCF0E94BC1A28
:1049F0009ACFDF91CF911F910F91FF90EF90DF90B1
:104A00000895CF93DF93CDB7DEB76397CDBFDEBFF9
:104A10008B8B8091FB209091FC20049769F58B890A
:104A2000882351F18091C83189838981882309F4D1
:104A300044C08981893008F040C08981882F90E086
:104A40000197880F991F83509F4DFC0180819181B0
:104A5000892B99F18981882F90E00197880F991F00
:104A600083509F4DFC01208131818B89815069ECFD
:104A700071E3F901199521C08091FB209091FC20F0
:104A80000397E1F48B898230C8F08091C831863079
:104A9000A9F48091C931813089F481E1E6E3F0E243
:104AA000DE01129601900D928A95E1F7CE010296F1
:104AB000BC0181E10E94973901C0000000006396AB
:104AC000CDBFDEBFDF91CF9108959FEF980F983053
:104AD00040F4E82FF0E0EE0FFF1FE550FF4D60833C
:104AE00071830895FC0180910D21811129C081E01D
:104AF00080930D2188EC91E380930E2190930F21F8
:104B00008181803F39F582818E3771F48381909164
:104B10001420891711F08F37E9F483E090E0809337
:104B2000FB209093FC200895811114C08381813073
:104B300089F481E090E08093FB209093FC2008951D
:104B40008091FB209091FC2081309105F1F48181CE
:104B5000893739F082E090E08093FB209093FC202D
:104B60000895A0910E21B0910F21CD0102962091C0
:104B70000620309107208217930760F784E090E0C9
:104B80008093FB209093FC201AC0029761F1A091C2
:104B90000E21B0910F21CD01039620910620309176
:104BA000072082179307B0F6029780930E21909307
:104BB0000F2181818C93A0910E21B0910F21CD0105
:104BC000019680930E2190930F2182818C93A09166
:104BD0000E21B0910F21CD01019680930E2190936B
:104BE0000F2183818C930895FC0110920D218091F7
:104BF000FB209091FC2081309105C1F4818189379F
:104C000009F049C0A0910E21B0910F21CD0102966B
:104C1000209106203091072082179307E0F584E069
:104C200090E08093FB209093FC201AC0029799F1AA
:104C3000A0910E21B0910F21CD0103962091062065
:104C4000309107208217930730F5029780930E2149
:104C500090930F2181818C93A0910E21B0910F210F
:104C6000CD01019680930E2190930F2182818C9328
:104C7000A0910E21B0910F21CD01019680930E21BC
:104C800090930F2183818C9380910E2190910F211D
:104C9000885C9143B6DE1092FB201092FC200895B0
:104CA00020910D212223B9F110920D212091FB209A
:104CB0003091FC202230310551F1A0910E21B091AC
:104CC0000F219D012E5F3F4F4091062050910720FC
:104CD00024173507E0F4FC01CD01019680930E21E5
:104CE00090930F2181818C93A0910E21B0910F217F
:104CF000CD01019680930E2190930F2182818C9398
:104D000080910E2190910F21885C91437ADE109260
:104D1000FB201092FC20089520910D21222349F1BF
:104D200010920D212091FB203091FC202230310582
:104D3000E1F0A0910E21B0910F219D012F5F3F4F17
:104D400040910620509107202417350770F4FC018C
:104D500020930E2130930F2181818C9380910E211D
:104D600090910F21885C91434CDE1092FB201092B1
:104D7000FC200895E4E1F1E2108211821282138294
:104D8000089580911121909112210895809311210D
:104D9000909312210895809113210895DC011C96AF
:104DA0008C911C97E8E1F1E284878D919C91119799
:104DB0008083918312968D919C9113978283938324
:104DC00014968D919C9115978483958316968D9159
:104DD0009C9117978683978318968D919C9119972C
:104DE000808791871A968D919C911B9782879387D4
:104DF000089588E191E20895CF93C0E021E040E07A
:104E000050E0BA018C2F0E945A3E60E070E08C2F77
:104E10000E94F23ECF5FC03189F7C0E09FD720E00B
:104E20008C1308C040E05FEF6FEF70E08C2F0E94A2
:104E30005A3E07C04FEF50E060E070E08C2F0E94B8
:104E40005A3ECF5FC43051F7CF9108951F93CF934F
:104E5000DF93182FEB016230710510F40E940544B6
:104E600080912421882319F079D7982F01C090E0F0
:104E7000E12FF0E0EE0FFF1FE85EFE4D0190F081A4
:104E8000E02DE431F10508F097C18827E85FFE4F77
:104E90008F4F0C940A4EC130D10549F468E0610F80
:104EA000292F220F920F990F690F4FE77EC1CD2B4B
:104EB00009F082C1892F880F980F990F68E0610F60
:104EC000690F40E072C1C130D10509F075C1012EF2
:104ED00001C0CC0F0A94EAF7E92FF0E0EC5EFE4D3A
:104EE00080818C278083C82311F440E001C04FE704
:104EF000892F880F980F990F68E0610F690F55C1CE
:104F0000C130D10551F468E0610F292F220F920FB3
:104F1000990F690F2FE741E00CC0CD2B09F04CC170
:104F2000892F880F980F990F68E0610F690F20E0B3
:104F300040E08091B92FDF91CF911F910C944E39B1
:104F4000C130D10509F038C1012E01C0CC0F0A943F
:104F5000EAF7E92FF0E0EC5EFE4D80818C2780833C
:104F6000C82311F420E001C02FE741E0C11101C0C6
:104F700040E0692F660F960F990F68E0610F690F87
:104F8000D8CFC130D10551F482E090E08093112157
:104F90009093122111C1C130D105A9F0CD2B09F098
:104FA0000BC10E943F3581E090E0809311219093E6
:104FB000122102C1219709F0FFC080911121909127
:104FC0001221039771F383E090E080931121909375
:104FD0001221F2C0219709F0EFC080911121909128
:104FE0001221029789F6DDCF219709F0E5C0B6D6E8
:104FF000833008F0E1C0B2D690E003970CF4BCC057
:10500000C3E0BFC0219709F0D7C0A8D6882309F410
:10501000D3C0A4D690E005970CF0B2C09FD6CFEFD6
:10502000C80FAFC0C130D10551F481E08093132186
:1050300095D60E941745DF91CF911F91DDCEC230EA
:10504000D105B9F48BD6C82F85E00E94453FD82FF3
:10505000282F40E05FEF6FEF70E08C2F0E945A3EE8
:105060004D2F6FEF7FEF8C2FDF91CF911F910C941D
:10507000D73ECD2B09F0A0C010921321DF91CF9124
:105080001F910C943F35219709F096C067D640E0F8
:10509000682F8091B92F0E9476394FE760E08091A8
:1050A000B92F0E94763980919E2F882319F080E0D5
:1050B0000E948F4280E0DF91CF911F910C94E130EC
:1050C000219709F079C04AD640E0682F8091B92F26
:1050D0000E9476394FE761E08091B92F0E947639BE
:1050E00080919E2F882319F081E00E948F4281E0F9
:1050F000DF91CF911F910C94E130219709F05CC0B2
:105100002DD640E0682F8091B92F0E9476394FE765
:1051100062E08091B92F0E94763980919E2F88237A
:1051200019F082E00E948F4282E0DF91CF911F91BF
:105130000C94E130219709F03FC010D640E0682F71
:105140008091B92F0E9476394FE763E08091B92FA3
:105150000E94763980919E2F882319F083E00E9467
:105160008F4283E0DF91CF911F910C94E130219722
:1051700019F5F4D5833020F4F1D5C1E0C80F01C092
:10518000C0E0ECD540E0682F8091B92F0E947639BD
:1051900080919E2F882319F08C2F0E948F428C2F94
:1051A0000E94E130DBD54FE7682F8091B92FDF9166
:1051B000CF911F910C947639DF91CF911F91089573
:1051C0000F931F93CF93DF930E946F470E94B247C4
:1051D00082719927429791F48091102182718230D7
:1051E00011F08031B9F584E090E080931121909323
:1051F00012210E94791D109210212CC0C0E0D1E034
:105200000E94B6470D2F10E080239123892B29F0AF
:1052100061E070E08C2F1ADE15C00E94BA4780232F
:105220009123892B29F060E070E08C2F0FDE0AC0FB
:105230000E94B24780239123892B21F062E070E025
:105240008C2F04DEDD0FCF5FC630D1F60E94B2474F
:1052500080931021DF91CF911F910F9108959FE0CE
:10526000989FD0011124A95FBB4C969FF001112497
:10527000E95FFB4C17969C911797878198130CC098
:1052800018969C918085981307C0923029F094302D
:1052900019F081E0953009F480E008950F931F9391
:1052A000CF93DF93CDB7DEB72897CDBFDEBF262FD4
:1052B0008A01F89430E8839FC0011124809648E069
:1052C00050E0BE016F5F7F4FE8E02E9F800D911D83
:1052D00011240E940A0678948981982F9F70F80102
:1052E0009283158282958F7083838A818F778483DE
:1052F0008B8181878C8182878D81982F9F7793877F
:10530000881F8827881F80838E81982F93709487A9
:10531000982F969596959370918382958F70868736
:105320008F81982F9770908782958F70868388855C
:10533000982F9F779783881F8827881F85872896AF
:10534000CDBFDEBFDF91CF911F910F910895AF9236
:10535000BF92CF92DF92EF92FF920F931F93CF9362
:10536000DF93C7E0D4E37E0110E0612F6F70A701E7
:10537000812F82958F7092DF1F5F8FE0E80EF11C06
:10538000103499F79BECA92E97E3B92E23E2E22E75
:10539000F12C670100E010E0C6010E94F905F5015B
:1053A000E00FF11F808388E0C80ED11C0F5F1F4FF4
:1053B0000031110589F780E8E80EF11C80E1A80EA4
:1053C000B11C83E2E81682E0F80619F71092A738BC
:1053D0001092A8381092A9381092AA381092AB38BF
:1053E0001092AC381092AD381092AE38E09189210D
:1053F000F0E0ABE0B8E31D9288E3AB31B807D9F732
:10540000EE0FFF1FE955F74C10821182E7ECF2E333
:1054100027E433E38CE998E14881DF01A058BF4FCE
:10542000442329F0808391838D939C9304C0108240
:1054300011821D921C922F9632962E173F0761F70C
:1054400088E08093882182E080938721DF91CF914B
:105450001F910F91FF90EF90DF90CF90BF90AF9092
:105460000895DF92EF92FF920F931F93CF93DF93F4
:10547000CDB7DEB7A897CDBFDEBF80914720909112
:105480004820A0914920B0914A208DA39EA3AFA3AC
:10549000B8A780914B2090914C20A0914D20B091C5
:1054A0004E2089A39AA3ABA3BCA38E010F5F1F4F0D
:1054B00080E2F80111928A95E9F7F80180E050E165
:1054C0009FE74FE332E421E050838183928393830B
:1054D00044833583268387838F5F38968430A1F792
:1054E00080E07E01F1E2EF0EF11CDD24D394D80EB2
:1054F0008695869590E0E5E2F0E0EC0FFD1FE80F61
:10550000F91F2081F701E80FF91F80812B838C831D
:105510002B878C872B8B8C8B2B8F8C8FF894C801CF
:105520000E9470068D2D0E9482067894F801818178
:105530008C5F818387818C5F87833896EE15FF05AA
:10554000B1F78D2D803189F6A896CDBFDEBFDF91F2
:10555000CF911F910F91FF90EF90DF9008958F9260
:105560009F92AF92BF92CF92DF92EF92FF927B0118
:10557000682F70E080E090E00E94704A2091B8208F
:105580003091B9204091BA205091BB200E94824BAB
:105590004B015C01B70180E090E00E94704A9B01E2
:1055A000AC01C501B4010E94D7492091B4203091CB
:1055B000B5204091B6205091B7200E946F496B01F1
:1055C0007C0120E030E040E853E40E947E4B181656
:1055D0008CF020E030E040E85FE3C701B6010E94B4
:1055E000D34987FF0DC0C12CD12C90E8E92E9FE351
:1055F000F92E06C0C12CD12C80E8E82E83E4F82EC9
:10560000C701B6010E94444ACB01FF90EF90DF90A2
:10561000CF90BF90AF909F908F9008953FE0439FB1
:10562000F0011124E95FFB4C9081992369F0E62F8A
:10563000F0E0EE0FFF1FE953FD4C408151814156D0
:105640005841413D510510F080E0089590E0DC01A3
:10565000A55FB74C3C91230F2C93409188214217B2
:1056600034F482E399E18083918381E00895022EEE
:10567000000C330B552741950CF450952417350732
:1056800034F480E698E18083918381E0089520914D
:10569000892130E1239F800D911D1124FC01E957E0
:1056A000FD4C8FE3808381E008959FE0499FF001E6
:1056B0001124E95FFB4C9085923081F09450923038
:1056C00068F070E0660F771FFB01E953FD4C4081E5
:1056D0005181FA013197EB39F14310F480E00895DC
:1056E000E82FF0E0443651051CF412161CF008C0F7
:1056F00027FF06C0DF01A55FB74C8C91280F2C93C4
:10570000E55FF74C20818091872182176CF4443645
:10571000510554F4DB01A953BD4C84E690E08D9310
:105720009C93108281E00895022E000C330B992780
:1057300081950CF49095281739076CF4493351433F
:1057400054F0DB01A953BD4C88E391E38D939C9306
:10575000108281E0089581E00895BF92CF92DF9298
:10576000EF92FF920F931F93CF93DF93C82F0E9466
:1057700036478C2F8295807FDCE2D80F3CE3B32E36
:10578000B80EEE24E394F12C0C2F10E0000F111F43
:10579000C8018953984C6C010556174C0E94654707
:1057A0008E219F21892BB1F02FE741E06D2F809151
:1057B000B92F0E944E39F601808191818E219F215F
:1057C000892B31F5F801808191818E299F29808371
:1057D00091831EC00E946A478E219F21892BC1F0B0
:1057E00020E040E06D2F8091B92F0E944E39F601E4
:1057F000808191818E219F21892B51F4F801208194
:105800003181C70180959095822393238083918372
:10581000EE0CFF1CDF5FBD12C1CF80912621EC2F63
:10582000F0E0EE0FFF1FE556F74C21E030E0082EC8
:1058300002C0220F331F0A94E2F7408151812423D2
:10584000352360E0232B61F00E940D3F00E021E052
:1058500030E040E06FE7809126210E944E3E0BC071
:105860000E940D3F00E021E030E040E060E08091E8
:1058700026210E944E3E809126218F5F803118F4B0
:105880008093262102C010922621DF91CF911F9193
:105890000F91FF90EF90DF90CF90BF900895AF925F
:1058A000BF92CF92DF92EF92FF920F931F93CF930D
:1058B000DF93C82FD0E08FE08C9FF0018D9FF00D1B
:1058C0001124E95FFB4C222311F0068501C00681FB
:1058D0002FE02C9FC0012D9F900D11249C01295F6A
:1058E0003B4C7901F9018085982F9D7F913009F01B
:1058F00066C0162F462F6781802F0E947639F701E8
:105900008585882309F46EC06091B12FA090B82FCF
:105910001A1578F1B12C70E06A197B09072E000C7A
:10592000880B990B0E94724A20E030E04EEF52E45F
:105930000E94D7499B01AC0160E070E080E89FE3E2
:105940000E94D7496B017C01612F70E06A197B09C5
:10595000072E000C880B990B0E94724A9B01AC0128
:10596000C701B6010E94824B0E94444AF62E172FAF
:1059700002C0F12C10E08091BD389091BE380E9499
:105980000F134F2D512F4038510510F04FE750E0C5
:105990008FE08C9FF0018D9FF00D1124E95FFB4C8F
:1059A0006781605C802FDF91CF911F910F91FF90F5
:1059B000EF90DF90CF90BF90AF900C94763981112B
:1059C00011C0262F41E0F7016781802FDF91CF9131
:1059D0001F910F91FF90EF90DF90CF90BF90AF900D
:1059E0000C944E39DF91CF911F910F91FF90EF9062
:1059F000DF90CF90BF90AF9008954423B9F0282F47
:105A000030E09FE0899FF0011124E95FFB4C808525
:105A1000833061F4F901EE0FFF1FE953FD4C8081E3
:105A20009181C29664E670E00E94B94D862F089578
:105A3000282F22952F70782F7F7030E0E72FF0E02D
:105A4000611128C0D901AA0FBB1FA155B74C41E075
:105A500050E002C0440F551F7A95E2F740955095EB
:105A60006D917C911197462357234D935C9364E08D
:105A7000220F331F6A95E1F72553384CE20FF31FCD
:105A80009FE0899FD0011124A95FBB4C1A968C918D
:105A9000808308959FEF960FD901AA0FBB1FA155D0
:105AA000B74C9D37D0F481E090E002C0880F991F79
:105AB0007A95E2F74D915C911197842B952B8D93FC
:105AC0009C93C90124E0880F991F2A95E1F785531B
:105AD000984CE80FF91F6083089541E050E002C040
:105AE000440F551F7A95E2F76D917C911197462BE3
:105AF000572B4D935C9394E0220F331F9A95E1F757
:105B00002553384CD901AE0FBF1F9FE0899FF0018C
:105B10001124E95FFB4C81858C930895E82FE29571
:105B2000EF70F0E08F7090E0611103C020E030E092
:105B300002C02FE730E044E0EE0FFF1F4A95E1F787
:105B4000E80FF91FEE0FFF1FE55EF74C208331834E
:105B50000895982F882329F081E0913320F09F3712
:105B600011F080E008950895982F813318F081E0B6
:105B7000913608F080E00895CF92DF92EF92FF9285
:105B80000F931F93CF93DF939091892180912521CB
:105B9000282F30E0F90140E1949FE00DF11D112420
:105BA000E957FD4CD081C82F40E1949FC00D1124CE
:105BB000F901E958FE4D9081D917B9F09FE0C99FCE
:105BC000F0011124E95FFB4C248530E041E0908135
:105BD000911101C040E003856D2F0E944E3EE0917F
:105BE0002521F0E0E958FE4DD08380912521282F12
:105BF00030E090918921F90140E1949FE00DF11D81
:105C00001124E553F84CD081F901E959FE4D9081FA
:105C1000D91749F06D2F0E940D3FE0912521F0E04A
:105C2000E959FE4DD083C0908921D0902521ED2CDB
:105C3000F12C80E1C89E80011124F801E953FC4C4D
:105C4000EE0DFF1DD081DD23B1F08D2F8DDF882378
:105C500091F0D801A553B84CAE0DBF1D2C914D2F1E
:105C60006C2D8D2D0E946F3FE0912521F0E0E95AC7
:105C7000FE4DD08323C0F701E95AFE4D8081882371
:105C8000E9F09FE0C99FF0011124E95FFB4C2485F6
:105C900030E041E08081811101C040E0D801A95786
:105CA000BD4CAE0DBF1D03856C918D2D0E944E3EE7
:105CB000E0912521F0E0E95AFE4D1082D090892133
:105CC00000912521E02EF12C40E1D49EE001112429
:105CD000FE01E95BFD4CEE0DFF1D10811123B9F0B3
:105CE000812F37DF882399F0CE018553984CEC0142
:105CF000CE0DDF1D2881412F6D2D802F0E946F3F1B
:105D0000E0912521F0E0E95BFE4D108314C0F7011E
:105D1000E95BFE4D8081882371F0C553D84CCE0DD0
:105D2000DF1D6881802F0E940D3FE0912521F0E06A
:105D3000E95BFE4D1082809125218F5F803118F440
:105D40008093252102C010922521DF91CF911F91D0
:105D50000F91FF90EF90DF90CF900895809189216F
:105D60000895C29664E670E00E94B94D862F0895AA
:105D700097FD05C08D3921E3920724F4089580E052
:105D800090E008958CE991E308959C0121563841F3
:105D900081E0213D310508F080E008959C0121500B
:105DA000310981E02B39314308F480E00895EF9206
:105DB000FF921F93CF93DF93182FC1E0D0E0062E00
:105DC00002C0CC0FDD1F0A94E2F780E1189F600D3E
:105DD0001124E62EF12C8FE0689FF0011124E95F79
:105DE000FB4C8281873061F08FE08E9DF0018F9DAA
:105DF000F00D1124E95FFB4C82818830B1F408C0BA
:105E00000E9460478C239D23892B71F381E00EC093
:105E1000E12FF0E0EE0FFF1FE955F74C80819181F3
:105E2000C823D92381E0CD2B09F480E0DF91CF9105
:105E30001F91FF90EF900895CF93C62F90E1899F17
:105E4000C00D1124B4DF8111C05C8C2FCF91089557
:105E5000DF92EF92FF920F931F93CF93DF93CDB713
:105E6000DEB7A097CDBFDEBFF82ED62E8A01E4DFC5
:105E70009FE0989FD0011124A95FBB4CF8010190CD
:105E80000D929A95E1F7ED2CE694E69420E8F29EC7
:105E9000C0011124809640E250E0BE016F5F7F4F49
:105EA00030E2E39E800D911D11240E940A068D2D83
:105EB0008370E1E0F0E0EC0FFD1F98E0899FE00DBA
:105EC000F11D1124D80112968C9187FD05C0908197
:105ED000907F8F70892B8083D80113969C9197FDBA
:105EE0000DC08081282F2F70892F90E0019754E0FA
:105EF000880F991F5A95E1F7822B8083D801149659
:105F00008C9187FF8183D80119968C9187FF8283BA
:105F1000D8011A968C9187FF8383D8019C9197FDB5
:105F200004C0848190FB87F98483D8011B968C91EF
:105F300087FD04C094819078892B8483D8011C96B6
:105F40008C9187FD05C095819C7F8370892B85830B
:105F5000D80111969C9197FD0AC08581282F237F37
:105F6000B4E09B9FC00111248C70822B8583D801E3
:105F70001E968C9187FD0EC02581922F9F70282F31
:105F800030E02150310944E0220F331F4A95E1F7F8
:105F9000292B2583D80118968C9187FD05C0968101
:105FA000987F8770892B8683D80116969C9197FDE0
:105FB0000EC02681822F8F70292F30E021503109A9
:105FC00094E0220F331F9A95E1F7282B2683D801FE
:105FD00017968C9187FD04C097819078892B8783D1
:105FE000D8011D969C9197FD04C0878190FB87F98D
:105FF0008783E394FF0CFF0CFE0CF894CE0101960E
:106000000E9470068F2D0E9482067894A096CDBFC4
:10601000DEBFDF91CF911F910F91FF90EF90DF9046
:1060200008952F923F924F925F926F927F928F923C
:106030009F92AF92BF92CF92DF92EF92FF920F9317
:106040001F93CF93DF93CDB7DEB72797CDBFDEBFCA
:10605000282E962E20E1829F900C1124E7E8CE2E68
:10606000E2E3DE2E1982412CA92CB12CFFE08F2E09
:106070008A9C80018B9C100D1124095F1B4CC80168
:1060800006968C839D83350190E4690E711CE0E1D6
:106090002E9ED0011124A957BD4CA60FB11DAE8371
:1060A000BF83A895241020C04394F0E1CF0ED11CEB
:1060B0002981205F298334E04312F3CF2796CDBF97
:1060C000DEBFDF91CF911F910F91FF90EF90DF9096
:1060D000CF90BF90AF909F908F907F906F905F9088
:1060E0004F903F902F9008957601312CC301880F77
:1060F000991FDC01A953BD4CAA83BB835980530C63
:10610000652D892DACD8882309F446C0632D842DD4
:106110004EDE252D30E0829EF001839EF00D11248D
:10612000E95FFB4CAC81BD814C919681491315C050
:10613000F501EE0FFF1FE953FD4C40815181F9013C
:10614000EE0FFF1FE953FD4C40835183811105C0C1
:10615000EE81FF819081D7019C93829EF001839E06
:10616000F00D1124E95FFB4CD8011E964C919685E9
:10617000491312C0EA81FB8140815181220F331FF4
:10618000F901E95BFC4C40835183882329F0AE81FF
:10619000BF818C91F70180833394FFEFEF1AFF0AE0
:1061A00020E13212ABCF80CFCF93DF93D82FC0E066
:1061B0006C2F8D2F36DFCF5FC031D1F7DF91CF91BC
:1061C00008957F928F929F92AF92BF92CF92DF926B
:1061D000EF92FF920F931F93CF93DF93982E8091AE
:1061E0008921E2DF27E7A22E21E2B22E37E6E32E55
:1061F00031E2F32E80E1989E60011124C0E0D0E0EE
:1062000004E610E088248A946C2F8091892114DEA2
:10621000782E6C2F892D10DEE82F809189219E0128
:1062200090E1899F200D311D112429573D4CA72D48
:10623000B0E0AA0FBB1FA953BD4C8D919C91B80132
:106240000E94B94DD9016C93D5018D925D01D701A2
:106250008D927D019E012C0D3D1D29573D4CF0E096
:10626000EE0FFF1FE953FD4C80819181B8010E9420
:10627000B94DF90160832196C031D10529F690927C
:106280008921DF91CF911F910F91FF90EF90DF90C7
:10629000CF90BF90AF909F908F907F9008958F92F6
:1062A0009F92AF92BF92EF92FF921F93CF93DF9393
:1062B000603408F016C1D22F142FC62F009721F09A
:1062C000019709F488C00DC1E62EF12C2FE0629FE2
:1062D000E0011124C95FDB4C8885982F9D7F9130A8
:1062E00009F057C06F818E810E9476398D85882391
:1062F00009F4F7C06091B12FC091B82F1C1778F145
:10630000D0E070E06C1B7D0B072E000C880B990B06
:106310000E94724A20E030E04EEF52E40E94D749DA
:106320009B01AC0160E070E080E89FE30E94D749E8
:106330004B015C01612F70E06C1B7D0B072E000C84
:10634000880B990B0E94724A9B01AC01C501B401F4
:106350000E94824B0E94444AD62FC72F02C0D0E031
:10636000C0E08091BD389091BE380E940F134D2F30
:106370005C2F4038510510F04FE750E08FE08E9DC4
:10638000F0018F9DF00D1124E95FFB4C6781605C8B
:1063900017C0811105C0242F41E06F818E8197C005
:1063A000823021F08450823008F09BC08FE08E9DB7
:1063B000F0018F9DF00D1124E95FFB4C412F6781A7
:1063C0008681DF91CF911F91FF90EF90BF90AF90AA
:1063D0009F908F908BC7A62EB12C3FE0639FC0018A
:1063E0001124AC01495F5B4C7A01DA0112968C9161
:1063F000982F9B7F923028F099EF980F923008F0F9
:106400005AC04D2F612F8C2FF8DA9FE09A9D900192
:106410009B9D300D1124F901E95FFB4C7F01B38096
:10642000D481482F6D2F8B2D61D7112309F459C0CA
:106430008091B92FB81255C0D43008F052C0809165
:10644000892190E0CF702C2F30E0AC0164E0440F44
:10645000551F6A95E1F7FA01E20FF31FEE0FFF1FD8
:10646000E55EF74C10821182A1E0B0E002C0AA0FF5
:10647000BB1FCA95E2F7880F991FFC01E155F74C45
:1064800060817181CD0186239723892B49F445537F
:10649000584CFA01E20FF31FD7011A968C918083B2
:1064A0008D2FDF91CF911F91FF90EF90BF90AF9014
:1064B0009F908F9086CE8250823098F4422F612F29
:1064C0008C2F9BDA282F4D2FF70164818381DF9178
:1064D000CF911F91FF90EF90BF90AF909F908F90C2
:1064E000DDC6DF91CF911F91FF90EF90BF90AF90ED
:1064F0009F908F900895DF92EF92FF920F931F93DA
:10650000CF93DF93E82ED62EF42EE9010E94CB26FE
:10651000882311F10E9465478C239D23892B09F460
:10652000A6C2CE2DC37040E0609189218091B92F21
:10653000DDD68C2F0E948F428C2F43DE4FE76C2FCD
:106540008091B92FD3D6DF91CF911F910F91FF90FA
:10655000EF90DF900C94FC260E9465478C239D23CE
:10656000892BB9F00E9405440F2D10E08FE0F89EB2
:10657000F0011124E95FFB4C828190E089309105A4
:1065800008F075C2FC018827E45EFE4F8F4F0C9423
:106590000A4E0E946A478C239D23892B19F767C2F4
:1065A0000E9465478C239D23892B09F460C280914A
:1065B000892190E02E2D30E0BC01D4E0660F771FDA
:1065C000DA95E1F7FB01E20FF31FEE0FFF1FE55E27
:1065D000F74C40815181452B19F44FE750E002C040
:1065E00040E050E0FB01E20FF31FEE0FFF1FE55EFE
:1065F000F74C40835183A1E0B0E002C0AA0FBB1F5B
:10660000EA94E2F7880F991FFC01E155F74C0190DD
:10661000F081E02DCD018E239F23892B09F07FC0CF
:106620008FE0809FF001819FF00D1124E95FFB4C0A
:106630004115510511F0818501C082856553784C63
:10664000FB01E20FF31F80836AC00E9465478C2321
:106650009D23E09189212E2D30E0D901892B71F005
:1066600090E1E99FA00DB11D1124AA0FBB1FA55EEB
:10667000B74C8FE790E08D939C930BC0C0E1EC9FEB
:10668000A00DB11D1124AA0FBB1FA55EB74C1D9212
:106690001C92F0E081E090E002C0880F991FEA941C
:1066A000E2F7DF01AA0FBB1FA155B74C4D915C91DA
:1066B0008423952354E0EE0FFF1F5A95E1F7892BB1
:1066C00031F5DF01A20FB31FAA0FBB1FA55EB74CA8
:1066D0008D919C91892B59F08FE0809FD001819FF3
:1066E000B00D1124A95FBB4C19968C910AC08FE0A4
:1066F000809FD001819FB00D1124A95FBB4C1A96D9
:106700008C91DF01A553B84CA20FB31F8C93E20FFD
:10671000F31FEE0FFF1FE55EF74C4081518121E032
:1067200041155105A9F520E033C08FE0809FF001AD
:10673000819FF00D1124E95FFB4C8081ED2DF0E08D
:10674000EE0FFF1FE953FD4C811148C010821182EA
:10675000D12C0E2D10E0F801E55FF74C108221E0FE
:106760004D2D6F2D80E090E09ADD8091892190E1A0
:10677000899F000D111D1124F801E957FD4CD082AD
:106780000E9465478C239D23892B69F021E04FE708
:106790006F2D81E090E0DF91CF911F910F91FF90DD
:1067A000EF90DF907CCD0E946A478C239D23892B3C
:1067B00009F45DC120E040E0EBCF8FE0809FF00165
:1067C000819FF00D1124E95FFB4C8081ED2DF0E0FD
:1067D000EE0FFF1FE953FD4C882339F08CE998E157
:1067E00080839183FFE3DF2EB4CF8CE991E3808334
:1067F0009183EFE7DE2EADCF0E9465478C239D236A
:10680000892B09F449C02E2D30E090918921892FE0
:1068100090E041E050E002C0440F551FEA94E2F7D7
:10682000FC01EE0FFF1FE155F74C6081718146239B
:10683000572374E0880F991F7A95E1F7452B81F46F
:10684000FC01E553F84CE20FF31F4FE0409FD001ED
:10685000419FB00D1124A95FBB4C19964C91408308
:1068600089579D4CEC01C20FD31FED2DF0E0EE0FC8
:10687000FF1FE953FD4C8081918164E670E00E9426
:10688000B94D68838FE0809FF001819FF00D112446
:10689000E95FFB4C4FE7E1C00E946A478C239D23D0
:1068A000892B09F4E4C02E2D30E090918921892FA5
:1068B00090E041E050E002C0440F551FEA94E2F737
:1068C000FC01EE0FFF1FE155F74C608171814623FB
:1068D0005723B4E0880F991FBA95E1F7452B81F44F
:1068E000FC01E553F84CE20FF31F4FE0409FD0014D
:1068F000419FB00D1124A95FBB4C1A964C91408367
:1069000089579D4CEC01C20FD31FED2DF0E0EE0F27
:10691000FF1FE953FD4C8081918164E670E00E9485
:10692000B94D688391C00E9465478C239D23892BB4
:1069300009F49DC080918921E82FF0E0EE0FFF1F40
:10694000E955F74C208131812C273D272083318365
:106950006E2D72DA4091892150E0BA01660F771FDF
:10696000FB01E955F74C208131812C233D23EE2D8D
:10697000F0E0EB01C155D74C64E0440F551F6A9518
:10698000E1F7A82FB0E081E090E002C0880F991FE6
:10699000EA94E2F7232B89F128813981822393231A
:1069A000892B91F4EA01C553D84CBE016E0F7F1FAD
:1069B0002FE0209FC001219F900D1124895F9B4CE7
:1069C000EC018985EB01888349575D4CE40FF51F85
:1069D000AA0FBB1FA953BD4C8D919C9164E670E03A
:1069E0000E94B94D60838FE0809FF001819FF00D80
:1069F0001124E95FFB4C4FE730C0288139818223A5
:106A00009323892B91F4EA01C553D84CBE016E0F34
:106A10007F1F2FE0209FC001219F900D1124895FCF
:106A20009B4CEC018A85EB01888349575D4CE40F50
:106A3000F51FAA0FBB1FA953BD4C8D919C9164E615
:106A400070E00E94B94D60838FE0809FF001819FCC
:106A5000F00D1124E95FFB4C40E064818381DF91FC
:106A6000CF911F910F91FF90EF90DF903FC4DF9186
:106A7000CF911F910F91FF90EF90DF90089580913B
:106A800089219FCBCF92DF92EF92FF920F931F93BA
:106A9000CF93DF93C42ED12C9FE0499FF0011124A6
:106AA000E95FFB4C9085923021F09450923008F0D1
:106AB0008FC0C22FD82F8FE08C9DF0018D9DF00DDF
:106AC0001124E95FFB4C8281863089F50E94604782
:106AD00080239123892B59F1ED2FF0E0EE0FFF1F5A
:106AE000DF01A95DBE4D8D919C9111978C0F911D79
:106AF000C7FD9A958D939C931197C0E48D919C91BD
:106B000011978430910534F004978D939C931197DD
:106B1000CF5FF4CFE95DFE4D808191818D3F2FEFF6
:106B2000920774F5049680839183C150F5CF8FE06E
:106B30008C9DF0018D9DF00D1124E95FFB4C81814E
:106B4000813019F4CC0FC05C1BC08230C1F48C2F93
:106B50000C2E000C990B97FF03C09195819591091C
:106B6000B7010E94AF2A24E0969587952A95E1F710
:106B70008F719927C89FC00D1124C05C01C0C05CF3
:106B80006D2F8091892113D981110AC08FE08C9DCE
:106B9000F0018D9DF00D1124E95FFB4C868109C049
:106BA0008FE08C9DF0018D9DF00D1124E95FFB4C71
:106BB0008685C03479F09FE09C9DF0019D9DF00D8D
:106BC0001124E95FFB4C4C2F678190D381E003C017
:106BD00080E001C081E0DF91CF911F910F91FF9084
:106BE000EF90DF90CF9008959F92AF92BF92CF9297
:106BF000DF92EF92FF920F931F93CF93DF93C82EF4
:106C0000C62FD42E922EA42EB12C8FE0489FF001D7
:106C10001124E95FFB4C8281863039F40E94604781
:106C200080239123D1E0892B09F4D0E0D1708FE04B
:106C30008A9DF0018B9DF00D1124E95FFB4C818151
:106C4000092D990C110B8230B9F4C80117FF04C04B
:106C500088279927801B910BB7010E94AF2AD11179
:106C600012C08931910578F0AC018F3F910581F018
:106C700078F04FEF50E00CC0D11105C0882331F0FF
:106C800042EB50E005C049E150E002C044E650E06C
:106C9000D0E0049F9001059F300D149F300D11240A
:106CA000CC0FDD1FC953DD4C88819981820F931F62
:106CB0005FD888839983C29664E670E00E94B94DDC
:106CC000C62F6C2D8091892172D8282F41E06C2F1E
:106CD0008D2D0E944F2CE091892180E1E89FF001E9
:106CE0001124E957FD4CEC0DF11DC08381E0DF91CB
:106CF000CF911F910F91FF90EF90DF90CF90BF90B9
:106D0000AF909F9008958F929F92AF92BF92CF9233
:106D1000DF92EF92FF920F931F93CF93DF93C82FD1
:106D2000D62EC42E4901F8940E942447D82F8C2FC8
:106D30000E942B475C017894DD2309F10E940544F1
:106D400085012D2F4C2D6D2D8C2F0E940E2B811126
:106D500016C02D2F4C2D6D2D8C2F0E94552B81117F
:106D60000EC0750184012D2F4C2D6D2D8C2F8ADEC8
:106D7000811105C02D2F4C2D6D2D8C2F35DFDF910E
:106D8000CF911F910F91FF90EF90DF90CF90BF9028
:106D9000AF909F908F900895FF920F931F93CF9382
:106DA000DF930E943647C0E001E010E06C2F809135
:106DB000892142D8D82F8F73F82E9801482F6D2F34
:106DC0008C2FA1DF98014F2D6D2F8C2F94DB000F9E
:106DD000111FCF5FC03151F7DF91CF911F910F91FC
:106DE000FF9008959091892120E1929F800D1124B8
:106DF0009FE0899FF0011124E95FFB4C908581E0C1
:106E0000923031F0943029F0953019F080E00895F7
:106E100008950895EF92FF920F931F93CF93DF93FE
:106E20002FE0829FF0011124E95FFB4C90819923B0
:106E300011F06623B9F1F42E162FC82FD82FD29552
:106E4000DF70082F0F70602F8D2F0E94D72EE82E35
:106E5000F11002C0E0E001C0E0E4CE0F8091892192
:106E6000D81309C0802F0E94BE47882321F0802FAD
:106E7000B9DF8823B9F0EC2FF0E0EE0FFF1FE953E4
:106E8000FD4C24E6129FC001112480839183EF10F2
:106E900009C080E1D89FF0011124E957FD4CE00FB3
:106EA000F11D1083DF91CF911F910F91FF90EF9013
:106EB0000895BF92CF92DF92EF92FF920F931F93AC
:106EC000CF93DF939091B92F981335C0662319F0B3
:106ED000633009F0C3C04C52413208F0BFC0E42F08
:106EE000E295EF70F0E04F7081E090E002C0880F13
:106EF000991F4A95E2F7EE0FFF1FDF01A953B84C27
:106F00004D915C911197482B592B4D935C93E5560D
:106F1000F74C222339F020813181822B932B8083FF
:106F200091839CC080959095208131818223932309
:106F30008083918393C0D22F142F062FB82E97E011
:106F4000E92E94E3F92EC0E0C82ED12CF7018781F9
:106F5000181321C080859681B9120DC0013021F42B
:106F600081508530C0F402C0811115C040E06D2F02
:106F70008C2F50DF10C0F7019685B9120CC001307C
:106F800021F48150843038F402C0811104C041E002
:106F90006D2F8C2F3FDFF7018481181358C0838138
:106FA000B8122AC0828182508230D8F40023D9F0EE
:106FB000033009F04CC060E08C2F0E94182DEC2F9C
:106FC000E295EF7080E1E89FF00111248C2F8F7023
:106FD000E80FF11DEE0FFF1FE55EF74C10821182E6
:106FE00036C00130A1F56D2F8C2F0E94182D6D2F0A
:106FF0008C2F0E948E2D2BC080919D2F282F2295A3
:107000002F7030E0C216D30679F4EC2FE295EF70C2
:1070100080E1E89FF0011124E953FC4C8C2F8F7024
:10702000E80FF11DD08313C08F7090E0C816D90609
:1070300071F4EC2FE295EF7080E1E89FF0011124EC
:10704000E95BFD4C8C2F8F70E80FF11DD083CF5F73
:10705000EFE0EE0EF11CC03409F078CFDF91CF9154
:107060001F910F91FF90EF90DF90CF90BF90089508
:1070700088E090E28093BD389093BE38E0E8F6E077
:1070800091E0918382E0818328E0218324E02283C0
:10709000968310929521109296218683089581E01F
:1070A0002091952130919621232B09F080E00895BD
:1070B000CF92DF92EF92FF920F931F93C0906008E0
:1070C000D0906108E12CF12C809190219091912138
:1070D000A0919221B09193218C159D05AE05BF051D
:1070E0001CF58091902190919121A0919221B091D5
:1070F000932100918C2110918D2120918E2130912E
:107100008F21B701A601481B590B6A0B7B0BCB01E2
:10711000BA01601B710B820B930B28E030E040E05A
:1071200050E00E94EE4D25C08091902190919121D8
:10713000A0919221B091932100918C2110918D21E9
:1071400020918E2130918F21B701A601481B590B48
:107150006A0B7B0BDB01CA01801B910BA20BB30BEB
:10716000BC01CD01019628E030E040E050E00E94F3
:10717000EE4D80918C2190918D21A0918E21B09126
:107180008F21A901032E000C660B770B840F951F2E
:10719000A61FB71F80938C2190938D21A0938E21E1
:1071A000B0938F212C5F3F4F29303105B0F480918F
:1071B0008A21813091F480938B218091B931882389
:1071C00061F080919F2F9091A02F892B31F481E065
:1071D00090E080939F2F9093A02FC0929021D09207
:1071E0009121E0929221F092932160918C217091F3
:1071F0008D2180918E2190918F211F910F91FF9071
:10720000EF90DF90CF90089560918C2170918D2147
:1072100080918E2190918F21089580918B210895E6
:1072200047DF80918A210E94DB1A8091942181118D
:1072300005C01092E33881E08093942180918A21E7
:107240008F5F88311CF480938A2102C010928A21BA
:1072500080918A2163E00E94984D923029F48091B8
:10726000E3388F5F8093E338089510928A2110925B
:107270008C2110928D2110928E2110928F211092CC
:1072800090211092912110929221109293211092AC
:107290008B2108950E94D81A0C941947CF93DF933D
:1072A00000D01F92CDB7DEB7411102C090E801C0F7
:1072B00090E9392F32953F7039838F70982B9A83DC
:1072C0006F776B832F772C83EADE882349F0BE012A
:1072D0006F5F7F4F8091BD389091BE380E94E91258
:1072E0002496CDBFDEBFDF91CF910895CF93DF937A
:1072F00000D01F92CDB7DEB79BE099838F70806B73
:107300008A836F776B834F774C83C9DE882349F07C
:10731000BE016F5F7F4F8091BD389091BE380E9453
:10732000E9122496CDBFDEBFDF91CF910895EF9291
:10733000FF920F931F93CF93DF9300D01F92CDB78F
:10734000DEB78B01F82E81E094E0E92E93E09F15E3
:10735000C0F4E982F80180818A8381818B83319630
:1073600081810D5F1F4F8C83BE016F5F7F4F8091C6
:10737000BD389091BE380E94E912FDEFFF0E80E00B
:10738000E5CFFF2039F195E09983F80190819A8348
:107390001B821C82F2E0FF1206C086E08983F8019E
:1073A00081818B830EC0F3E0FF120BC0882311F0A4
:1073B000F98202C087E08983F80181818B83828111
:1073C0008C83BE016F5F7F4F8091BD389091BE3836
:1073D0000E94E9122496CDBFDEBFDF91CF911F91AD
:1073E0000F91FF90EF900895EF92FF920F931F93EC
:1073F000CF93DF9300D01F92CDB7DEB769837A8336
:107400008B839C83862F90E0FC013497EC30F10550
:1074100008F077C08827EB5DFE4F8F4F0C940A4E23
:107420008A818A3FA1F08C3FB9F0883F09F069C09A
:107430008091A2008B7F8093A20081E080939421B1
:10744000EFDE8091A20084608093A2005AC00DDF1D
:1074500081E08093942155C01DDF1092942151C08A
:107460001A811F70FB80EC808091B92F181309C01E
:1074700083E08F1530F08FE7E81203C08F2D0E9454
:10748000E13001E02E2D4F2D60E0812F12DD39C05B
:107490008A8100E02C814B8163E08F700ADD31C06E
:1074A0001A811F70FB80EC8001E02E2D4F2D61E0D2
:1074B000812FFFDC8091B92F181309C083E08F154D
:1074C00030F08FE7E81203C08F2D0E94E1301730B3
:1074D000C1F46E2D8F2D0E94561B13C0CE01019654
:1074E0000E9472250EC0CE0101960E948C2609C012
:1074F000CE0101960E94502604C0CE0101960E9442
:10750000F4252496CDBFDEBFDF91CF911F910F915F
:10751000FF90EF900895292F33272230310559F03D
:107520002330310569F02130310531F582E190E0F9
:1075300023E038E025C085E690E02EE937E020C062
:1075400099278130910579F058F08230910571F0DA
:10755000039791F48091BF3890E02FEB38E310C08F
:10756000EAE9F7E005C0EEE7F7E002C0E2E5F7E0A0
:10757000849190E09F0104C080E090E020E030E042
:10758000FA01208331830895809120089091210889
:1075900081589F4F80932A0890932B088091B121A6
:1075A0009091B221892B49F08091B1219091B22123
:1075B00001978093B1219093B221809197218111FD
:1075C00013C08091982190919921A0919A21B09116
:1075D0009B210196A11DB11D809398219093992123
:1075E000A0939A21B0939B210895809120089091B7
:1075F00021080996809328089093290880E18093B8
:107600006506809366069FB7F894809110018068A4
:10761000809310019FBF8091E1388F5F8093E138A4
:107620008091E1388F3488F01092E1388091040124
:107630008171E1F784EC91E22FB7F89480931801FF
:107640009093190110921A012FBF809194218111FA
:1076500011C08091E2388F5F8093E2388091E238E8
:107660008F3F41F48091E3388F5F8093E33810922D
:10767000E238089508951F93CF93DF9340E05AE0D6
:107680006FEF70E084EC91E20E942B4EEAEBFFE298
:107690008BE0DF011D928A95E9F780E290E0848318
:1076A000958384E0808310E1128384EC91E28783E8
:1076B000908780EA99E0818792878CE683830E9495
:1076C000CD046AEB7FE280E00E94AC059FB7F8949E
:1076D000E0E0F1E08081837F816080839FBF65E18E
:1076E00070E280EA99E00E94AC0DC0E6D6E088E046
:1076F000898382E0898380E098E00E944C0C65EFEA
:107700007AE380E098E00E948D0C64EC7AE380E0FC
:1077100098E00E94B90CE0E0F8E089E090E080A7F2
:1077200091A78FE790E082A793A787818C7F8783BB
:107730008781836087838781837F87838781846054
:1077400087838181887F818378948081807F866030
:10775000808391E0998380E2898319839D838E835E
:107760008D831E831092E138DF91CF911F91089590
:1077700081E080936606089581E080936506089510
:1077800040E05AE06FEF70E084EC91E20C942B4EF5
:107790003F924F925F926F927F928F929F92AF92A1
:1077A000BF92CF92DF92EF92FF920F931F93CF93EE
:1077B000DF93EC01862E5A01CA010197029708F463
:1077C00097C04330510509F096C0611107C0188277
:1077D00019821A821B821C821D82CCC170E061500A
:1077E0007109072E000C880B990B0E94724A20E049
:1077F00030E040EA50E40E94824B20E030E04CEF61
:1078000052E40E94D7494B015C010E94444AF62E83
:10781000062F10E0B801012E000C880B990B0E9476
:10782000724A9B01AC01C501B4010E946E4920E07F
:1078300030E04EEF52E40E94824B0E94444AE62F11
:1078400020E080E094E0A0E0B0E0422F022E000CA7
:10785000550B40175107B4F44C015D01B694A79441
:1078600097948794AC01BD01440F551F661F771F85
:10787000482959296A297B29842B952BA62BB72BBC
:107880002F5FE3CFEE2361F124E02F1548F18C0147
:107890009D013695279517950795AC01BD01440FBD
:1078A000551F661F771F402B512B622B732B482BC4
:1078B000592B6A2B7B2B8C019D01009510952095EF
:1078C00030954023512362237323482B592B48833F
:1078D0005983EA838B839C838FE78E1B8D834AC1F8
:1078E000188219821A828B839C838FE78D8342C111
:1078F0003324339401C0312C222309F488C081EC55
:10790000880D823068F481E090E08883998382E07A
:1079100090E08B839C830A838FE7801B8D832AC131
:10792000682D70E082E0A816B10469F56F53710903
:10793000072E000C880B990B0E94724A6B017C0188
:1079400023E333E34BE451E40E94D7490E943F4ACA
:10795000162F23E333E34BE451E4C701B6010E9441
:10796000B44A2B013C0120E030E040E251E40E94A7
:10797000824B9F770E94444A962EC12CE4E0DE2E73
:10798000E12CF12C8EC09FE3981510F080E401C02B
:107990008FE3681B7109072E000C880B990B0E945E
:1079A000724A6B017C0126E636E64EE751E40E94FE
:1079B000D7490E943F4A162F26E636E64EE751E4A5
:1079C000C701B6010E94B44A2B013C0120E030E01F
:1079D00040E051E40E94824B9F770E94444A962ED9
:1079E00020E030E0A901C301B2010E94D34987FF22
:1079F00007C01150C12C74E0D72EE12CF12C51C0DE
:107A00001F5FC12C64E0D62EE12CF12C4AC0682DFA
:107A100070E0072E000C880B990B22E0A216B1042F
:107A200039F50E94724A20E030E048E351E40E94B8
:107A3000D7490E943F4A162F682D70E080E090E001
:107A40000E94704A20E030E048E351E40E94B44ACA
:107A50002B013C0120E030E040E351E40E94824BE6
:107A60000E94444A962EC12CD12C7601E39414C076
:107A70000E94724A26E636E64AE351E40E94D7495C
:107A80000E943F4A162F412C512C3201912CC12CBF
:107A900040E8D42EE12CF12C811003C0C12CD12C54
:107AA00076013320E9F017FD0EC0112379F1D701DB
:107AB000C601B695A79597958795C82AD92AEA2A27
:107AC000FB2A1150F2CFD701C601880F991FAA1FB8
:107AD000BB1FC82AD92AEA2AFB2A1F5FA1F716C0B2
:107AE00017FD08C004C0F694E794D794C7941A957C
:107AF000D2F70CC0812F992781950CF4909504C082
:107B0000CC0CDD1CEE1CFF1C8A95D2F78601CB82C3
:107B1000DC8220E030E0A901C301B2010E947E4B6B
:107B2000181674F492E0A916B104F9F4F694E794E7
:107B3000D794C794C02AD12AC882D9829A8218C001
:107B400020E030E0A901C301B2010E94D34987FFC0
:107B50000CC022E0A216B10441F4CC0CDD1C0C29AF
:107B60001D29088319839A8203C0188219821A82F8
:107B70008FE78D8381E090E0DF91CF911F910F918E
:107B8000FF90EF90DF90CF90BF90AF909F908F903D
:107B90007F906F905F904F903F9008958F929F924B
:107BA000AF92BF92EF92FF920F931F93CF93DF9309
:107BB00000D000D0CDB7DEB767FD62C0F901242F39
:107BC000F82EAF01CE010196E3DD892B09F458C0F0
:107BD0006E2D70E080E090E00E94724A20E030E07C
:107BE0004EEF52E40E94D7494B015C016B8170E07B
:107BF00080E090E00E94724AA50194010E94824BAD
:107C00000E94444A162F6E8170E080E090E00E944E
:107C1000724AA50194010E94824B0E94444A9981B4
:107C20005A81937E4C81ED80437EEFE0F0E0EF19C6
:107C3000F109EE0FFF1FEC53FE4D20E030E00FEF97
:107C4000A12FB0E09095509570E04095E094808130
:107C5000836E808301832A173B071CF4892380836A
:107C600051832617370734F48081842380838181F0
:107C70008E218183B0962F5F3F4F2035310539F734
:107C80002696CDBFDEBFDF91CF911F910F91FF9060
:107C9000EF90BF90AF909F908F900895EF920F93C9
:107CA000E091B72FF0E0EE5DFC4FE49077DF0F91AD
:107CB000EF9008958F929F92AF92BF92CF92DF92F2
:107CC000EF92FF921F93CF93DF93182F6A017B01EE
:107CD000CB01AA27BB27C82F852E962EA72EBB2403
:107CE000D82D642F4091002050910120425A5340DA
:107CF000C9F43CE8839FC0011124EFEFF0E0BF011D
:107D00000E94A54DC62F35EF839EC0011124BF01EF
:107D10000E94A54DD62F3BEEC39EC0011124BF018A
:107D20000E94A54D2223A9F030E021503109C29FC5
:107D3000C001C39F900D1124C92FD29FC001D39FB2
:107D4000900D1124D92F629FC001639F900D1124C3
:107D5000692FEFE0F0E0E11BF109EE0FFF1FEC539C
:107D6000FE4D90E08081292F220F261718F08C619C
:107D7000808303C08B7F886180832C1718F48081F7
:107D8000877F80832D1718F480818F7E8083B09643
:107D90009F5F903539F7DF91CF911F91FF90EF9062
:107DA000DF90CF90BF90AF909F908F900895EFE0BD
:107DB000F0E0E81BF109EE0FFF1FEC53FE4D90E0E1
:107DC0002FEF607E609570958081836E8083218324
:107DD000941718F4862380837183B0969F5F903543
:107DE00099F70895E091B72FF0E0EE5DFC4F4491D4
:107DF000DECF242FE82FF0E0ED54FE4D6083E091BC
:107E00000020F091012093E0699FE00DF11D112405
:107E100045915591659174914DCFE091E02BF0E043
:107E2000EE5DFC4F4491E5CF660F362F30956F5FC6
:107E3000EFE0F0E0E81BF109EE0FFF1FEC53FE4D01
:107E400090E08081292F220F261718F0836080830D
:107E500003C08E7F82608083231718F480818D7F1A
:107E60008083B0969F5F903561F708952091E33845
:107E700030E048E050E0481B5109C90102C0959527
:107E800087954A95E2F7817008956091E338909163
:107E9000C321691B90E2699FB001112428E030E002
:107EA000281B310902C0759567952A95E2F770E0A5
:107EB00080E090E00E94724A27E53FEC49E45DE3F0
:107EC0000E94824B0E94314C20E030E04CEF52E4A3
:107ED0000E94824B0E94444A80E8860F08954F9288
:107EE0005F926F927F928F929F92AF92BF92CF924A
:107EF000DF92EF92FF920F93CF93DF93C82F44232B
:107F000009F4E1C1842FD62F9FEF940F9830D8F455
:107F1000ADDF811105C020E040E050E0BA01C2C1F0
:107F2000EC2FF0E0ED54FE4D8081E0910020F091C7
:107F3000012023E0829FE00DF11D11244591559110
:107F400065917491AEC197EF940F9830B0F488505A
:107F50009CDFEC2FF0E0ED54FE4D9081E09100208D
:107F6000F091012023E0929FE00DF11D1124459135
:107F7000559165917491282F95C19FEE940F903281
:107F8000C8F4EC2FF0E0ED54FE4D9081E09100201C
:107F9000F091012023E0929FE00DF11D1124459105
:107FA000559165917491E82FF0E0EF50FD4F2491C9
:107FB000220F78C19FEC940F983008F052C0FC2E2D
:107FC00090E1699FF00C1124805350DF6C2F70E01A
:107FD0002F2D30E0ED2FF0E0811121C08FE0829F46
:107FE000D001839FB00D1124A95FBB4C1C962C912E
:107FF0001C9730E041E08C91811101C040E0D4E059
:10800000EE0FFF1FDA95E1F7E957FD4CE60FF71F7A
:10801000E12C1B960C9160818C2FC0DD54C18FE048
:10802000829FD001839FB00D1124A95FBB4C1C9689
:108030002C911C9730E041E08C91811101C040E00F
:1080400054E0EE0FFF1F5A95E1F7E957FD4CE60F9C
:10805000F71FEE24EA941B960C9160818C2F9EDD15
:1080600032C197EC940F983028F587530EDFAC2F70
:1080700020E1D29FA00D11249FE0A99FD0011124DF
:10808000A95FBB4C1C962C911C9730E041E09C9161
:10809000911101C040E090E1D99FF0011124E9570E
:1080A000FD4CEC0FF11DE82E1B960C9160818C2F7E
:1080B00075DD09C19FEB940F903240F5E42FF0E09D
:1080C000EF53FD4FE490EE0CAC2F20E1629FA00D2A
:1080D00011248FE0A89FD0011124A95FBB4C1C96EE
:1080E0002C911C9730E041E08C91811101C040E05F
:1080F00090E1D99FF0011124E957FD4CEC0FF11DDF
:108100001B960C9160818C2F49DDDDC04F3709F043
:10811000DAC0D091E3386D2F70E080E090E00E94EB
:10812000724A29E334EB48E45DE30E94824B0E94EB
:10813000314C6B017C0165E56D0F70E080E090E0F3
:108140000E94724A29E334EB48E45DE30E94824BCB
:108150000E94314C2B013C016AEA6D0F70E080E017
:1081600090E00E94724A29E334EB48E45DE30E9408
:10817000824B0E94314C4B015C0120E030E04CEF1F
:1081800052E4C701B6010E94824B0E94444AC62EA7
:10819000D12C20E8C20ED11C0D2C000CEE08FF08DB
:1081A0007601DD24CC2420E030E04CEF52E4C30122
:1081B000B2010E94824B0E94444A462F50E0405830
:1081C0005F4F052E000C660B770B762F652F542F13
:1081D0004427C40ED51EE61EF71E20E030E04CEF0B
:1081E00052E4C501B4010E94824B0E94444A462FCA
:1081F00050E040585F4F052E000C660B770BC40E05
:10820000D51EE61EF71E6E2D70E080E090E00E9405
:10821000704A20E030E04FE753E40E94D74920E065
:1082200030E040EA50E40E94E54B2B013C016D2D0B
:1082300070E080E090E00E94704A20E030E04FE77C
:1082400053E40E94D74920E030E040E250E40E942D
:10825000E54B4B015C01DD24EE24FF2420E030E0FF
:108260004FE753E4C301B2010E94824B0E94444A8B
:108270003B015524442420E030E04FE753E4C5019E
:10828000B4010E94824B0E94444A4427562F672F14
:10829000782F44295529662977294C295D296E298B
:1082A0007F2920E08C2FDF91CF910F91FF90EF90ED
:1082B000DF90CF90BF90AF909F908F907F906F9006
:1082C0005F904F90F7CCDF91CF910F91FF90EF909F
:1082D000DF90CF90BF90AF909F908F907F906F90E6
:1082E0005F904F9008952F923F924F925F926F92BE
:1082F0007F928F929F92AF92BF92CF92DF92EF9236
:10830000FF920F931F93CF93DF93CDB7DEB72897DC
:10831000CDBFDEBF4B015C0133DA8091A2008160EA
:108320008093A20081E08093660600EA1FEF80EC54
:10833000682E77247A9490EEE92EFF24FA94C12CCB
:10834000D12C80E8C816D104DCF4B6010D2C000C49
:10835000880B990B0E94724A2AE135EA4AEC5CE3E9
:108360000E94824B0E94314C20E030E04FE753E402
:108370000E94824B0E94444A33243394360E02C03A
:108380003324339490E8E916F104D8F4B7010F2CA4
:10839000000C880B990B0E94724A2AE135EA4AECDC
:1083A0005CE30E94824B0E94314C20E030E04FE7BA
:1083B00053E40E94824B0E94444A44244394460E54
:1083C00002C04424439480E868167104D8F4B301D1
:1083D000072C000C880B990B0E94724A2AE135EA9F
:1083E0004AEC5CE30E94824B0E94314C20E030E07A
:1083F0004FE753E40E94824B0E94444A5524539411
:10840000560E02C05524539400381105D0F4B8011B
:10841000012E000C880B990B0E94724A2AE135EA62
:108420004AEC5CE30E94824B0E94314C20E030E039
:108430004FE753E40E94824B0E94444A6F5F688773
:1084400002C091E09887232C2694842D86958C83F6
:10845000952D96959D83888586958E831F82232DE5
:10846000B501A4018F8126DC9F819C5F9983242D17
:10847000B501A401892F1EDC8F81885F8A83252D99
:10848000B501A40117DC9F81945F9B832885B5010A
:10849000A401892F0FDC422D60EE7FEF8F8187DCF6
:1084A0004C8160EE7FEF898182DC4D8160EE7FEF51
:1084B0008A817DDC4E8160EE7FEF8B8178DC8F815D
:1084C0008F5F8F83843059F69FEFC91AD90A8FEFD7
:1084D000E81AF80A9FEF691A790A0F5F1F4F8FE3B6
:1084E0009FE10197F1F700C000000038110509F085
:1084F00028CF2896CDBFDEBFDF91CF911F910F917E
:10850000FF90EF90DF90CF90BF90AF909F908F90B3
:108510007F906F905F904F903F902F9008959F9223
:10852000AF92BF92CF92DF92EF92FF920F931F9381
:10853000CF93DF939091132191118EC0082F10E0FB
:10854000E801CC0FDD1FCC0FDD1F843018F4C457B9
:10855000DF4D02C0C459DF4DF82ED12C21E040E0A0
:1085600050E0BA018D2DA6DB60E070E08D2D3ADC85
:10857000D39420E1D212F2CF6E0184E0C80ED11C58
:108580005E0120E04FEF50E060E070E0888192DB18
:1085900060EC7BEF899126DC6FE7F501808144DC9C
:1085A000CC16DD0669F7FFEF2BED85E0F15020409A
:1085B0008040E1F700C00000C0E021E040E050E072
:1085C000BA018C2F77DB60E070E08C2F0BDCCF5F83
:1085D000C03199F78F2D0E94E130F29480EFF8229C
:1085E000680194E0CC0CDD1C9A95E1F7BB24B394B0
:1085F0002FE0A22EC0E0D0E09C2E86010C0F1D1FA4
:10860000F801E553F84C4B2D60818C2FF2DBEC2FF9
:10861000EF0DAE9EF0011124E95FFB4C248530E0A4
:1086200041E08081811101C040E0D801A957BD4CD3
:10863000EB2C03856C91892DB1DA2196C031D105DF
:10864000D9F6EFE7FEE33197F1F700C00000F4E060
:10865000BF0E21E8B212CECFDF91CF911F910F91C3
:10866000FF90EF90DF90CF90BF90AF909F900895D4
:108670002F923F924F925F926F927F928F929F9232
:10868000AF92BF92DF92EF92FF920F931F93CF931F
:10869000DF93CDB7DEB76497CDBFDEBF80E1EFE4F7
:1086A000F0E2DE01119601900D928A95E1F7CE017C
:1086B00001961C01D12CE0909C21F0909D21D101CC
:1086C0008D911D01870116950795B0E18B9F000DD7
:1086D000112410E0B801012E000C880B990B02D771
:1086E00020ED3FE049EC5CE30E94824B0E94314C5C
:1086F0002B013C01B8016B5A7F4F072E000C880BF1
:10870000990BF0D620ED3FE049EC5CE3FBD70E94EB
:10871000314C4B015C01B80166557F4F072E000CB0
:10872000880B990BDFD620ED3FE049EC5CE3EAD7FC
:108730000E94314C698B7A8B8B8B9C8B20E030E0D4
:108740004EEF52E4C301B201DDD79ED680E8860F1A
:10875000482E512C612C712C32015524442420E0E8
:1087600030E04EEF52E4C501B401CCD78DD660584D
:10877000562A20E030E04EEF52E469897A898B89ED
:108780009C89C0D781D66058D301C201862BAC0129
:10879000BD0120E08D2D8EDAD39490E1D9128BCFDC
:1087A000AFEFEA1AFA0AE0929C21F0929D216496BA
:1087B000CDBFDEBFDF91CF911F910F91FF90EF9062
:1087C000DF90BF90AF909F908F907F906F905F9061
:1087D0004F903F902F900895CF9380919E218823B2
:1087E00021F0813081F4CF9143CFC0E021E040E01F
:1087F00050E0BA018C2F5EDA60E070E08C2FF2DA84
:10880000CF5FC03199F7CF910895109298211092BF
:10881000992110929A2110929B21109297210C94E9
:108820003F3580911B2090911C209C01322F2227E4
:108830003295330F307E822793279C01232F3327D5
:108840002695822793279C013695322F222737952C
:1088500027958227932780931B2090931C200895AF
:108860000F931F93CF93DF93C0EAD1E200E018810A
:10887000112351F0D6DF8F739927892B21F41150E2
:10888000188301E001C001E0219681E2C03BD807D6
:1088900071F7C091B021CC2319F18091B121909151
:1088A000B221892BE9F4BDDF8F70E82FF0E0E056AC
:1088B000FE4D8081811114C0DFEFD083B2DF8F7055
:1088C0009927FC01E056FE4DD083ABDF8F779927C7
:1088D00040968093B1219093B221C150C093B021B2
:1088E000802FDF91CF911F910F9108957F928F92EA
:1088F0009F92AF92BF92CF92DF92EF92FF920F932F
:108900001F93CF93DF93CDB7DEB76097CDBFDEBFA8
:108910008093B021DE011196E0EAF1E211921D92FE
:1089200041E2E03BF407D1F77CDF8F709927FC012F
:10893000E056FE4D8FEF808374DF8F779927409646
:108940008093B1219093B22142E0742E89DF882375
:1089500009F45CC08E010F5F1F4F30EAE32E31E255
:10896000F32ED12CF701C1907F01F8018081C81648
:1089700009F445C05C2D550FC7FE15C0579D9001E9
:10898000351B11244EEF430F642F70E080E090E020
:10899000FCE25F9F9001112423ED230F822E912C86
:1089A000A12CB12C10C04EEF549F90011124632FC5
:1089B00070E080E090E0E3ED5E9F90011124832E53
:1089C000912CA12CB12C8CD520E030E04FE753E462
:1089D000EED420E030E040EA50E4F7D620E030E08A
:1089E0004FE753E48FD650D55527442748295929B6
:1089F0006A297B292EEF8D2D5DD9F801C082D39491
:108A00000F5F1F4FF0E1DF12ADCFA0CF6096CDBF5B
:108A1000DEBFDF91CF911F910F91FF90EF90DF901C
:108A2000CF90BF90AF909F908F907F90089580914E
:108A3000E3388093C32108956F927F928F929F9223
:108A4000AF92BF92CF92DF92EF92FF920F931F935C
:108A5000CF93DF9380911D2090911E208896809364
:108A60001D2090931E208093680890936908809140
:108A7000CD2B9091CE2BA091CF2BB091D02B0196E6
:108A8000A11DB11D8093CD2B9093CE2BA093CF2B06
:108A9000B093D02B81E08093450680E140E050E820
:108AA00020E030E092E0909346066091480662FD37
:108AB00002C0BA0102C060E070E0262B372B569549
:108AC000479590934506815071F78091C52B90E0B2
:108AD000FC01EE0FFF1FED5EF64C20833183019603
:108AE0006AE070E00E94B94D8093C52B90E160E090
:108AF00070E000E010E020E030E882E0809346067D
:108B00004091480642FF02C0A90102C040E050E087
:108B1000642B752B8093450680934606409148064A
:108B200042FF02C0A90102C040E050E0042B152B17
:108B30003695279580934506915001F781E0809303
:108B40004606A090CB2BB090CC2BE090C92BF09098
:108B5000CA2B93E0692E99E3792EA3EFB8E3E6ECF4
:108B6000FFE22DE23CE241E050E099249A94C801F2
:108B700084239523892B11F480E001C084E06B01EC
:108B8000C422D522CD2811F490E001C098E08824B9
:108B900083946501C422D522CD2809F4812C88292B
:108BA000982B6701C422D522CD2811F480E001C0A2
:108BB00082E0892B082E000C990B8C559F4DEC01FF
:108BC0008881E301882311F082383CF4888184365F
:108BD00008F050C08F5F88834DC087FF24C0888114
:108BE00090E001968630910564F0DC90DA94DC9296
:108BF000C080D1808C0D9D1D80839183E901988276
:108C000037C0E901D880DFEFDD120AC0DC90DA94CA
:108C1000DC92C080D1808C0D9D1D8083918328C003
:108C2000E901988225C0888190E0019686309105FF
:108C30006CF0DC90D394DC92C080D1808C0D9D1DB3
:108C40008083918381E0E901888312C0E901D880A3
:108C5000D1E0DD120AC0DC90D394DC92C080D180D8
:108C60008C0D9D1D8083918303C081E0E901888381
:108C7000E3011882440F551FDFEF6D1A7D0A11962C
:108C800032962F5F3F4F83E1681689E3780609F03B
:108C90006ECF0093CB2B1093CC2B6093C92B70938A
:108CA000CA2BDF91CF911F910F91FF90EF90DF9032
:108CB000CF90BF90AF909F908F907F906F900895CE
:108CC000E0E4F8E08781837F878387818783109240
:108CD000C62BE091C72BF091C82B1994CF93DF934B
:108CE000E0E0F6E044E0428322E0228331E0328398
:108CF00068E0628390E1928350E25283A0EBB0E09F
:108D00004C9388E1808B2C93808B3C93808B6C936D
:108D1000808B9C93808B5C93808BC0E4D6E03983FE
:108D200029834A833D832E83E3EFF8E3DF01892F14
:108D30001D928A95E9F7EDE2FCE2DF011D929A951A
:108D4000E9F740E250E06FEF70E086EC9FE283D7F6
:108D500010922739109228391092EE381092EF387D
:108D600010922B3910922C391092293910922A39ED
:108D70001092F2381092F13810922D391092F0388A
:108D800080E498E00E944C0C6CE175E480E498E08B
:108D90000E948D0C60E676E480E498E00E94B90CB5
:108DA000E0E4F8E08181887F818388E290E080A719
:108DB00091A787818C7F8783878183608783878161
:108DC000837F87838781878378948081807F876092
:108DD00080831092CD2B1092CE2B1092CF2B10921D
:108DE000D02B80E48983DF91CF9108952091C62B09
:108DF00021111DC021E02093C62B8093C72B909397
:108E0000C82B8091600890916108680F791F60936A
:108E10006A0870936B0880914708837F80934708A6
:108E20008091470888608093470881E0089580E03A
:108E300008951092C62BE0E4F8E08781837F878352
:108E40008781878381E00895E82FF0E0ED50F74CAB
:108E5000808110820895E82FF0E0EE0FFF1FEA53A3
:108E6000F04D80819181108211820895E3E1F9E350
:108E700080E090E021913191822B932B29E3E7321E
:108E8000F207C1F78093EE389093EF38209127399D
:108E900030912839AC01409550954223532340939B
:108EA0002B3950932C392095309528233923209342
:108EB000293930932A398093273990932839089596
:108EC0008091EE389091EF380895809129399091F2
:108ED0002A39089580912B3990912C3908959091D9
:108EE000080692FB992790F981E09827809108065F
:108EF00081FF92608091080680FF9460809108064F
:108F000083FF98608091080684FF90618091080635
:108F100085FF90622091C42B30E0F901EC51F74CB1
:108F20009083C90101966AE070E023D68093C42B38
:108F3000E4EEF8E380E09191892B98E3EE3EF907A7
:108F4000D1F78093F2389091F138282F209529237A
:108F500020932D39909598239093F0388093F13891
:108F600090E008958091F23890E008958091F03873
:108F700090E0089580912D3990E00895E82FF0E079
:108F8000ED5FF64C81E09081943608F080E0089522
:108F9000CF92DF92EF92FF920F931F93CF93DF93C5
:108FA00000D01F92CDB7DEB78091EA2F843009F050
:108FB00090C00E94C1268230910509F442C018F485
:108FC000019779F049C08330910509F440C00497B6
:108FD00009F042C00E946A240E94F2210E94EE1E03
:108FE0003BC020919F212223D1F0809197218111B4
:108FF00016C0C0909821D0909921E0909A21F090CD
:109000009B2130E0A0E6BAEE0ED6C616D706E806DB
:10901000F90628F081E0809397210E94C03B0E94CE
:10902000CC3680919721882311F0D6DB0DC016E055
:109030000E94CB26811102C00E94BC2D1150C1F7A5
:1090400003C080E00E94AD2B0E94E02805C081E0B3
:109050000E94AD2B0E94E0280E944F388823B1F176
:109060008091BD389091BE380E9434130E949F14A5
:109070008091A2008C7F8093A20000E010E0E12CA0
:10908000F12CBE016F5F7F4F8091BD389091BE384B
:109090000E94471381110BC00F5F1F4F0837110546
:1090A00090F4A895E11482E0F80658F30CC08FEF15
:1090B000E81AF80A69817A818B819C810E94F439CF
:1090C00000E010E0EFCF87E08093A20081E0809382
:1090D000D12B2496CDBFDEBFDF91CF911F910F9191
:1090E000FF90EF90DF90CF90089552DF0E949F1481
:1090F000A8951092D12B0895EF92FF920F931F9392
:10910000CF93DF93CDB7DEB72897CDBFDEBF88E022
:10911000EFE5F0E2DE01119601900D928A95E1F7FC
:1091200082E28093BF3883E08093C038CE010196FD
:109130007C010FEB18E3F70161917F0170E082E0A1
:109140000E949206382F32953F70282F2F70832F60
:1091500090E03A3010F0C79601C0C096F8018283C3
:109160009383822F90E02A3010F0C79601C0C096FA
:10917000F801848395830C5F1F4FF8E30F3D1F07B1
:10918000D1F62896CDBFDEBFDF91CF911F910F9111
:10919000FF90EF90089580E18093550080915000FA
:1091A0008061809350008091510084FFFCCF8FB785
:1091B000F89494E028ED30E0A0E4B0E01BBEFD019F
:1091C00024BF90838FBF8FE39FE10197F1F700C029
:1091D0000000809140008091500082608093500098
:1091E0008091510081FFFCCF809156008460809374
:1091F000560080E8809365008BEB8093660082E0E8
:109200008093CA01EDE1F0E0E491E0936200ECE1CB
:10921000F0E0E491E09363001092CA0181E0809352
:10922000600087E08093A20067DF0C947C18B3DFB6
:109230000E9495120E94EE1051DD0E9438380E9463
:10924000A7290E94BA260E943B3B0E941A1A0E943C
:10925000BC3B0E94C03B2FEF89EF90E02150804043
:109260009040E1F700C000000E941D19FFDD893029
:10927000904921F40E94B612C0E00CC0F7DD8115C0
:10928000904FD1F76FEF82E090E00E944E060E946F
:109290001D19F2CF8C2FD8DD8C2FDDDDCF5FC031D3
:1092A000C9F723DFFECF8091BD389091BE380E9470
:1092B000D212882389F00E94B83B86E017DB81E058
:1092C00090E00E94C6260E943F35A89588E090E075
:1092D0000E94370E0C944D0E089508955058BB27E8
:1092E000AA270ED0D1C1C2D130F0C7D120F031F4BD
:1092F0009F3F11F41EF4B7C10EF4E095E7FB9FC148
:10930000E92FD3D180F3BA17620773078407950753
:1093100018F071F49EF5EBC10EF4E0950B2EBA2F08
:10932000A02D0B01B90190010C01CA01A00111246B
:10933000FF27591B99F0593F50F4503E68F11A1617
:10934000F040A22F232F342F4427585FF3CF4695A8
:1093500037952795A795F0405395C9F77EF41F16CA
:10936000BA0B620B730B840BBAF09150A1F0FF0F94
:10937000BB1F661F771F881FC2F70EC0BA0F621F80
:10938000731F841F48F4879577956795B795F79570
:109390009E3F08F0B3CF9395880F08F09927EE0F02
:1093A00097958795089527D108F481E008950CD00A
:1093B0006BC163D140F05AD130F021F45F3F19F016
:1093C0003EC1511195C14FC170D198F39923C9F392
:1093D0005523B1F3951B550BBB27AA2762177307BB
:1093E000840738F09F5F5F4F220F331F441FAA1F6F
:1093F000A9F333D00E2E3AF0E0E830D0915050402F
:10940000E695001CCAF729D0FE2F27D0660F771FDC
:10941000881FBB1F261737074807AB07B0E809F0BE
:10942000BB0B802DBF01FF2793585F4F2AF09E3F53
:10943000510568F004C15CC15F3FECF3983EDCF37A
:10944000869577956795B795F7959F5FC9F7880FCC
:10945000911D9695879597F90895E1E0660F771F1E
:10946000881FBB1F621773078407BA0720F0621BAF
:10947000730B840BBA0BEE1F88F7E095089504D0A8
:109480006894B11135C1089518D188F09F5790F0B4
:10949000B92F9927B751A0F0D1F0660F771F881F19
:1094A000991F1AF0BA95C9F712C0B13081F01FD1D7
:1094B000B1E008951CC1672F782F8827B85F39F075
:1094C000B93FCCF3869577956795B395D9F73EF478
:1094D00090958095709561957F4F8F4F9F4F089520
:1094E000E89409C097FB3EF490958095709561953E
:1094F0007F4F8F4F9F4F9923A9F0F92F96E9BB27F4
:109500009395F695879577956795B795F111F8CF6F
:10951000FAF4BB0F11F460FF1BC06F5F7F4F8F4FDA
:109520009F4F16C0882311F096E911C0772321F0D0
:109530009EE8872F762F05C0662371F096E8862F68
:1095400070E060E02AF09A95660F771F881FDAF7BF
:10955000880F9695879597F9089588D018F011F09F
:109560008CD038F480C0C4C0E92F9FD0B0F355230D
:10957000C9F3E7FB6217730784079507A8F199F30E
:10958000E92FFF2788232AF03197660F771F881F5E
:10959000DAF7952F5527442332F091505040220F8F
:1095A000331F441FD2F7BB27E91BF50B621B730B5C
:1095B000840BB109C1F222F4620F731F841FB11D25
:1095C00031972AF0660F771F881FBB1FEFCF91508E
:1095D00050405AF041F0882332F0660F771F881F01
:1095E00091505040C1F7939530C086957795679517
:1095F0009F5FD9F7F8CF990F0008550FAA0BE0E845
:10960000FEEF16161706E807F907C0F01216130644
:10961000E407F50798F0621B730B840B950B39F484
:109620000A2661F0232B242B252B21F408950A26EA
:1096300009F4A140A6958FEF811D811D089597F92A
:109640009F6780E870E060E008959F3F31F091509F
:1096500020F4879577956795B795880F911D969516
:10966000879597F908959FEF80EC089500240A9458
:109670001616170618060906089500240A941216ED
:109680001306140605060895092E0394000C11F420
:10969000882352F0BB0F40F4BF2B11F460FF04C0CD
:1096A0006F5F7F4F8F4F9F4F089557FD9058440F26
:1096B000551F59F05F3F71F04795880F97FB991F31
:1096C00061F09F3F79F087950895121613061406EE
:1096D000551FF2CF4695F1DF08C01616170618067B
:1096E000991FF1CF86957105610508940895E89456
:1096F000BB2766277727CB0197F908957CDF08F40D
:109700008FEF08950BD0C0CFB1DF28F0B6DF18F08F
:10971000952309F094CFA7CF1124EACFC6DFA0F399
:10972000959FD1F3950F50E0551F629FF001729FF6
:10973000BB27F00DB11D639FAA27F00DB11DAA1F15
:10974000649F6627B00DA11D661F829F2227B00D62
:10975000A11D621F739FB00DA11D621F839FA00DED
:10976000611D221F749F3327A00D611D231F849F3D
:10977000600D211D822F762F6A2F11249F57504094
:109780008AF0E1F088234AF0EE0FFF1FBB1F661F2F
:10979000771F881F91505040A9F79E3F510570F0E8
:1097A0004ECFA6CF5F3FECF3983EDCF386957795DE
:1097B0006795B795F795E7959F5FC1F7FE2B880FE3
:1097C000911D9695879597F90895FA01EE0FFF1F61
:1097D00030962105310599F16115710561F48038E4
:1097E000BFE39B0749F168949038810561F08038A8
:1097F000BFEF9B0741F0992342F5FF3FE10531059B
:10980000210511F1E8940894E795D901AA2329F4D8
:10981000AB2FBE2FF85FD0F310C0FF5F70F4A6959A
:10982000E0F7F73950F019F0FF3A38F49F779F933B
:109830000CD00F9007FC905808953EF014CF60E0D4
:1098400070E080E89FE308954FE79F775F934F9321
:109850003F932F93DDD02F913F914F915F9152DF36
:109860000BC09F935BD00F9007FCEE5F7EC019F496
:109870000EF0E5CE3CCFF7CE20DFC8F39638C0F728
:1098800007F80F92E8942BE33AEA48EB5FE748DFEA
:109890000F920F920F924DB75EB70F92F9D0E2E69A
:1098A000F2E016D04F915F91EF91FF91E595EE1F99
:1098B000FF1F49F0FE57E0684427EE0F441FFA955A
:1098C000E1F74195550B6BD00F9007FE5FC00895EF
:1098D000DF93CF931F930F93FF92EF92DF927B0161
:1098E0008C01689405C0DA2EEF0118DFFE01E894C0
:1098F000A5912591359145915591AEF3EF0100DD8C
:10990000FE019701A801DA9479F7DF90EF90FF90BC
:109910000F911F91CF91DF910895A5CECEDEE8F390
:10992000E894E0E0BB279F57F0F02AED3FE049ECD8
:1099300006C0EE0FBB0F661F771F881F28F0B23AD4
:1099400062077307840728F0B25A620B730B840B0B
:10995000E3959A9572F7803830F49A95BB0F661F9D
:10996000771F881FD2F7904872CEEF93E0FF06C0B2
:10997000A2EA2AED3FE049EC5FEBC2DC85DE0F9006
:10998000039401FC9058EAE8F2E0B5C09B01AC01F9
:1099900060E070E080E89FE30ACD51CE56CE8DDEC8
:1099A000E8F39923D9F3940F511DBBF39150504024
:1099B00094F059F0882332F0660F771F881F91507A
:1099C0005040C1F79E3F510544F7880F911D969571
:1099D000879597F908955F3FACF0983E9CF0BB27C0
:1099E000869577956795B79508F4B1609395C1F71B
:1099F000BB0F58F711F460FFE8CF6F5F7F4F8F4FB9
:109A00009F4FE3CF75CE0EF020CE2DCE689417CEAB
:109A100054DEC8F39923D1F3C6F3DF93CF931F939A
:109A20000F93FF92C92FDD2788232AF02197660F15
:109A3000771F881FDAF720E030E040E85FEB9FE314
:109A4000883920F0803E30F021968F7748DCE8EAB4
:109A5000F2E003C044DCE5EDF2E03ADF8B01BE0149
:109A6000EC01FB2E6F5771097595771F880B990BC9
:109A700039DD28E132E741E35FE350DEAF2D9801A5
:109A8000AE01FF900F911F91CF91DF9139DCFCCD9A
:109A9000FA01DC01AA0FBB1F9B01AC01BF5728F4E0
:109AA00022273327442750781FC0B75188F4AB2FA3
:109AB0000024469537952795011CA395D2F30020E5
:109AC00069F0220F331F441FB395DAF30DD006CC93
:109AD00061307105A0E88A07B94630F49B01AC01FA
:109AE0006627772788279078309621F02083318366
:109AF0004283538308959F938F937F936F93FF9334
:109B0000EF939B01AC01FEDDEF91FF91E1DE2F9120
:109B10003F914F915F91F6CD991B79E004C0991F59
:109B2000961708F0961B881F7A95C9F780950895B7
:109B300087FB082E062687FD819567FD6195ECDF82
:109B40000EF4919507FC81950895AA1BBB1B51E16A
:109B500007C0AA1FBB1FA617B70710F0A61BB70B9D
:109B6000881F991F5A95A9F780959095BC01CD0142
:109B7000089597FB072E16F4009406D077FD08D0C1
:109B8000E4DF07FC05D03EF4909581959F4F089542
:109B9000709561957F4F0895A1E21A2EAA1BBB1BF9
:109BA000FD010DC0AA1FBB1FEE1FFF1FA217B307A9
:109BB000E407F50720F0A21BB30BE40BF50B661FBF
:109BC000771F881F991F1A9469F760957095809583
:109BD00090959B01AC01BD01CF010895052E97FB27
:109BE00016F400940FD057FD05D0D6DF07FC02D045
:109BF00046F408C050954095309521953F4F4F4F02
:109C00005F4F089590958095709561957F4F8F4F28
:109C10009F4F0895EE0FFF1F881F8BBF0790F6918F
:109C2000E02D1BBE1994A29FB001B39FC001A39F5A
:109C3000700D811D1124911DB29F700D811D112485
:109C4000911D0895FB01DC0102C001900D9241506D
:109C50005040D8F70895DC0101C06D934150504049
:089C6000E0F70895F894FFCF2E
:109C68002205FE0001114732018240000001014037
:109C7800000001000500093D000001938D7D0008EA
:109C8800090A0B0C0D1012F0000179050100000003
:109C98000000000000F7F07E7F0602000179050051
:109CA800010020260601F7191919190554350D0662
:109CB800050403050403020403020103020100086A
:109CC800090A0B0C0D10120008040201000402011D
:109CD80000C000380007E0003219601800010405D0
:109CE8000203060708090C0D0A0B0E0F0004080CE6
:109CF8000105090D02060A0E03070B0F00010305F3
:109D08000A141E3C00FF0181010081FFFF81000150
:0C9D18008101FF0045170FC2497B6F441A
:00000001FF
