:100000000CC4000050C400004EC400004CC40000EA
:100010004AC4000048C40000D5C4000006C5000062
:1000200037C5000068C500003EC400003CC40000A5
:100030003AC4000038C4000081C60000B7C6000002
:10004000EDC6000023C7000059C700008FC700009D
:10005000C5C70000FBC700000C945E080C9496080E
:1000600022C4000020C400001EC400001CC4000004
:100070001AC4000018C4000016C4000014C4000014
:1000800012C4000010C400000EC400000CC4000024
:100090000AC4000008C4000006C4000004C4000034
:1000A00002C4000000C40000FEC30000FCC3000046
:1000B000FAC30000F8C30000F6C300000C94FE0A67
:1000C0000C94360B0C946E0B0C94A60B0C94DE0B5C
:1000D0000C94160CE8C30000E6C30000E4C3000063
:1000E000E2C30000E0C30000DEC30000DCC3000088
:1000F000DAC30000D8C30000D6C30000D4C3000098
:10010000D2C30000D0C30000CEC30000CCC30000A7
:10011000CAC30000C8C30000C6C30000C4C30000B7
:10012000C2C30000C0C30000BEC30000BCC30000C7
:10013000BAC300000C94CE080C9406090C943E0936
:100140000C9476090C94AE090C94E6090C941E0AE2
:100150000C94560A0C948E0A0C94C60AA4C3000090
:10016000A2C30000A0C300009EC300009CC3000007
:100170009AC3000098C3000096C3000094C3000017
:1001800092C3000090C300008EC300008CC3000027
:100190008AC3000088C3000086C3000084C3000037
:1001A00082C3000080C300007EC300007CC3000047
:1001B0007AC3000078C3000076C3000074C3000057
:1001C00072C3000070C300006EC300006CC3000067
:1001D0006AC3000068C3000066C3000064C3000077
:1001E00062C3000060C300005EC300005CC3000087
:1001F0005AC300000C94B41856C30000A813C713C8
:100200009314C713931406141A1493146C147514CE
:100210004D2765278227A227C327CD27EC27DC2778
:10022000F62704281428452862287F289C28DE28E1
:10023000DE28DE28DE28B9282633D1322633D13213
:100240009633DE333835FD339434683A6D3A723A7A
:10025000773A423A2A3A7B3A4A3A7B3A7B3A7B3AB5
:100260000A3A07634236B79BD8A71A39685618AEC0
:10027000BAAB558C1D3CB7CC5763BD6DEDFD753EDB
:10028000F6177231BF000000803F05A84CCDB2D4F4
:100290004EB93836A9020C50B9918688083CA6AAF6
:1002A000AA2ABE000000803F08000000BE92244938
:1002B000123EABAAAA2ABECDCCCC4C3E0000008098
:1002C000BEABAAAAAA3E00000000BF000000803F0B
:1002D0000000000000084178D3BB4387D1133D19CB
:1002E0000E3CC3BD4282AD2B3E68EC8276BED98FF8
:1002F000E1A93E4C80EFFFBE01C4FF7F3F0000003C
:1003000000000101020202020303040505060708BA
:100310000A0B0D0F1215181C21262C333C46515E7A
:100320006E7F0101010101010101010101020202CF
:100330000202020202020202020202030303030398
:100340000303030404040404040405050505050669
:1003500006060606070707080808080909090A0A21
:100360000B0B0B0C0C0D0D0E0E0F101011111213A8
:1003700014141516171819191A1C1D1E1F202123D5
:10038000242527282A2B2D2F31333537393B3D4063
:100390004245474A4D5053565A5D6164686C7175C9
:1003A0007A7F0000001E1E1E7F7F7FFFFFFF4C4CE8
:1003B000FF0000FF00007F00001E6CBDFF0054FF27
:1003C000001D59001B274CFFFF00FFFF005959007B
:1003D00019194CFF8800FF5400591C002B144CFFC6
:1003E0004C00FF00007F000019005EFF4C19FF0069
:1003F0000D590002190088FF4C56F6281F680B1390
:100400002400B7FF4C99FF002B5900121900FFC3BD
:100410004CFFA900524100191000FF884CFF550005
:100420001D5900190800FF4C4CFF00007F00001E02
:100430000000FF4C87FF005464001930000FFF4C90
:10044000FFFF00FF590059190019874CFF5400FFA6
:100450001D00591300220015FF0035990051790045
:1004600064430039033557007F5400FF00004F45B7
:1004700000CC00257F7F7F2020200000FF2DFFBDC6
:1004800006EDAF09FF64008B1087FF00FFA900FF96
:100490002A00FF003FFF007A7E1AB2002140004A86
:1004A000FF06E18815FF7200FF0026FF3B71FF5930
:1004B000CCFF38FF8A5BC65131E97F87FF1DD35DD2
:1004C00000FF007FFF004CB900FF90075D83002B09
:1004D00039104C1438500D2A15155A20161C3C6939
:1004E0000A00A83D51DE1C6AD826E1FF2FE19E0FCD
:1004F000B567301E1E6BFFDCBDFF80FF999AFF665B
:100500008E404040757575FFFFE00000A00000358B
:1005100000D01A004207004CB900313F005FB3021F
:10052000154B000000FF0000FF0000FF0100FF036B
:1005300000FF0600FF0900FF0E00FF1400FF1C0073
:10054000FF2500FF2C00FF3800FF4700FF5500FF8C
:100550006700FF7B00FF8900FFA000FFBA00FFD605
:1005600000FFF200FAFF00EDFF00E1FF00D4FF0002
:10057000C7FF00BFFF00B2FF00A5FF0099FF008C7E
:10058000FF007FFF0077FF006AFF005DFF0050FF64
:100590000043FF003BFF002EFF0021FF0015FF007E
:1005A00008FF0000FF0000FF0000FF0000FF000048
:1005B000FF0000FF0000FF0000FF0000FF0200FF3F
:1005C0000300FF0600FF0900FF0E00FF1600FF21D9
:1005D00000FF2F00FF3C00FF5100FF6F00FF940061
:1005E000FFC400FFFF00E9FF00CBFF00B0FF009950
:1005F000FF0082FF0075FF0062FF0050FF0041FF17
:100600000034FF002CFF0022FF0019FF0012FF0042
:100610000CFF0007FF0005FF0002FF0001FF0000C4
:10062000FF0000FF0400FF1000FF1D00FF2A00FF75
:100630003700FF3F00FF4C00FF5900FF6600FF72CC
:1006400000FF7F00FF8700FF9400FFA100FFAE00C6
:10065000FFBA00FFC300FFD000FFDD00FFE900FF8D
:10066000F600FFFF00FFFF00DBFF00C4FF00AAFF52
:100670000094FF0085FF007FFF006FFA006FED0020
:1006800053E1003CD4002FC70020C70016BF001064
:10069000B2000FA5000E99000D8C000C7F000BFF1F
:1006A000FFFF00000000000000000000000000004C
:1006B00000007F0000007F0000007F0000007F003E
:1006C0000000000000007F000000000000007F002C
:1006D000000000000000000000000055007F000046
:1006E0007F007F00005500006400006E00007F0066
:1006F00000001455007F00007F0000007F000023F1
:100700005555557F7F0000006E7F64000000005546
:10071000555555146E007F0A6414002D7F006E2D10
:100720004B237F007F007F006E7F007F007F7F0074
:100730007F007F007F7F7F007F7F7F007F7F7F7FC5
:100740007F7F557F647F557F557F557F557F6E7FB7
:10075000647F2E034D00690064006900200046009C
:100760006900670068007400650072002000540092
:100770007700690073007400650072002000320089
:1007800000001A0344004A00200054006500630082
:10079000680054006F006F006C00730000000403D9
:1007A00009040902650002010080F009040000004C
:1007B00001010000092401000109000101090401EF
:1007C0000002010300000724010001410006240289
:1007D00001010006240202020009240301030102B0
:1007E000010009240302040101010009050102407E
:1007F00000000000052501010109058202400000FA
:1008000000000525010103120110010000004080D5
:100810002507100100010203010011241FBECFEFC4
:10082000CDBFDFE3DEBF00E00CBF18BE19BE1ABEAD
:100830001BBE8091780083FF1CC08091333990915A
:100840003439A0913539B09136398A3C9C4AA2445A
:10085000BC4D79F4109233391092343910923539F5
:100860001092363981E08CBFE0910220F091032094
:10087000199510E2A0E0B0E2E2EBFBE900E00BBF6B
:1008800002C007900D92AE3BB107D9F71BBE29E31A
:10089000AEEBB0E201C01D92A333B207E1F70E94B4
:1008A000BC480C94D74DACCB2FB7F894FC01E05961
:1008B000FF4F60958081682360832FBF08951BBE22
:1008C000FC0128ED24BF608308950F931F93CF93FD
:1008D000DF93E82FF0E0DF01519634E0AA0FBB1F51
:1008E0003A95E1F72091040160910301EF0124960C
:1008F00041E050E08A01082E01C0000F0A94EAF797
:100900000C2E01C0440F0A94EAF7402B642370E0D8
:100910008B010C2E02C0159507950A94E2F700FD95
:100920001DC0082E02C0759567950A94E2F760FD18
:1009300018C04223242F30E0A90102C055954795E5
:10094000CA95E2F740FD10C0A90102C05595479530
:100950008A95E2F7CA018170992708C084E090E087
:1009600005C083E090E002C082E090E011962C91F7
:100970001197206311962C93EE0FFF1FE352F44D55
:100980000190F081E02D309729F0DF91CF911F91F8
:100990000F911994DF91CF911F910F91089561E00C
:1009A00080E090E081DF9FB7F894E7EDFBE2818182
:1009B0008F5F81839FBFE0E0F1E080E4808380E887
:1009C000808308951F920F920FB60F92112408B6DC
:1009D0000F9218BE09B60F9219BE0BB60F921BBE2E
:1009E0002F933F934F935F936F937F938F939F9337
:1009F000AF93BF93EF93FF9380E067DFFF91EF9199
:100A0000BF91AF919F918F917F916F915F914F9126
:100A10003F912F910F900BBE0F9009BE0F9008BE13
:100A20000F900FBE0F901F9018951F920F920FB648
:100A30000F92112408B60F9218BE09B60F9219BE74
:100A40000BB60F921BBE2F933F934F935F936F9301
:100A50007F938F939F93AF93BF93EF93FF9381E027
:100A600034DFFF91EF91BF91AF919F918F917F9173
:100A70006F915F914F913F912F910F900BBE0F900F
:100A800009BE0F9008BE0F900FBE0F901F901895D3
:100A90001F920F920FB60F92112408B60F9218BE34
:100AA00009B60F9219BE0BB60F921BBE2F933F9340
:100AB0004F935F936F937F938F939F93AF93BF9366
:100AC000EF93FF9382E001DFFF91EF91BF91AF9130
:100AD0009F918F917F916F915F914F913F912F9156
:100AE0000F900BBE0F9009BE0F9008BE0F900FBE67
:100AF0000F901F9018951F920F920FB60F9211240E
:100B000008B60F9218BE09B60F9219BE0BB60F9217
:100B10001BBE2F933F934F935F936F937F938F935E
:100B20009F93AF93BF93EF93FF9383E0CEDEFF914C
:100B3000EF91BF91AF919F918F917F916F915F9155
:100B40004F913F912F910F900BBE0F9009BE0F90C8
:100B500008BE0F900FBE0F901F901895DB01E82F75
:100B6000F0E0719684E0EE0FFF1F8A95E1F79FB7E2
:100B7000F89419968C91199784871A968C911A97E4
:100B80008587168617968C911797808718968C9173
:100B900018978187128612968C91129782831396EA
:100BA0008C911397838314962D913C9115972483F0
:100BB000358316968C911697868311968C91119792
:100BC00081838C918F7780839FBF08958091CF011F
:100BD00087FDFCCF08951F93CF93DF93C0ECD1E046
:100BE0001A858A8761E08BEC91E069DE1A87DF91D4
:100BF000CF911F910895CF93DF93EC01E7DFECECE9
:100C0000F1E0808188608083D05F88819081977FC8
:100C10009083DF91CF910895CF92DF92EF92FF9270
:100C20000F931F93CF93DF938C017B016A01CEDF7B
:100C3000CCECD1E0888188608883B801705FA60120
:100C4000C7010E94C74D8881877F8883DF91CF913C
:100C50001F910F91FF90EF90DF90CF900895B6DF36
:100C60008091CF0181FF07C086E38093CA0161E0D4
:100C70008BEC91E024CE0895CF93DF93C82FD62F2D
:100C8000A5DFACECB1E08C9188608C93EC2FF0E0A8
:100C9000F05FD0838C91877F8C93DF91CF91089503
:100CA000EF92FF920F931F93CF93DF93182FF92E9C
:100CB000E62EC0ECD1E00A85D2DF88DF6E2D812FD1
:100CC000DBDF1A82F982188385E38A8761E08BEC87
:100CD00091E0F5DD0A87DF91CF911F910F91FF9091
:100CE000EF9008950F931F93CF938C016FDFC0E0B7
:100CF000F80161918F018C2FBFDFCF5FC032C1F748
:100D0000CF911F910F910895CF93C82F5FDF20E2FD
:100D1000C29FC0011124E0ECF1E012829183808334
:100D200085E390E0CF9157CF4091CA01E62FF72F8E
:100D30008093CA0184914093CA0108951F920F9233
:100D40000FB60F92112408B60F9218BE09B60F9273
:100D500019BE0BB60F921BBE2F933F934F935F9319
:100D60006F937F938F939F93AF93BF93EF93FF9373
:100D7000E091F020F091F120309709F01995FF9162
:100D8000EF91BF91AF919F918F917F916F915F9103
:100D90004F913F912F910F900BBE0F9009BE0F9076
:100DA00008BE0F900FBE0F901F9018951F920F92C4
:100DB0000FB60F92112408B60F9218BE09B60F9203
:100DC00019BE0BB60F921BBE2F933F934F935F93A9
:100DD0006F937F938F939F93AF93BF93EF93FF9303
:100DE000E091EE20F091EF20309709F01995FF91F6
:100DF000EF91BF91AF919F918F917F916F915F9193
:100E00004F913F912F910F900BBE0F9009BE0F9005
:100E100008BE0F900FBE0F901F9018951F920F9253
:100E20000FB60F92112408B60F9218BE09B60F9292
:100E300019BE0BB60F921BBE2F933F934F935F9338
:100E40006F937F938F939F93AF93BF93EF93FF9392
:100E5000E091EC20F091ED20309709F01995FF9189
:100E6000EF91BF91AF919F918F917F916F915F9122
:100E70004F913F912F910F900BBE0F9009BE0F9095
:100E800008BE0F900FBE0F901F9018951F920F92E3
:100E90000FB60F92112408B60F9218BE09B60F9222
:100EA00019BE0BB60F921BBE2F933F934F935F93C8
:100EB0006F937F938F939F93AF93BF93EF93FF9322
:100EC000E091EA20F091EB20309709F01995FF911D
:100ED000EF91BF91AF919F918F917F916F915F91B2
:100EE0004F913F912F910F900BBE0F9009BE0F9025
:100EF00008BE0F900FBE0F901F9018951F920F9273
:100F00000FB60F92112408B60F9218BE09B60F92B1
:100F100019BE0BB60F921BBE2F933F934F935F9357
:100F20006F937F938F939F93AF93BF93EF93FF93B1
:100F3000E091E820F091E920309709F01995FF91B0
:100F4000EF91BF91AF919F918F917F916F915F9141
:100F50004F913F912F910F900BBE0F9009BE0F90B4
:100F600008BE0F900FBE0F901F9018951F920F9202
:100F70000FB60F92112408B60F9218BE09B60F9241
:100F800019BE0BB60F921BBE2F933F934F935F93E7
:100F90006F937F938F939F93AF93BF93EF93FF9341
:100FA000E091E620F091E720309709F01995FF9144
:100FB000EF91BF91AF919F918F917F916F915F91D1
:100FC0004F913F912F910F900BBE0F9009BE0F9044
:100FD00008BE0F900FBE0F901F9018951F920F9292
:100FE0000FB60F92112408B60F9218BE09B60F92D1
:100FF00019BE0BB60F921BBE2F933F934F935F9377
:101000006F937F938F939F93AF93BF93EF93FF93D0
:10101000E091E420F091E520309709F01995FF91D7
:10102000EF91BF91AF919F918F917F916F915F9160
:101030004F913F912F910F900BBE0F9009BE0F90D3
:1010400008BE0F900FBE0F901F9018951F920F9221
:101050000FB60F92112408B60F9218BE09B60F9260
:1010600019BE0BB60F921BBE2F933F934F935F9306
:101070006F937F938F939F93AF93BF93EF93FF9360
:10108000E091E220F091E320309709F01995FF916B
:10109000EF91BF91AF919F918F917F916F915F91F0
:1010A0004F913F912F910F900BBE0F9009BE0F9063
:1010B00008BE0F900FBE0F901F9018951F920F92B1
:1010C0000FB60F92112408B60F9218BE09B60F92F0
:1010D00019BE0BB60F921BBE2F933F934F935F9396
:1010E0006F937F938F939F93AF93BF93EF93FF93F0
:1010F000E091E020F091E120309709F01995FF91FF
:10110000EF91BF91AF919F918F917F916F915F917F
:101110004F913F912F910F900BBE0F9009BE0F90F2
:1011200008BE0F900FBE0F901F9018951F920F9240
:101130000FB60F92112408B60F9218BE09B60F927F
:1011400019BE0BB60F921BBE2F933F934F935F9325
:101150006F937F938F939F93AF93BF93EF93FF937F
:10116000E091DE20F091DF20309709F01995FF9192
:10117000EF91BF91AF919F918F917F916F915F910F
:101180004F913F912F910F900BBE0F9009BE0F9082
:1011900008BE0F900FBE0F901F9018951F920F92D0
:1011A0000FB60F92112408B60F9218BE09B60F920F
:1011B00019BE0BB60F921BBE2F933F934F935F93B5
:1011C0006F937F938F939F93AF93BF93EF93FF930F
:1011D000E091DC20F091DD20309709F01995FF9126
:1011E000EF91BF91AF919F918F917F916F915F919F
:1011F0004F913F912F910F900BBE0F9009BE0F9012
:1012000008BE0F900FBE0F901F9018951F920F925F
:101210000FB60F92112408B60F9218BE09B60F929E
:1012200019BE0BB60F921BBE2F933F934F935F9344
:101230006F937F938F939F93AF93BF93EF93FF939E
:10124000E091DA20F091DB20309709F01995FF91B9
:10125000EF91BF91AF919F918F917F916F915F912E
:101260004F913F912F910F900BBE0F9009BE0F90A1
:1012700008BE0F900FBE0F901F9018951F920F92EF
:101280000FB60F92112408B60F9218BE09B60F922E
:1012900019BE0BB60F921BBE2F933F934F935F93D4
:1012A0006F937F938F939F93AF93BF93EF93FF932E
:1012B000E091D820F091D920309709F01995FF914D
:1012C000EF91BF91AF919F918F917F916F915F91BE
:1012D0004F913F912F910F900BBE0F9009BE0F9031
:1012E00008BE0F900FBE0F901F9018951F920F927F
:1012F0000FB60F92112408B60F9218BE09B60F92BE
:1013000019BE0BB60F921BBE2F933F934F935F9363
:101310006F937F938F939F93AF93BF93EF93FF93BD
:10132000E091D620F091D720309709F01995FF91E0
:10133000EF91BF91AF919F918F917F916F915F914D
:101340004F913F912F910F900BBE0F9009BE0F90C0
:1013500008BE0F900FBE0F901F9018951F920F920E
:101360000FB60F92112408B60F9218BE09B60F924D
:1013700019BE0BB60F921BBE2F933F934F935F93F3
:101380006F937F938F939F93AF93BF93EF93FF934D
:10139000E091D420F091D520309709F01995FF9174
:1013A000EF91BF91AF919F918F917F916F915F91DD
:1013B0004F913F912F910F900BBE0F9009BE0F9050
:1013C00008BE0F900FBE0F901F9018951F920F929E
:1013D0000FB60F92112408B60F9218BE09B60F92DD
:1013E00019BE0BB60F921BBE2F933F934F935F9383
:1013F0006F937F938F939F93AF93BF93EF93FF93DD
:10140000E091D220F091D320309709F01995FF9107
:10141000EF91BF91AF919F918F917F916F915F916C
:101420004F913F912F910F900BBE0F9009BE0F90DF
:1014300008BE0F900FBE0F901F9018951F920F922D
:101440000FB60F92112408B60F9218BE09B60F926C
:1014500019BE0BB60F921BBE2F933F934F935F9312
:101460006F937F938F939F93AF93BF93EF93FF936C
:10147000E091D020F091D120309709F01995FF919B
:10148000EF91BF91AF919F918F917F916F915F91FC
:101490004F913F912F910F900BBE0F9009BE0F906F
:1014A00008BE0F900FBE0F901F9018951F920F92BD
:1014B0000FB60F92112408B60F9218BE09B60F92FC
:1014C00019BE0BB60F921BBE2F933F934F935F93A2
:1014D0006F937F938F939F93AF93BF93EF93FF93FC
:1014E000E091CE20F091CF20309709F01995FF912F
:1014F000EF91BF91AF919F918F917F916F915F918C
:101500004F913F912F910F900BBE0F9009BE0F90FE
:1015100008BE0F900FBE0F901F9018951F920F924C
:101520000FB60F92112408B60F9218BE09B60F928B
:1015300019BE0BB60F921BBE2F933F934F935F9331
:101540006F937F938F939F93AF93BF93EF93FF938B
:10155000E091CC20F091CD20309709F01995FF91C2
:10156000EF91BF91AF919F918F917F916F915F911B
:101570004F913F912F910F900BBE0F9009BE0F908E
:1015800008BE0F900FBE0F901F9018951F920F92DC
:101590000FB60F92112408B60F9218BE09B60F921B
:1015A00019BE0BB60F921BBE2F933F934F935F93C1
:1015B0006F937F938F939F93AF93BF93EF93FF931B
:1015C000E091CA20F091CB20309709F01995FF9156
:1015D000EF91BF91AF919F918F917F916F915F91AB
:1015E0004F913F912F910F900BBE0F9009BE0F901E
:1015F00008BE0F900FBE0F901F9018951F920F926C
:101600000FB60F92112408B60F9218BE09B60F92AA
:1016100019BE0BB60F921BBE2F933F934F935F9350
:101620006F937F938F939F93AF93BF93EF93FF93AA
:10163000E091C820F091C920309709F01995FF91E9
:10164000EF91BF91AF919F918F917F916F915F913A
:101650004F913F912F910F900BBE0F9009BE0F90AD
:1016600008BE0F900FBE0F901F9018951F920F92FB
:101670000FB60F92112408B60F9218BE09B60F923A
:1016800019BE0BB60F921BBE2F933F934F935F93E0
:101690006F937F938F939F93AF93BF93EF93FF933A
:1016A000E091C620F091C720309709F01995FF917D
:1016B000EF91BF91AF919F918F917F916F915F91CA
:1016C0004F913F912F910F900BBE0F9009BE0F903D
:1016D00008BE0F900FBE0F901F9018951F920F928B
:1016E0000FB60F92112408B60F9218BE09B60F92CA
:1016F00019BE0BB60F921BBE2F933F934F935F9370
:101700006F937F938F939F93AF93BF93EF93FF93C9
:10171000E091C420F091C520309709F01995FF9110
:10172000EF91BF91AF919F918F917F916F915F9159
:101730004F913F912F910F900BBE0F9009BE0F90CC
:1017400008BE0F900FBE0F901F9018951F920F921A
:101750000FB60F92112408B60F9218BE09B60F9259
:1017600019BE0BB60F921BBE2F933F934F935F93FF
:101770006F937F938F939F93AF93BF93EF93FF9359
:10178000E091C220F091C320309709F01995FF91A4
:10179000EF91BF91AF919F918F917F916F915F91E9
:1017A0004F913F912F910F900BBE0F9009BE0F905C
:1017B00008BE0F900FBE0F901F9018951F920F92AA
:1017C0000FB60F92112408B60F9218BE09B60F92E9
:1017D00019BE0BB60F921BBE2F933F934F935F938F
:1017E0006F937F938F939F93AF93BF93EF93FF93E9
:1017F000E091C020F091C120309709F01995FF9138
:10180000EF91BF91AF919F918F917F916F915F9178
:101810004F913F912F910F900BBE0F9009BE0F90EB
:1018200008BE0F900FBE0F901F9018951F920F9239
:101830000FB60F92112408B60F9218BE09B60F9278
:1018400019BE0BB60F921BBE2F933F934F935F931E
:101850006F937F938F939F93AF93BF93EF93FF9378
:10186000E091BE20F091BF20309709F01995FF91CB
:10187000EF91BF91AF919F918F917F916F915F9108
:101880004F913F912F910F900BBE0F9009BE0F907B
:1018900008BE0F900FBE0F901F901895CF93CFB733
:1018A000F894811528E0920711F461E005C08034B6
:1018B00028E0920749F462E083E090E00E9454043B
:1018C00064E083E090E01EC0811529E0920711F4E6
:1018D00061E005C0803429E0920749F462E084E0C9
:1018E00090E00E94540464E084E090E00BC0811515
:1018F0009A4091F461E085E090E00E94540464E035
:1019000085E090E00E9454049FB7F8948091D82B12
:101910008F5F8093D82B9FBFCFBFCF910895811544
:1019200028E0920729F46093EC207093ED2008954D
:10193000803428E0920729F46093E0207093E1203E
:101940000895811529E0920729F46093D8207093B7
:10195000D9200895803429E0920729F46093CC209F
:101960007093CD20089581159A4021F46093C4208E
:101970007093C5200895811528E0920729F460939B
:10198000EA207093EB200895803428E0920729F430
:101990006093DE207093DF200895811529E092077F
:1019A00029F46093D6207093D7200895803429E0DD
:1019B000920729F46093CA207093CB200895811573
:1019C0009A4021F46093C2207093C3200895009739
:1019D00009F49BC0803C910511F460E105C08115BC
:1019E00024E0920721F464E080E090E08CC080382D
:1019F00021E0920711F462E0F7CF811521E0920710
:101A000011F461E0F1CF803823E0920711F461E036
:101A100005C0811522E0920721F462E081E090E0A8
:101A200072C0803223E0920721F464E082E090E00B
:101A30006AC0811528E0920711F461E05BC081154E
:101A400029E0920711F461E04DC081152AE0920768
:101A500011F461E056C0803428E0920711F462E08E
:101A600049C0803429E0920711F462E03BC080391C
:101A700028E0920711F464E03DC0803929E0920724
:101A800011F464E02FC080392AE0920711F464E079
:101A900038C0803C28E0920711F468E02BC0803CFD
:101AA00029E0920711F468E01DC0803A28E092070F
:101AB00011F460E11FC0803A29E0920711F460E15F
:101AC00011C0803A2AE0920711F460E11AC0803B0D
:101AD00028E0920711F460E20DC0803B29E09207F4
:101AE00021F460E284E090E00EC0803824E09207A8
:101AF00021F460E483E090E006C0803A944029F449
:101B000060E485E090E00C94540408950F931F93D3
:101B1000CF93DF93EC01D901C8013695279517952E
:101B20000795401751076207730768F49A01AB01E4
:101B3000220F331F441F551FBC01CD010E94714D60
:101B40002150310902C020E030E0832F8F708F8355
:101B50002E83DF91CF911F910F910895EF92FF9205
:101B60000F931F93CF93DF93EC017B0130DF8C81C8
:101B70008F7E8C83F70124812250C03AF8E0DF0782
:101B800031F480914E0684FD6BC011E11FC0C03B53
:101B900088E0D80709F464C0C03AE9E0DE0731F410
:101BA00080916E0684FD5EC019E110C0C03BF9E073
:101BB000DF0709F457C0C03A8AE0D80739F48091AA
:101BC0008E0684FD02C011E201C015E2E12FE69508
:101BD000E695E69580E2E89FF0011124FA5F177020
:101BE00081E090E001C0880F1A95EAF781832230E6
:101BF00010F020E001C020E48093B000208B8583AA
:101C00008D81806C8D83F70184818D7F813019F403
:101C10008D81826002C08D818D7F8D83F7018581EA
:101C2000882319F08D81846002C08D818B7F8D8324
:101C3000F701408151816281738100E018E428EE50
:101C400031E0CE0163DF8C8188608C838C81806180
:101C50008C83DF91CF911F910F91FF90EF900895AA
:101C600015E1B4CF1DE1B2CF8091820080FDFCCFA1
:101C7000089590918000880F880F682F6C73927080
:101C80009160692B80E890E00E945F04EDCF609145
:101C900080006C7F616080E890E00C945F0460914C
:101CA00080006C73636080E890E00E945F04DCCF8A
:101CB00063E080E890E00E945F04D6DF6BE281E899
:101CC00090E00E945F04D0DFA895FFCF8EE090E007
:101CD0000E94FB05813039F482EA93E08093002072
:101CE00090930120089582E295E0809300209093E4
:101CF00001200895CF92DF92EF92FF920F931F93EE
:101D0000CF93DF93CDB7DEB76797CDBFDEBF882314
:101D1000A1F1FB018081811130C088E0E0E2F0E2B6
:101D2000DE01509601900D928A95E1F78FE0E8E28E
:101D3000F0E2DE01119601900D928A95E1F77E01A5
:101D4000F0E1EF0EF11C8E01095F1F4F6E018FE075
:101D5000C80ED11CF70161917F0170E082E00E9402
:101D60009406F80181938F01EC15FD0599F7BE01EA
:101D70006F5F7F4F8FE00E9491396796CDBFDEBFC6
:101D8000DF91CF911F910F91FF90EF90DF90CF9057
:101D900008958F929F92AF92BF92CF92DF92EF926F
:101DA000FF920F931F93CF93DF93CDB7DEB7C0554C
:101DB000D109CDBFDEBFFB01833008F445C190815E
:101DC0001181111101C010E4911156C0863008F440
:101DD0003BC19281992309F437C1248130E090E01E
:101DE0000497281739070CF02FC1612F70E061505C
:101DF00071096B0144E0D594C7944A95E1F76F707F
:101E00007727AE014F5F5F4F8FE0DA011D928A9511
:101E1000E9F7CA018E01005F1F4F70E8F72EDC0161
:101E2000FD92CD01A017B107D1F7359690E0890159
:101E300001501109292F30E020173107B4F42E0F7B
:101E40003F1FD9012C912A502F3068F4DA01A20FDC
:101E5000B11D9D0181E0890F7F01E80EF11CD701C2
:101E60008C91D9018C939E5FE5CF8C2D0E942A2FF7
:101E70000E94B63BA895E8C0913009F0E5C00FEF8D
:101E8000010F003460F4612F70E061507109CB01E3
:101E900034E0959587953A95E1F76F7002C060E060
:101EA00080E0AE014E5B5F4F0E9450298AE08CA318
:101EB00023968FAD23978DA38BE08EA324968FADB1
:101EC00024978FA38CE088A725968FAD259789A7A7
:101ED0008DE08AA726968FAD26978F5F8BA78EE021
:101EE0008CA727968FAD27978DA78FE08EA71FA66B
:101EF00080E188AB29968FAD29978F5F89AB81E10F
:101F00008AAB2A968FAD2A978BAB82E18CAB2B964E
:101F10008FAD2B978DAB83E18EAB2C968FAD2C972D
:101F20008FAB84E188AF2D968FAD2D9789AF85E17A
:101F30008AAF2E968FAD2E978BAF86E18CAF2F9602
:101F40008FAD2F978DAF87E18EAF60968FAD609785
:101F50008FAF88E121968FAF219761968FAD619702
:101F60008F5F22968FAF2297003410F000E001C0FF
:101F70000EE1802F68E10E94314DEE24E394E80EDB
:101F8000103411F0C12E01C0C12CD12CFF24F394C8
:101F900080EFB82EAA24A39499E7992E24E0822EEC
:101FA00017EF802F093108F088E10851B9821A82B1
:101FB000AB829C828D821E82CF82F886E9868A87D8
:101FC0001B871C871D871E871F87188B198B1A8BF1
:101FD0001B8B1C8B1D8B1E8B1F8B188F198F1A8FC1
:101FE0001B8F1C8F1D8F1E8F1F8F18A319A31AA361
:101FF0001BA39AE0482F50E0475F5F4F292F30E046
:10200000421753078CF0A1E0B0E0AC0FBD1FA20F48
:10201000B31FE4E2F0E0EC0FFD1FED0DF11D608158
:102020006C939F5FD394EACFBE016F5F7F4F855F54
:102030000E9491398091C2389091C338F2D2A8950C
:10204000F394EF1408F0ADCFC05BDF4FCDBFDEBF20
:10205000DF91CF911F910F91FF90EF90DF90CF9084
:10206000BF90AF909F908F900895DC0190E050E07A
:1020700041505109292F30E024173507F4F481E04D
:10208000890FFB01E20FF31F20812A3048F4FB0186
:10209000E80FF11D8081FD01E20FF11D80830BC06F
:1020A0002F3148F0FB01E80FF11D8081FD01E20FA7
:1020B000F11D759780839E5FDDCF0895FF920F938A
:1020C0001F93CF93DF93CDB7DEB7AB97CDBFDEBF06
:1020D000F8940E94FB268C0180E190E00E94FB05B1
:1020E000F82E789480EF89831A8281E08B8399E7B8
:1020F0009C8322E02D838E831F829091BE2F9F5F51
:1021000098878987F80184858A872B8780818C87C7
:1021100083E08D8782818E8784E08F878481888B9E
:1021200085E0898B86818A8B86E08B8B80858C8B82
:1021300087E08D8B82858E8B88E08F8B8091BD2F81
:10214000888F89E0898F8091B62F8A8F8FE18B8F5E
:102150008091E52B8C8F80E28D8F8091BC2F8E8FAC
:1021600081E28F8F8EE090E00E94FB0588A382E2DF
:1021700089A38091A22F982F92959F709F5F9AA319
:1021800093E29BA38F708F5F8CA384E28DA38F2D2E
:102190008F738EA385E28FA3F294F694F69483E076
:1021A000F822F8A686E289A78091A32F8AA787EF55
:1021B0008BA7BE016F5F7F4F8BE20E949139AB9678
:1021C000CDBFDEBFDF91CF911F910F91FF9008959A
:1021D000882329F0FB018081811101C06FCF089510
:1021E000CF93DF93CDB7DEB72D97CDBFDEBFF89489
:1021F00081E090E00E94FB058093BE2F83E090E099
:102200000E94FB0591E0811101C090E09D8784E070
:1022100090E00E94FB0590E089839A8385E090E03E
:102220000E94FB0590E08B839C8386E090E00E94F7
:10223000FB0590E08D839E8387E090E00E94FB0584
:1022400090E08F83988788E090E00E94FB0590E003
:1022500089879A8789E090E00E94FB0590E08B8750
:102260009C878AE090E00E94FB058093BD2F8BE065
:1022700090E00E94FB058093B62F8CE090E00E94D6
:10228000FB058093E52B8DE090E00E94FB05809399
:10229000BC2F1CDD8FE090E00E94FB058093A22FF5
:1022A00080E190E00E94FB05E82FEF73E83008F032
:1022B000E0E0F0E0E358FF4D90819093A1218295FA
:1022C0008695869583708093A02181E190E00E949D
:1022D000FB058093A32FCE0101960E94D02678940F
:1022E0002D96CDBFDEBFDF91CF910895FF920F9362
:1022F0001F93CF93DF93CDB7DEB76297CDBFDEBF1D
:10230000F82E8B01C4DCCE01019622E1FC01119272
:102310002A95E9F74F2DB801A8DE6981615081E067
:1023200090E00E9450066A8183E090E00E9450068F
:102330006B8184E090E00E9450066C8185E090E023
:102340000E9450066D8186E090E00E9450066E81EA
:1023500087E090E00E9450066F8188E090E00E9444
:102360005006688589E090E00E94500669858AE001
:1023700090E00E9450066A858BE090E00E94500633
:102380006B858CE090E00E9450066C858DE090E0BB
:102390000E9450066D858EE090E00E9450068E856A
:1023A000882319F09FEF980F01C095E06F85662391
:1023B00011F0615001C062E0F0E19F9FC001112463
:1023C0006F70682B8FE090E00E94500668896F73F1
:1023D000998920E4929FC0011124682B80E190E04C
:1023E0000E9450066A8981E190E00E9450060E9496
:1023F000AA4360E07FEF80E090E00E946D41F0DE54
:102400000E94A9295BDE0E9440356296CDBFDEBFE7
:10241000DF91CF911F910F91FF900895F89468E09C
:1024200080E090E00E94500663E081E090E00E942E
:10243000500661E083E090E00E94500660E084E096
:1024400090E00E94500669E085E090E00E9450060E
:1024500060E086E090E00E94500660E087E090E057
:102460000E94500668E088E090E00E94500660E01C
:1024700089E090E00E9450066FE38AE090E00E94BD
:1024800050066FE78BE090E00E9450066FE78CE00B
:1024900090E00E9450066FE78DE090E00E945006A9
:1024A00060E08EE090E00E94500662E58FE090E0F0
:1024B0000E94500667E480E190E00E94500661E0CF
:1024C00081E190E00E94500678940C94332A88238E
:1024D00069F1FB018081813019F0823069F0089543
:1024E000D6DBD1D52FEF8FE493EC21508040904084
:1024F000E1F700C000003CC0CADB90DF87E08093BA
:10250000A2006FEF7FEF80E090E00E946D41BBD5AD
:102510002FEF8FE493EC215080409040E1F700C012
:10252000000081E090E0A5DBBADBFFCF089566E70D
:1025300071E181E00E94672568EE70E182E00E940F
:10254000672567E672E183E00E94672569EC7EE01B
:1025500084E00E9467256AE77EE085E00E946725A7
:1025600080E090E00E94FB05883009F057CF089585
:102570008AD5F89480E02FEF3FE891E02150304079
:102580009040E1F700C000008F5F8038A1F78AEC2F
:102590009CEAA2E4BCED8093333990933439A09344
:1025A0003539B093363984CBCF93DF93EC011B865A
:1025B00082E08C83898761E0CE0101969CD48823D8
:1025C00031F061E0CE010696DF91CF9194C480E0B6
:1025D000DF91CF910895CF93DF932091EF2F243097
:1025E000D1F4EB01FC01818195D340E050E064E03F
:1025F00070E0CE01B7D1811111C08091F82F909178
:10260000F92FFC01EF5BFF4F208131978081281764
:1026100020F038D302C082E001C080E0DF91CF918A
:1026200008952091EF2F2430E9F4FC01818172D3C9
:102630008091FC2F2091F82F3091F92FF90187FF1D
:1026400005C0EF5BFF4F808190E008C0E05CFF4F6A
:1026500080813196208190E0821B9109892B21F0A5
:1026600011D3D2C482E0089580E00895CF93DF9320
:102670002091EF2F243051F4EC0189814BD37FD38B
:10268000882321F0CE01DF91CF91CBCFDF91CF9185
:1026900008950F931F93CF932091EF2F243011F0C3
:1026A000C0E027C08B01FC01868134D374D3C82FCE
:1026B0008823B1F38091F82F9091F92FFC01EF5B03
:1026C000FF4F208131978081281750F740E050E07C
:1026D00064E070E0C80193D18091F82F9091F92FB8
:1026E000FC01EF5BFF4F208131978081281708F0B4
:1026F000E2D28C2FCF911F910F9108950F931F93CA
:10270000CF93DF93CDB7DEB7EA97CDBFDEBF00EF43
:102710001FE2E0D2F80181938F01FFE2083F1F071B
:10272000C1F70E94124951D3882309F4FCC090914B
:10273000F02F2091F12F422F50E04A30510508F040
:10274000F2C0FA018827E250FF4F8F4F0C94AF4D33
:10275000903891F0923809F0E6C08091F42F8F7094
:10276000D9D2E091FA2FF091FB2F118112FB1127A2
:1027700010F980E0CFD206C01091EC2F8091ED2FA0
:10278000811112603CD3812FB5D280E0AAC0892F7D
:102790008D7F09F0C8C0992319F0923061F0C3C051
:1027A0008091F22F813009F0BEC0233009F080E023
:1027B0008093ED2F27C08091F22F811123C0E091EB
:1027C000F42F1E2F1F7009F4AEC0812FA3D2809169
:1027D000F12F833011F43FD315C0E091FA2FF0911F
:1027E000FB2F81818B7F818324E8129FF0011124CC
:1027F000E25CFF4C1082E091FA2FF091FB2F808178
:102800008E7F808380E086D2FAD26DC091118BC01A
:102810001091F22F1F77F3D2E1D3B1D28823E9F3DD
:102820001093C304111102C082E001C083E08093C1
:10283000EF2F79C09058923008F075C08091F22F38
:102840009091F32F8C3D43E0940759F583E08A8300
:102850008AE389834FB7F894DE01139620E038E0CD
:1028600052E05093CA01E32FF0E0E4911092CA01C4
:1028700020FF03C0E295EF703F5FEF708E2F90E076
:10288000EA3010F0C79601C0C0968D939D932F5FDC
:102890002C3139F74FBFB3D26AE370E0CE01019615
:1028A00016C0AE014F5F5F4F6091F42F0E94853AD2
:1028B0008C01892B09F437C0A2D22091F22F3091DC
:1028C000F32F89819A81B8012330334011F4E4D089
:1028D00001C05CD1F0D127C0903829F590D2809109
:1028E000EB2F08D2CFD17AD31EC091111CC080919A
:1028F000F22F9091F32F99270297ACF480D2809118
:10290000F22F8093EB2F6AD38091EB2F811106C0B9
:102910008091C304811102C081E001C084E08093F2
:10292000EF2F0E94F84851D2882311F068D293D239
:10293000EA96CDBFDEBFDF91CF911F910F91089531
:102940000895CF938091EF2F882351F0C091FC2FF1
:1029500080E0E0D13AD28111D1DE8C2FCF91DAC163
:10296000CF910895CF92DF92EF92FF920F931F9332
:10297000CF93DF93EC018B017A0146D3811136C0EE
:10298000E114F10439F0F70180819181081B190BE2
:10299000C80FD91FC12CD12C0115110531F180911F
:1029A000F82F9091F92FFC01EF5BFF4F20813197B9
:1029B0008081281790F066D1C4DFE114F10449F05A
:1029C000F70180819181C80ED91EC082D18285E035
:1029D0000DC01AD3882301F309C089918BD101500E
:1029E0001109FFEFCF1ADF0AD7CF80E0DF91CF9137
:1029F0001F910F91FF90EF90DF90CF900895CF92AD
:102A0000DF92EF92FF920F931F93CF93DF93EC012E
:102A10008B017A01F9D2811136C0E114F10439F049
:102A2000F70180819181081B190BC80FD91FC12C98
:102A3000D12C0115110531F18091F82F9091F92FCA
:102A4000FC01EF5BFF4F208131978081281790F0C8
:102A500032D177DFE114F10449F0F70180819181EF
:102A6000C80ED91EC082D18285E00DC0CDD2882388
:102A700001F309C02FD1899301501109FFEFCF1A3B
:102A8000DF0AD7CF80E0DF91CF911F910F91FF90A8
:102A9000EF90DF90CF900895DF92EF92FF920F9327
:102AA0001F93CF93DF93D82FC92F8B018091FC2FD9
:102AB000806830D18091F62F9091F72F8017910781
:102AC00028F00115110519F4DDD001C08C01ED2E9F
:102AD000FC2ED12C0115110509F43FC08091EF2F78
:102AE000811102C082E04AC0853011F483E046C003
:102AF0006CD1811142C04FD181113AC040D188239D
:102B000049F32091FC2F8091F82F9091F92FFC012F
:102B100027FF05C0EF5BFF4FC081D0E013C0E05C32
:102B2000FF4FC08131968081D0E0C81BD1090AC017
:102B3000C034D10550F4F70181917F01DBD0015001
:102B4000110921960115110599F7DD24D394C0349C
:102B5000D10509F0D12C96D0BDCFD110BFCF08C080
:102B60008091EF2F882309F4BDCF853009F4BECFC3
:102B700012D18823A9F380E001C081E0DF91CF91D9
:102B80001F910F91FF90EF90DF900895DF92EF92E9
:102B9000FF920F931F93CF93DF93D82FC92F8B01F1
:102BA0008091FC2F8068B6D08091F62F9091F72FFE
:102BB0008017910728F00115110519F463D001C0A1
:102BC0008C01ED2EFC2ED12C0115110509F441C00C
:102BD0008091EF2F811102C082E04CC0853011F44A
:102BE00083E048C0F2D0811144C0D5D081113CC0EF
:102BF000C6D0882349F32091FC2F8091F82F909123
:102C0000F92FFC0127FF05C0EF5BFF4FC081D0E02B
:102C100015C0E05CFF4FC08131968081D0E0C81BB9
:102C2000D1090CC0C034D10560F4F701849162D0A1
:102C3000FFEFEF1AFF0A0150110921960115110546
:102C400089F7DD24D394C034D10509F0D12C1AD0F2
:102C5000BBCFD110BDCF08C08091EF2F882309F4DE
:102C6000BBCF853009F4BCCF96D08823A9F380E090
:102C700001C081E0DF91CF911F910F91FF90EF9004
:102C8000DF900895E091FA2FF091FB2FA091F82F9B
:102C9000B091F92FAF5BBF4F8C9190E0828393830B
:102CA00080818D798083E091F82FF091F92FEF5B8F
:102CB000FF4F10820895E091FA2FF091FB2F808151
:102CC0008D798083E091F82FF091F92FEF5BFF4F22
:102CD000108208958091F82F9091F92FFC01EF5BFD
:102CE000FF4F208131E0320F3083FC01E20FF11DF4
:102CF000808108952091F82F3091F92FF901EF5B31
:102D0000FF4F908141E0490F4083F901E90FF11D28
:102D1000808308958093FC2F482F4F7050E060917E
:102D2000C6047091C7049A0194E0220F331F9A954C
:102D3000E1F7E4E887FF11C0E49FC001E59F900D33
:102D40001124815C9F4C8093F82F9093F92FC90137
:102D500008969B01280F391F0DC0E49FC001E59F15
:102D6000900D11248350904D8093F82F9093F92F5C
:102D7000260F371F2093FA2F3093FB2F0895809151
:102D8000FC2F8068C7DFE091FA2FF091FB2F808144
:102D90008695817008958091FC2F8F77BBDFA0917D
:102DA000FA2FB091FB2F8C9185FF0DC0E091F82F89
:102DB000F091F92F12968D919C911397E05CFF4F43
:102DC000808381E0089580E008958091FC2F8F77C3
:102DD000A1DFA091FA2FB091FB2F8C9184FF0DC041
:102DE000E091F82FF091F92F12968D919C91139705
:102DF000E05CFF4F808381E0089580E0089580913A
:102E0000FC2F8F7787DFE091FA2FF091FB2F8081E5
:102E10008D788083E091FA2FF091FB2F8081816083
:102E20008083E091F82FF091F92FEF5BFF4F108234
:102E30008091FC2F80686EDFE091FA2FF091FB2FDC
:102E4000808181608083E091F82FF091F92FEF5B12
:102E5000FF4F10820895E091FA2FF091FB2F8181AE
:102E600084608183E091FA2FF091FB2F8181807C37
:102E7000803459F48091FC2F80584CDFE091FA2F78
:102E8000F091FB2F81818460818308951F93CF93FC
:102E9000DF93C82F162FD42F3DDFE091FA2FF0914A
:102EA000FB2F1182E091FA2FF091FB2F8C2F881FBE
:102EB0008827881F880F8083E091FA2FF091FB2FDD
:102EC0001183E091FA2FF091FB2F1282138220914F
:102ED000F82F3091F92F24833583CC0FCC0BCD23E1
:102EE000F901E05CFF4FC0833196108281E0DF91F1
:102EF000CF911F910895CF92DF92EF92FF920F939F
:102F00001F93CF93DF93C62E8C01D12CDC1409F4D0
:102F10003FC0F801D081D11104C0D3940B5F1F4F83
:102F2000F5CFF801E180F28093818481823010F442
:102F300088E001C088E128E030E0C0E02E153F05C0
:102F400020F4CF5F220F331FF9CFC82B8D2F8F7046
:102F5000833010F080E01DC0CF7EF1E4EF16F10465
:102F6000C8F7992321F0913021F4C06C0AC0C064E5
:102F700003C0C068911105C04E2D6C2F80E88D0FE5
:102F800085DF4E2D6C2F8D2F81DF8111C6CFE2CFD3
:102F900081E0DF91CF911F910F91FF90EF90DF9033
:102FA000CF90089580E090E0E091C604F091C704CE
:102FB0009C0144E0220F331F4A95E1F7E20FF31F13
:102FC00011864091C6045091C704FA01E20FF31F25
:102FD000118201968330910539F708958091F02F81
:102FE00087FF0DC0D8DE811105C08091EF2F8111C0
:102FF000F9CF09C060CE8091EF2F882321F0BFDE8A
:103000008823C9F33FCE08950F931F93CF93E09188
:10301000C604F091C70400A911A9C4E68091FC2F51
:1030200087FF0AC0ACDE811105C08091EF2F8111AE
:1030300005C020C080E023C0AEDEF5CF8530E1F0D2
:10304000E091FA2FF091FB2F818182FD17C0E09172
:10305000C604F091C70480A991A90817190711F4B3
:103060008C01DCCF2FEF2C0FCC2311F0C22FF8CF27
:1030700084E005C082E003C083E001C081E0CF911D
:103080001F910F91089563D069D0E0ECF4E0818145
:103090008E7F818380818F7780831092EE2F0895B9
:1030A000CF93DF93E0E4F0E0148284818360848333
:1030B0004ED054D0C0ECD4E088818F77888388814B
:1030C000806888831092EF2F1092EB2F1092ED2FD3
:1030D0001092EC2F88818064888340E46BE480E860
:1030E000D5DE40E46BE480E0D1DE888580648887AB
:1030F000898181608983DF91CF910895CF93DF9398
:103100002FB7F894C0ECD1E082E08A87EAE1F0E0E2
:10311000E491A0ECB4E0DA96EC93DA97EBE1F0E01E
:10312000E491DB96EC93DB971A868AE891E38E7F35
:1031300016968D939C93179782E18C9381E0189655
:103140008C932FBF8093EE2FDF91CF91A9CFE0EC2E
:10315000F4E080858370808711860895E0ECF4E0C8
:103160008FEF8287848708951F920F920FB60F9278
:10317000112408B60F9218BE09B60F9219BE0BB6ED
:103180000F921BBE2F933F934F935F936F937F9349
:103190008F939F93AF93BF93EF93FF938091CA0454
:1031A00086FF07C080E48093CA0485E08093EF2FF8
:1031B000C7DB8091CA0485FF13C080E28093CA04F4
:1031C0008091EB2F882311F084E007C08091C30425
:1031D000811102C081E001C083E08093EF2FB0DB5A
:1031E0008091CA0484FF14C080E18093CA0482E005
:1031F0008093EF2F1092EB2F1092C304D3DE40E4A4
:103200006BE480E843DE40E46BE480E03FDE98DB83
:10321000FF91EF91BF91AF919F918F917F916F91AE
:103220005F914F913F912F910F900BBE0F9009BE70
:103230000F9008BE0F900FBE0F901F90189581E061
:1032400008950E94FE38DC01CB01F2E0B695A79507
:1032500097958795FA95D1F72091BE31222339F0C1
:10326000BC017695679585E499E10C949B469C0199
:10327000220F331FB901680F791F769567957695F0
:10328000679585E499E10C949B462F923F924F926B
:103290005F926F927F928F929F92AF92BF92CF92E6
:1032A000DF92EF92FF920F931F93CF93DF93809162
:1032B000BC319091BD31029709F0ABC06090F32012
:1032C0008FEF860D8F3F09F48FE0482E512C21ECB3
:1032D000A22E21E3B22E02E81FE236EEE32E3BE2FD
:1032E000F32E47EBC42E4FE2D42E54E2252E712C40
:1032F0006FE7862E912C9601275B3F42F6013190B5
:103300006F01330C330C320CF50181915F0199E0B0
:10331000980F9331B0F01816A4F46AE00E943D4D66
:1033200084300CF083E0E82FF0E0E359FF4D80910A
:10333000F32060810E94314D91111BC0CFE7D0E096
:103340001AC0F70180819CE0929FF001939FF00DDD
:103350001124E80FF11D94E0EE0FFF1F9A95E1F79D
:10336000EE58F34DE60DF71DC081CC2311F0D0E0EF
:1033700002C0C0E0D0E0F70181917F019CE0929F04
:10338000F001939FF00D1124E80FF11D84E0EE0F82
:10339000FF1F8A95E1F7EE58F34DE40DF51D80818E
:1033A000882331F02FE740E0632D87E00E94483901
:1033B0002097B9F0F80126812C9FC0012D9F900D18
:1033C0001124B4010E944A4DC62F262F41E0632DDF
:1033D00087E00E9448394C2F66EE620D87E00E941C
:1033E00070392394085F1F4FF8E22F1284CF809129
:1033F000C2389091C33815D98091F3208F5F803106
:1034000019F08093F32005C01092F32081E080939F
:10341000F220DF91CF911F910F91FF90EF90DF90FD
:10342000CF90BF90AF909F908F907F906F905F9064
:103430004F903F902F900895BF92CF92DF92EF92DE
:10344000FF920F931F93CF93DF9367EB7FE2C6EE5C
:10345000DBE2A2E8BFE240E050E08FE3C82E9FE746
:10346000D92EFB011192BF0180E090E020E030E016
:103470008C01040F151FFC01E20FF31FEE55F94FED
:10348000B4907801E20EF31EF701EE58F34DB082CE
:103490002F5F3F4F2031310571F74096803C9105F9
:1034A00029F7199215961C9215971796CC92179793
:1034B00014961C9214971696DC92169711961C92ED
:1034C0001197189640545F4F4115F3E05F0749F696
:1034D0001092CA2F80E2E2E4FCE2DF011D928A959D
:1034E000E9F780E1E6EAFFE2DF011D928A95E9F75C
:1034F00084E0E2E6FCE2DF011D928A95E9F7B1D4AF
:10350000A2E4BCE2E6EAFFE284E06CE978E13FE3B2
:103510004CE951E32FE71D921C92119710825896A7
:103520006D937C935997348750964D935C93519744
:103530009FE720878150129631968111ECCF9093AE
:10354000BF311092FA209093FB201092C03110925C
:10355000A42F1092A52F8AE58093BB2F1092BE3125
:103560001092BC311092BD31DF91CF911F910F911C
:10357000FF90EF90DF90CF90BF9008958091BC3185
:103580009091BD31892B59F481E090E08093BC315A
:103590009093BD314FE76EE087E00C947039109244
:1035A000BC311092BD311092F32040E06EE087E014
:1035B0000C9470391092F3200895CF932091BC3170
:1035C0003091BD312130310551F4811129C082E0A3
:1035D00090E08093BC319093BD31CF9156CE223094
:1035E0003105F1F4C82F0E940739882389F08C2F08
:1035F000CC0F990B029666E070E00E945E4D892B1D
:1036000079F461E070E081E299E1CF910C949B46FE
:103610008C2F66E00E943D4D911102C0CF9135CEB6
:10362000CF91089590E0FC01EA51F44D20813CE0F7
:10363000389FF001399FF00D1124E20FF11D84E055
:10364000EE0FFF1F8A95E1F7EE58F34DE60FF11DDF
:103650008081089590E0FC01EA51F44D20813CE026
:10366000389FF001399FF00D1124E20FF11D84E025
:10367000EE0FFF1F8A95E1F7EE58F34DE60FF11DAF
:1036800040830895E82FF0E0E954F04D60830895F9
:10369000E82FF0E0E954F04D808108954FE76FE0A6
:1036A00087E00E94703940E06FE087E00C94703949
:1036B0009CEE980F9430B8F498E0899FF0011124A3
:1036C000EE51F14D81E0611180E084838091A42F5F
:1036D0009091A52F019709F083C00E94C3260497FB
:1036E00009F07EC097C098EE980F943098F498E057
:1036F000899FF0011124EE53F14D81E0611101C069
:1037000080E085838091A42F9091A52F019709F0E7
:1037100067C0E3CF9AE9980F9031C0F590E08656E4
:1037200091099C01237033279595879595958795E9
:1037300053E0220F331F5A95E1F7F901EE57F04D90
:1037400082309105B9F083309105D1F0019731F0C5
:1037500081E0611101C080E08083089581E0611102
:1037600001C080E081838091A42F9091A52F0197C3
:10377000B9F5B3CF81E0611101C080E08283089583
:1037800081E0611101C080E0838308958F3079F476
:1037900080910420882321F181E08093BE3184E070
:1037A00090E00E94C826A7D11092042077CF8E30D7
:1037B000B9F4662369F08091BC319091BD31892BB9
:1037C00079F481E090E08093BC319093BD3108950D
:1037D0001092BC311092BD311092F3201092F22061
:1037E00008958430A0F09CEF980F943050F098EF3B
:1037F000980F943048F08C50843048F483E090E087
:10380000089581E090E0089582E090E0089580E0DE
:1038100090E008952F923F924F925F926F927F9225
:103820008F929F92BF92CF92DF92EF92FF920F936F
:103830001F93CF93DF9300D01F92CDB7DEB7E091F7
:10384000E52BF0E0EE5DFC4FE491E091BC2FF0E061
:10385000EE5DFC4FE49182E89FE28B839C8392E4CF
:10386000C92E9CE2D92E26EE422E2BE2522E498200
:103870005A8238E0B32E4CE0242E312C812C50E8B3
:10388000952E66EF662E64E0762EEB81FC818481B6
:1038900081110DC0E091E52BF0E0EE5DFC4FF4905E
:1038A000E091BC2FF0E0EE5DFC4F149103C08AE084
:1038B000F82E1AE0EB81FC818181882331F04F2DB5
:1038C00068E7832D0E94F33E04C060E0832D0E94D0
:1038D000073F832DDDDEB40102C0769567958A959A
:1038E000E2F7412F832D0E94D13E832DD1DEF82FA8
:1038F000F69DC001F79D900D1124F6018083918300
:10390000F201B401019002C0769567950A94E2F73E
:103910002F01412F84E0830D0E94D13EE981FA817D
:103920002191E983FA83269DC001279D900D1124E2
:10393000F60180879187EB81FC818481811106C02B
:103940004F2D61E08B2D0E94F33E04C060E08B2D73
:103950000E94073FE12E00E021E030E040E0EB81F3
:10396000FC8166818B2D0E94C83DEB81FC818681A4
:10397000F4E68F9FC0011124F601808B918BEB81BF
:10398000FC818581882331F04F2D6FE0822D0E94CC
:10399000F33E04C060E0822D0E94073FE12E0EE757
:1039A00021E030E041E0EB81FC816781822D0E94C3
:1039B000C83DEB81FC818781F4E68F9FC001112413
:1039C000F601808F918F33948B819C8108968B8335
:1039D0009C83239492E0C90ED11CB394E4E03E1280
:1039E00054CF2496CDBFDEBFDF91CF911F910F91B1
:1039F000FF90EF90DF90CF90BF909F908F907F903F
:103A00006F905F904F903F902F9008958F929F926C
:103A1000AF92BF92CF92DF92EF92FF920F93CF932C
:103A200048D24C0192E4C92E9CE2D92EC0E0EE248B
:103A3000E394F12C3CE9A32E31E3B32EC4018E2193
:103A40009F21892B29F06EE38C2F0E94073F04C031
:103A500060E08C2F0E94073F00E021E030E040E072
:103A600060E08C2F0E94483EF601A192B1926F0156
:103A7000EE0CFF1CCF5FC03109F7CF910F91FF9083
:103A8000EF90DF90CF90BF90AF909F908F90089570
:103A9000EF92FF920F93CF93DF9382E4E82E8CE2B4
:103AA000F82EC0E06C2F8091CA2FBCDDD82F882360
:103AB00029F06AE08C2F0E94073F04C060E08C2F41
:103AC0000E94073F00E021E030E040E06D2F8C2FA6
:103AD0000E94483E24E6D29FC0011124F701819341
:103AE00091937F01CF5FC031E9F6DF91CF910F91C4
:103AF000FF90EF9008958091A42F9091A52F823090
:103B0000910531F08330910521F0019719F482CEAF
:103B10007DCFBECF0895EF92FF920F931F93CF9367
:103B2000DF93182FC82FD0E0E091E52BF0E0EE5D99
:103B3000FC4FF490E091BC2FF0E0EE5DFC4F04915F
:103B400050DE8130910531F140F08230910509F469
:103B500089C0039709F4A1C0BAC053E0CC0FDD1FA0
:103B60005A95E1F7CE57D04D8C8181110AE0812F13
:103B70008FDD60E070E802C0769567958A95E2F780
:103B8000402F812FDF91CF911F910F91FF90EF90E8
:103B90000C94D13E9E0124503109E90143E0CC0F41
:103BA000DD1F4A95E1F7FE01EE57F04D848181114A
:103BB0000AE0F901EF53FE4C8081882381F06AE02E
:103BC0000E943D4DA82FB0E0AA0FBB1FAF58BF4DBC
:103BD0006D917C91402F812F0E94D13E0FC0F90141
:103BE000EA51F44D60E070E8008002C07695679578
:103BF0000A94E2F7402F812F0E94D13E0091F320DA
:103C0000002311F0015001C00FE0602F8CEF810FF5
:103C100009DD8823E9F0CE57D04D8C81882311F03F
:103C20002AE0F22E0E9407394F2D882379F00111E6
:103C300002C06DE302C06091BB2F812FDF91CF9155
:103C40001F910F91FF90EF900C94F33E60E5F5CF3C
:103C500060E0812FDF91CF911F910F91FF90EF9046
:103C60000C94073F289793E0CC0FDD1F9A95E1F75E
:103C7000FE01EE57F04D8481882311F08AE001C0E7
:103C80008FE7CE57D04DE82E00E022E030E040E054
:103C90006E81812F0E94C83D1AC02C9783E0CC0F03
:103CA000DD1F8A95E1F7FE01EE57F04D84818823F0
:103CB00011F08AE001C08FE7CE57D04DE82E0EE715
:103CC00022E030E041E06F81812F0E94C83DDF910A
:103CD000CF911F910F91FF90EF900895CF93DF93B5
:103CE000D82FC091F320CC2311F0C15001C0CFE0F8
:103CF0008091BC319091BD31029761F5CD1318C010
:103D00006091BB2F8C2F0E94073FCC2311F0C15034
:103D100001C0CFE06C2F8091CA2F84DC811102C0DA
:103D200060E001C06AE08C2FDF91CF910C94073FD7
:103D30006D2F8091CA2F76DC882331F06AE08D2FB9
:103D4000DF91CF910C94073F60E08D2FDF91CF91F1
:103D50000C94073FD111ECCF6091BB2F80E00E9403
:103D6000073FCFE0D7CF4091F3209091F42049173F
:103D7000B1F130910520303190F5381330C0809189
:103D8000BF316AE10E94314DE4E0F0E0E81BF10947
:103D9000E859FF4D2081842F622F0E94314D492F19
:103DA0009C30C8F4215080E090E8BC0102C07695B8
:103DB00067952A95E2F780E090E8AFEFBFEF04C087
:103DC000B695A795979587954A95D2F7682B792B45
:103DD000832F0E94EC3E8091F3208093F42008957D
:103DE0000F938091F62090E02091A42F3091A52F81
:103DF0008217930709F07FDE8091A42F9091A52F61
:103E00008093F62081309105C9F048F08230910509
:103E1000C9F00397D1F48091F52060DF16C000E06F
:103E200020E030E040E060E08091F5200E94483ED4
:103E300060E58091F5200E94073F07C08091F52042
:103E40006ADE03C08091F5208EDF8091F5208F5FC0
:103E5000803118F48093F52002C01092F5200F9164
:103E600008950F931F93CF93DF931092F820109231
:103E7000F92001E010E0CDE0D4E0CE010E94FB0586
:103E8000853A51F48091F8209091F920802B912B64
:103E90008093F8209093F920000F111FC05CDF4F32
:103EA000CD3088E0D80749F7DF91CF911F910F916E
:103EB00008958091F8209091F9200895F89421E0D8
:103EC00030E0082E02C0220F331F0A94E2F720953B
:103ED00030954091F8205091F920242335232093E8
:103EE000F8203093F92020E4829FC00111246FEF65
:103EF000835F9B4F0E945006789408956F927F9243
:103F00008F929F92AF92BF92CF92DF92EF92FF92E9
:103F10000F931F93CF93DF93CDB7DEB7A097CDBF9D
:103F2000DEBFC82E0E94470E8E010F5F1F4F80E23A
:103F3000D8011D928A95E9F7DC2CDD0C2FE1622E69
:103F40006D0CE12C48015401F12C6F2D8E2D6ADB94
:103F5000782E61E06F0D8E2D65DB769476947694E5
:103F6000729490EF79228695869586958F70872931
:103F7000F50181935F01F394F394F0E1FF12E5CF33
:103F800088E0880E911CE394A4E0EA12DCCFC8011B
:103F90000E947206862D0E94840678014801B12C89
:103FA0008B2D76DBF40181934F01B394F4E0BF12C3
:103FB000F7CF62E87FE29E01275F3F4FFB018581DB
:103FC0008795882787959781892BD70114968C939D
:103FD000149784818795882787959681892B1596D4
:103FE0008C933896B2E0EB0EF11CE216F30639F72B
:103FF00042EA5FE291E080E0FB012181222311F09F
:10400000292F01C020E0822B990F685F7F4F461750
:10401000570791F78F708D8785EA8E8781E090E052
:1040200002C0880F991FCA94E2F72091F8203091BE
:10403000F920822B932B8093F8209093F920C801CC
:104040000E94720680E28D0D0E9484060E944F0E2F
:10405000A096CDBFDEBFDF91CF911F910F91FF9052
:10406000EF90DF90CF90BF90AF909F908F907F9018
:104070006F9008959F92AF92BF92CF92DF92EF928E
:10408000FF920F931F93CF93DF9320E4829FC00191
:104090001124EC01C052DC4F96EEA92E9BE2B92E02
:1040A0006E0100E0F50111925F01C601912C7C01C7
:1040B000FFEFEF1AFF0A0E94FB05182F482F4295C9
:1040C0004F70440F440F440F692D802FC3DA412FE6
:1040D0004F70440F440F440F61E0690D802FBADA2E
:1040E00093949394C70120E19212E1CF88E0C80E27
:1040F000D11C0F5F0430B1F6CE01809610E07C0138
:10410000EFEFEE1AFE0A0E94FB05682F812FBADA44
:104110001F5FC701143099F76E01F4E2CF0ED11C76
:1041200002E81FE284E1F82EC6010E94FB058F77AA
:10413000F80187835601FFEFAF1ABF0AC6010E943C
:10414000FB05881F8827881FF8019581891731F0A2
:104150004FE764E06F0D87E00E947039C5010E944F
:10416000FB058F77F8018683F2E0CF0ED11CC501E5
:104170000E94FB05881F8827881FF80194818917F2
:1041800029F04FE76F2D87E00E947039085F1F4FBD
:10419000F394F8E1FF12C8CFCE018C960E94FB0584
:1041A000082FCAE6D1E01FE741E0802F8D2309F4F4
:1041B00040E0419F402D11246C2F87E00E94703910
:1041C000DD0FCF5FCE3681F7DF91CF911F910F9139
:1041D000FF90EF90DF90CF90BF90AF909F900895A9
:1041E000EF92FF920F931F93CF93C82F162F8091BA
:1041F000A42F9091A52F8230910509F474C08330CB
:10420000910509F4B9C0019709F0E8C08C2FE9DAEB
:104210008130910529F140F08230910509F43CC0CC
:10422000039709F449C0DAC0112309F4D7C028E084
:10423000C29FF0011124EE57F04D418181E04827E3
:1042400041838FE7489F402D11246AE66C0F87E079
:104250000E947039CF911F910F91FF90EF90DACAB1
:104260001111BCC0EC2FF0E0EE0FFF1FE354FE4C29
:1042700080819181803D974050F4C450C093CA2FF3
:1042800083E090E08093A42F9093A52FA7C0C2DA7B
:104290008FE78093BF31A2C0112309F49FC088E04B
:1042A000C89FF0011124EE5BF04D8481882381F0DA
:1042B0006CE06C0F4FE70FC0112309F48FC028E0AA
:1042C000C29FF0011124EE5DF04D8581882381F3BA
:1042D0006CE06C0F4FE387E0CF911F910F91FF903F
:1042E000EF900C947039662309F478C08091FC201B
:1042F000882351F08C2FE2DD80910520C81336C051
:1043000081E18093052032C00C2F10E081E090E025
:104310000C2E02C0880F991F0A94E2F72091F82012
:104320003091F92082239323000F111F892B81F0F4
:104330008C2FA0DEC0930520F801EE5BF34D808149
:10434000918164E670E00E944A4D6093BF310EC0D7
:104350008C2FD4DDC0930520F801EE5BF34D8CE982
:1043600091E3808391838FE78093BF31CF911F9139
:104370000F91FF90EF904ACB662381F16C2F8091D3
:10438000CA2F50D9EC2EF12C00E021E030E040E0C3
:1043900081110FC06FE78C2F0E94483EF701EE0F8E
:1043A000FF1FEE5BF34D8CE991E3808391834FE730
:1043B0000CC060E08C2F0E94483EF701EE0FFF1FFB
:1043C000EE5BF34D1082118240E06C2F8091CA2F7A
:1043D000CF911F910F91FF90EF903CC9CF911F910A
:1043E0000F91FF90EF9008952F923F924F925F921E
:1043F0006F927F928F929F92AF92BF92CF92DF92F5
:10440000EF92FF920F931F93CF93DF93CDB7DEB759
:104410002997CDBFDEBF0E94DB469DEBC92E91E3FD
:10442000D92E2DEBA22E21E3B22E36EA832E3FE2C7
:10443000932E49E2442E4FE2542E82EE9BE28A8371
:104440009B83E2E4FCE2E887F98756E5E52E5CE22F
:10445000F52E712C22242394312C80917B20909175
:104460007C208C839D83E0917920F0917A20EE83EB
:10447000FF83872D0E94C9468983082F880F110B5F
:104480000115110509F44DC184EF870D843038F50D
:104490008091A42F9091A52F019709F5E885F985C2
:1044A000808191810E94C72E8823C9F0F701808105
:1044B000F9818F0FF70180838B303CF08E819F81D3
:1044C000E885F9858083918388C0863F0CF085C09C
:1044D0008C819D81E885F985808391837EC0E88504
:1044E000F985808191810E94D02EE885F98520810F
:1044F00031818823A1F12436310520F410161106EC
:104500003CF00CC02933F1E33F0740F017FF06C031
:10451000F7018485F9818F0FF7018487F70184857E
:1045200084306CF02436310508F057C084E690E002
:10453000E885F98580839183F70114864EC08D3F0D
:104540000CF04BC02933314308F447C088E391E3B2
:10455000E885F98580839183F70114863EC0F3E0F6
:10456000F71588F08091A42F9091A52F019771F4F1
:10457000498180E54802200D311D1124E885F98527
:104580002083318320C0F7E0F71588F08091A42FB5
:104590009091A52F019759F4498184E64802200D96
:1045A000311D1124E885F985208331830CC0F2EB9D
:1045B000F09FC001F19F900D1124280F391FE8854D
:1045C000F98520833183E885F985808191810E9476
:1045D000BA2EE885F98580839183E885F985808105
:1045E00091810E94B32E682E8091A42F9091A52FC7
:1045F0008130910509F07BC0872DF3D8813091057A
:1046000031F190F08230910509F466C0039709F00A
:1046100088C0F2016082F4016082462D60E1670D7E
:1046200087E00E9470397DC0662D70E080E090E0E8
:104630000E94174A2DEC3CEC48E351E40E947C496F
:104640000E94E949872D1ED8F40160826AC0F601F4
:1046500080819181009761F1FEE4F09F9001F19FCC
:10466000300D301B1124E885F98540815181240FDC
:10467000351F2083318317FF03C011950195110960
:10468000F4E6F09F9001F19F300D1124820F931FEB
:10469000F60180839183F5018081F9818F0F883243
:1046A0001CF4F50180833DC047E2F501408339C029
:1046B000662D70E080E090E00E94174A2DEC3CEC03
:1046C00048E351E40E947C490E94E949EA81FB8168
:1046D0006083F401608225C0F201678EF40160827C
:1046E000462D60E2670D87E00E9470391AC0833062
:1046F000910579F4462D672D8091CA2F0E942A1BBF
:1047000000E021E030E040E0662D872D0E94483E29
:1047100008C0029731F480910520871102C0609291
:10472000BF310E940A4782219321892B21F061E049
:10473000872D56DD09C00E940F4782219321892BC6
:1047400019F060E0872D4CDD8CEF870D843088F404
:104750000E94054782219321F601892B31F0808147
:10476000918101968083918304C010821182F501AA
:104770001082220C331C7394F2E0CF0ED11C4FEF49
:10478000A41AB40A8FEF881A980A98E0490E511CAF
:10479000EA81FB813196EA83FB83888599850296BD
:1047A000888799879FEFE91AF90AE0E17E1261CEC6
:1047B0002996CDBFDEBFDF91CF911F910F91FF9062
:1047C000EF90DF90CF90BF90AF909F908F907F90B1
:1047D0006F905F904F903F902F900895CF92DF920F
:1047E000EF92FF920F931F93CF93882309F442C057
:1047F0008091FC20882361F081E090E0C9D2CF91C4
:104800001F910F91FF90EF90DF90CF900C94403567
:1048100081E08093FC200AEE1BE296EEC92E9BE21B
:10482000D92EC0E08C2F0E94481BF8018083F6012E
:1048300081916F01F8018183E12CF12C6E2D8C2F79
:104840000E94121BF801EE0DFF1D8283FFEFEF1A8D
:10485000FF0A80E1E816F10489F7CF5F0E5E1F4F73
:10486000C43001F7CF911F910F91FF90EF90DF902F
:10487000CF9008951092FC200AEE1BE286EEC82E1F
:104880008BE2D82EC0E0F80160818C2F0E94421B81
:10489000F8018181F60181936F01E12CF12CF8017F
:1048A000EE0DFF1D42816E2D8C2F0E942A1BFFEF03
:1048B000EF1AFF0A80E1E816F10489F7CF5F0E5E78
:1048C0001F4FC43001F7CF911F910F91FF90EF90D0
:1048D000DF90CF900C940A1CDF92EF92FF920F931F
:1048E0001F93CF93DF938091BE31882339F080915D
:1048F000A42F9091A52F892B09F47DC00E94144705
:10490000D82EC0E0D1E082E0E82EF12C01E010E0EA
:104910008091F7209D2D98279D2339F08D23B9F0A4
:104920000BC0C23059F00E94DA1ADD0FCF5FC630DB
:1049300079F7D092F7205FC0C23019F40E944E1B65
:10494000F4CFC330E0F4C13081F780E008C0C33059
:1049500009F44AC008F044C0C13019F781E0209141
:10496000A42F3091A52F2130310599F08111DDCF91
:104970000093A42F1093A52F0E940A1CD6CFC430F9
:1049800089F480E02091A42F3091A52F21303105AA
:1049900011F424DFCACF8111C8CF0093A42F109344
:1049A000A52FC3CFC53009F0C0CF80E004C0C5300B
:1049B00009F0B9CF81E02091A42F3091A52F2230AA
:1049C000310549F4882321F081E08093FC20ADCFAC
:1049D0001092FC20AACFE092A42FF092A52FA5CF91
:1049E000C43029F781E0CECF8091FC2081119DCF8A
:1049F0000E94BE1A9ACFDF91CF911F910F91FF9025
:104A0000EF90DF900895CF93DF93CDB7DEB7639734
:104A1000CDBFDEBF8B8B8091FD209091FE2004974F
:104A200069F58B89882351F18091CD318983898102
:104A3000882309F444C08981893008F040C0898105
:104A4000882F90E00197880F991F81509F4DFC019E
:104A500080819181892B99F18981882F90E001973C
:104A6000880F991F81509F4DFC01208131818B89D6
:104A700081506EEC71E3F901199521C08091FD2000
:104A80009091FE200397E1F48B898230C8F08091E9
:104A9000CD318630A9F48091CE31813089F481E125
:104AA000E7E3F0E2DE01129601900D928A95E1F7BC
:104AB000CE010296BC0181E10E94913901C0000043
:104AC00000006396CDBFDEBFDF91CF9108959FEFC9
:104AD000980F983040F4E82FF0E0EE0FFF1FE350FE
:104AE000FF4D608371830895FC0180910F21811136
:104AF00029C081E080930F218DEC91E380931021F8
:104B0000909311218181803F39F582818E3771F434
:104B1000838190911420891711F08F37E9F483E095
:104B200090E08093FD209093FE200895811114C0A1
:104B30008381813089F481E090E08093FD2090931F
:104B4000FE2008958091FD209091FE2081309105F6
:104B5000F1F48181893739F082E090E08093FD2083
:104B60009093FE200895A0911021B0911121CD01C4
:104B7000029620910620309107208217930760F754
:104B800084E090E08093FD209093FE201AC002976D
:104B900061F1A0911021B0911121CD0103962091D6
:104BA00006203091072082179307B0F60297809372
:104BB00010219093112181818C93A0911021B091AB
:104BC0001121CD01019680931021909311218281B2
:104BD0008C93A0911021B0911121CD010196809369
:104BE00010219093112183818C930895FC011092E0
:104BF0000F218091FD209091FE2081309105C1F41C
:104C00008181893709F049C0A0911021B09111210B
:104C1000CD0102962091062030910720821793073C
:104C2000E0F584E090E08093FD209093FE201AC090
:104C3000029799F1A0911021B0911121CD01039615
:104C400020910620309107208217930730F50297B4
:104C5000809310219093112181818C93A091102138
:104C6000B0911121CD0101968093102190931121D3
:104C700082818C93A0911021B0911121CD010196D8
:104C8000809310219093112183818C938091102126
:104C9000909111218D5C9143B6DE1092FD2010920F
:104CA000FE20089520910F212223B9F110920F21A7
:104CB0002091FD203091FE202230310551F1A0914C
:104CC0001021B09111219D012E5F3F4F4091062090
:104CD0005091072024173507E0F4FC01CD0101961F
:104CE000809310219093112181818C93A0911021A8
:104CF000B0911121CD010196809310219093112143
:104D000082818C9380911021909111218D5C91432F
:104D10007ADE1092FD201092FE20089520910F213E
:104D2000222349F110920F212091FD203091FE2085
:104D300022303105E1F0A0911021B09111219D01A7
:104D40002F5F3F4F409106205091072024173507D1
:104D500070F4FC01209310213093112181818C93F8
:104D600080911021909111218D5C91434CDE109225
:104D7000FD201092FE200895E6E1F1E210821182FA
:104D80001282138208958091132190911421089525
:104D900080931321909314210895809115210895F3
:104DA000DC011C968C911C97EAE1F1E284878D91DD
:104DB0009C9111978083918312968D919C9113976A
:104DC0008283938314968D919C9115978483958308
:104DD00016968D919C9117978683978318968D913F
:104DE0009C911997808791871A968D919C911B971A
:104DF0008287938708958AE191E20895CF93C0E076
:104E000021E040E050E0BA018C2F0E94543E60E067
:104E100070E08C2F0E94EC3ECF5FC03189F7C0E07C
:104E20009FD720E08C1308C040E05FEF6FEF70E089
:104E30008C2F0E94543E07C04FEF50E060E070E0BE
:104E40008C2F0E94543ECF5FC43051F7CF9108950C
:104E50001F93CF93DF93182FEB016230710510F48D
:104E60000E94AA4380912621882319F079D7982F90
:104E700001C090E0E12FF0E0EE0FFF1FE65EFE4D77
:104E80000190F081E02DE431F10508F097C1882709
:104E9000E85FFE4F8F4F0C94AF4DC130D10549F400
:104EA00068E0610F292F220F920F990F690F4FE7CA
:104EB0007EC1CD2B09F082C1892F880F980F990FE1
:104EC00068E0610F690F40E072C1C130D10509F09F
:104ED00075C1012E01C0CC0F0A94EAF7E92FF0E06A
:104EE000EA5EFE4D80818C278083C82311F440E068
:104EF00001C04FE7892F880F980F990F68E0610F65
:104F0000690F55C1C130D10551F468E0610F292FF7
:104F1000220F920F990F690F2FE741E00CC0CD2BA4
:104F200009F04CC1892F880F980F990F68E0610F25
:104F3000690F20E040E08091BE2FDF91CF911F915B
:104F40000C944839C130D10509F038C1012E01C097
:104F5000CC0F0A94EAF7E92FF0E0EA5EFE4D80817B
:104F60008C278083C82311F420E001C02FE741E0A3
:104F7000C11101C040E0692F660F960F990F68E0DC
:104F8000610F690FD8CFC130D10551F482E090E0B4
:104F9000809313219093142111C1C130D105A9F040
:104FA000CD2B09F00BC10E94403581E090E0809349
:104FB00013219093142102C1219709F0FFC0809121
:104FC000132190911421039771F383E090E0809373
:104FD000132190931421F2C0219709F0EFC0809122
:104FE000132190911421029789F6DDCF219709F0C2
:104FF000E5C0B6D6833008F0E1C0B2D690E00397A2
:105000000CF4BCC0C3E0BFC0219709F0D7C0A8D63C
:10501000882309F4D3C0A4D690E005970CF0B2C061
:105020009FD6CFEFC80FAFC0C130D10551F481E09A
:105030008093152195D60E94BC44DF91CF911F919A
:10504000DDCEC230D105B9F48BD6C82F85E00E94E1
:105050003F3FD82F282F40E05FEF6FEF70E08C2F9D
:105060000E94543E4D2F6FEF7FEF8C2FDF91CF9139
:105070001F910C94D13ECD2B09F0A0C010921521A8
:10508000DF91CF911F910C944035219709F096C084
:1050900067D640E0682F8091BE2F0E9470394FE79D
:1050A00060E08091BE2F0E9470398091A32F8823E9
:1050B00019F080E00E94874280E0DF91CF911F913C
:1050C0000C94E330219709F079C04AD640E0682F6C
:1050D0008091BE2F0E9470394FE761E08091BE2F12
:1050E0000E9470398091A32F882319F081E00E94DB
:1050F000874281E0DF91CF911F910C94E33021979B
:1051000009F05CC02DD640E0682F8091BE2F0E9430
:1051100070394FE762E08091BE2F0E947039809114
:10512000A32F882319F082E00E94874282E0DF915A
:10513000CF911F910C94E330219709F03FC010D616
:1051400040E0682F8091BE2F0E9470394FE763E0E6
:105150008091BE2F0E9470398091A32F882319F06F
:1051600083E00E94874283E0DF91CF911F910C94EE
:10517000E330219719F5F4D5833020F4F1D5C1E05F
:10518000C80F01C0C0E0ECD540E0682F8091BE2F71
:105190000E9470398091A32F882319F08C2F0E94D0
:1051A00087428C2F0E94E330DBD54FE7682F809138
:1051B000BE2FDF91CF911F910C947039DF91CF9169
:1051C0001F9108950F931F93CF93DF930E9414476D
:1051D0000E94574782719927429791F4809112213A
:1051E0008271823011F08031B9F584E090E08093D3
:1051F0001321909314210E947B1D109212212CC028
:10520000C0E0D1E00E945B470D2F10E08023912386
:10521000892B29F061E070E08C2F1ADE15C00E9406
:105220005F4780239123892B29F060E070E08C2F69
:105230000FDE0AC00E94574780239123892B21F05B
:1052400062E070E08C2F04DEDD0FCF5FC630D1F658
:105250000E94574780931221DF91CF911F910F91A8
:1052600008959FE0989FD0011124A45FBB4C969FA6
:10527000F0011124E45FFB4C17969C9117978781EE
:1052800098130CC018969C918085981307C0923093
:1052900029F0943019F081E0953009F480E0089508
:1052A0000F931F93CF93DF93CDB7DEB72897CDBF72
:1052B000DEBF262F8A01F89430E8839FC0011124B5
:1052C000809648E050E0BE016F5F7F4FE8E02E9F80
:1052D000800D911D11240E940C0678948981982FCD
:1052E0009F70F8019283158282958F7083838A81E3
:1052F0008F7784838B8181878C8182878D81982FA2
:105300009F779387881F8827881F80838E81982F97
:1053100093709487982F9695969593709183829524
:105320008F7086878F81982F9770908782958F7066
:1053300086838885982F9F779783881F8827881F63
:1053400085872896CDBFDEBFDF91CF911F910F914A
:105350000895AF92BF92CF92DF92EF92FF920F9398
:105360001F93CF93DF93CCE0D4E37E0110E0612F55
:105370006F70A701812F82958F7092DF1F5F8FE082
:10538000E80EF11C103499F790EDA92E97E3B92E91
:1053900023E2E22EF12C670100E010E0C6010E943A
:1053A000FB05F501E00FF11F808388E0C80ED11CDA
:1053B0000F5F1F4F0031110589F780E8E80EF11CDF
:1053C00080E1A80EB11C83E2E81682E0F80619F726
:1053D0001092AC381092AD381092AE381092AF38AF
:1053E0001092B0381092B1381092B2381092B3388F
:1053F000E0918B21F0E0A0E1B8E31D9288E3A032B8
:10540000B807D9F7EE0FFF1FE455F74C1082118251
:10541000ECECF2E32CE433E38CE998E14881DF0122
:10542000A058BF4F442329F0808391838D939C9390
:1054300004C0108211821D921C922F9632962E1754
:105440003F0761F788E080938A2182E08093892179
:10545000DF91CF911F910F91FF90EF90DF90CF9050
:10546000BF90AF900895DF92EF92FF920F931F933A
:10547000CF93DF93CDB7DEB7A897CDBFDEBF8091C6
:10548000482090914920A0914A20B0914B208DA3B3
:105490009EA3AFA3B8A780914C2090914D20A091DE
:1054A0004E20B0914F2089A39AA3ABA3BCA38E0139
:1054B0000F5F1F4F80E2F80111928A95E9F7F8011A
:1054C00080E050E19FE74FE332E421E050838183A5
:1054D0009283938344833583268387838F5F3896B3
:1054E0008430A1F780E07E01F1E2EF0EF11CDD24B3
:1054F000D394D80E8695869590E0E5E2F0E0EC0F27
:10550000FD1FE80FF91F2081F701E80FF91F8081C7
:105510002B838C832B878C872B8B8C8B2B8F8C8F67
:10552000F894C8010E9472068D2D0E94840678941A
:10553000F80181818C5F818387818C5F87833896B6
:10554000EE15FF05B1F78D2D803189F6A896CDBFF8
:10555000DEBFDF91CF911F910F91FF90EF90DF9011
:1055600008958F929F92AF92BF92CF92DF92EF9267
:10557000FF927B01682F70E080E090E00E94154A66
:105580002091B9203091BA204091BB205091BC208D
:105590000E94274B4B015C01B70180E090E00E9424
:1055A000154A9B01AC01C501B4010E947C492091C0
:1055B000B5203091B6204091B7205091B8200E947C
:1055C00014496B017C0120E030E040E853E40E9484
:1055D000234B18168CF020E030E040E85FE3C70171
:1055E000B6010E94784987FF0DC0C12CD12C90E8EC
:1055F000E92E9FE3F92E06C0C12CD12C80E8E82EBD
:1056000083E4F82EC701B6010E94E949CB01FF905F
:10561000EF90DF90CF90BF90AF909F908F900895C4
:105620003FE0439FF0011124E45FFB4C90819923FC
:1056300069F0E62FF0E0EE0FFF1FE453FD4C4081D0
:10564000518141565841413D510510F080E0089587
:1056500090E0DC01A05FB74C3C91230F2C9340916C
:105660008A21421734F482E399E18083918381E0B7
:105670000895022E000C330B552741950CF45095DC
:105680002417350734F480E698E18083918381E024
:10569000089520918B2130E1239F800D911D1124CD
:1056A000FC01E457FD4C8FE3808381E008959FE087
:1056B000499FF0011124E45FFB4C9085923081F00A
:1056C0009450923068F070E0660F771FFB01E4534E
:1056D000FD4C40815181FA013197EB39F14310F4CF
:1056E00080E00895E82FF0E0443651051CF41216CE
:1056F0001CF008C027FF06C0DF01A05FB74C8C91EB
:10570000280F2C93E05FF74C20818091892182172C
:105710006CF44436510554F4DB01A453BD4C84E6CB
:1057200090E08D939C93108281E00895022E000CEE
:10573000330B992781950CF49095281739076CF451
:105740004933514354F0DB01A453BD4C88E391E34A
:105750008D939C93108281E0089581E00895BF921B
:10576000CF92DF92EF92FF920F931F93CF93DF932D
:10577000C82F0E94DB468C2F8295807FDCE2D80FF9
:105780003CE3B32EB80EEE24E394F12C0C2F10E082
:10579000000F111FC8018453984C6C010056174C20
:1057A0000E940A478E219F21892BB1F02FE741E00B
:1057B0006D2F8091BE2F0E944839F6018081918122
:1057C0008E219F21892B31F5F801808191818E29CD
:1057D0009F29808391831EC00E940F478E219F21A5
:1057E000892BC1F020E040E06D2F8091BE2F0E94F8
:1057F0004839F601808191818E219F21892B51F4B6
:10580000F80120813181C7018095909582239323EF
:1058100080839183EE0CFF1CDF5FBD12C1CF8091AE
:105820002821EC2FF0E0EE0FFF1FE056F74C21E0AF
:1058300030E0082E02C0220F331F0A94E2F74081A5
:1058400051812423352360E0232B61F00E94073F20
:1058500000E021E030E040E06FE7809128210E94E5
:10586000483E0BC00E94073F00E021E030E040E0EE
:1058700060E0809128210E94483E809128218F5F1E
:10588000803118F48093282102C010922821DF91E2
:10589000CF911F910F91FF90EF90DF90CF90BF902D
:1058A0000895AF92BF92CF92DF92EF92FF920F9343
:1058B0001F93CF93DF93C82FD0E08FE08C9FF00130
:1058C0008D9FF00D1124E45FFB4C222311F006851F
:1058D00001C006812FE02C9FC0012D9F900D112447
:1058E0009C01245F3B4C7901F9018085982F9D7FB5
:1058F000913009F066C0162F462F6781802F0E94D5
:105900007039F7018585882309F46EC06091B62F40
:10591000A090BD2F1A1578F1B12C70E06A197B099F
:10592000072E000C880B990B0E94174A20E030E0EC
:105930004EEF52E40E947C499B01AC0160E070E0B4
:1059400080E89FE30E947C496B017C01612F70E03D
:105950006A197B09072E000C880B990B0E94174AC5
:105960009B01AC01C701B6010E94274B0E94E94987
:10597000F62E172F02C0F12C10E08091C2389091C2
:10598000C3380E9411134F2D512F4038510510F08C
:105990004FE750E08FE08C9FF0018D9FF00D1124B8
:1059A000E45FFB4C6781605C802FDF91CF911F919A
:1059B0000F91FF90EF90DF90CF90BF90AF900C943D
:1059C0007039811111C0262F41E0F7016781802FC6
:1059D000DF91CF911F910F91FF90EF90DF90CF90CB
:1059E000BF90AF900C944839DF91CF911F910F91E8
:1059F000FF90EF90DF90CF90BF90AF900895442339
:105A0000B9F0282F30E09FE0899FF0011124E45F76
:105A1000FB4C8085833061F4F901EE0FFF1FE453E6
:105A2000FD4C80819181C29664E670E00E945E4DDB
:105A3000862F0895282F22952F70782F7F7030E0C1
:105A4000E72FF0E0611128C0D901AA0FBB1FAC54A9
:105A5000B74C41E050E002C0440F551F7A95E2F781
:105A6000409550956D917C911197462357234D9306
:105A70005C9364E0220F331F6A95E1F72053384CA2
:105A8000E20FF31F9FE0899FD0011124A45FBB4C5C
:105A90001A968C91808308959FEF960FD901AA0FD3
:105AA000BB1FAC54B74C9D37D0F481E090E002C0EE
:105AB000880F991F7A95E2F74D915C911197842B8D
:105AC000952B8D939C93C90124E0880F991F2A95EB
:105AD000E1F78053984CE80FF91F6083089541E087
:105AE00050E002C0440F551F7A95E2F76D917C910A
:105AF0001197462B572B4D935C9394E0220F331F45
:105B00009A95E1F72053384CD901AE0FBF1F9FE0A3
:105B1000899FF0011124E45FFB4C81858C930895EB
:105B2000E82FE295EF70F0E08F7090E0611103C014
:105B300020E030E002C02FE730E044E0EE0FFF1F2E
:105B40004A95E1F7E80FF91FEE0FFF1FE05EF74CF3
:105B5000208331830895982F882329F081E09133A1
:105B600020F09F3711F080E008950895982F813339
:105B700018F081E0913608F080E00895CF92DF922E
:105B8000EF92FF920F931F93CF93DF9390918B210E
:105B900080912721282F30E0F90140E1949FE00D0A
:105BA000F11D1124E457FD4CD081C82F40E1949F92
:105BB000C00D1124F901E758FE4D9081D917B9F0B5
:105BC0009FE0C99FF0011124E45FFB4C248530E085
:105BD00041E09081911101C040E003856D2F0E944A
:105BE000483EE0912721F0E0E758FE4DD0838091B8
:105BF0002721282F30E090918B21F90140E1949FDB
:105C0000E00DF11D1124E053F84CD081F901E75962
:105C1000FE4D9081D91749F06D2F0E94073FE0910A
:105C20002721F0E0E759FE4DD083C0908B21D09022
:105C30002721ED2CF12C80E1C89E80011124F80170
:105C4000E453FC4CEE0DFF1DD081DD23B1F08D2F10
:105C50008DDF882391F0D801A053B84CAE0DBF1D45
:105C60002C914D2F6C2D8D2D0E94693FE0912721A5
:105C7000F0E0E75AFE4DD08323C0F701E75AFE4D0E
:105C800080818823E9F09FE0C99FF0011124E45F3F
:105C9000FB4C248530E041E08081811101C040E06F
:105CA000D801A457BD4CAE0DBF1D03856C918D2D41
:105CB0000E94483EE0912721F0E0E75AFE4D108215
:105CC000D0908B2100912721E02EF12C40E1D49E31
:105CD000E0011124FE01E45BFD4CEE0DFF1D10817F
:105CE0001123B9F0812F37DF882399F0CE0180533B
:105CF000984CEC01CE0DDF1D2881412F6D2D802F9A
:105D00000E94693FE0912721F0E0E75BFE4D1083A0
:105D100014C0F701E75BFE4D8081882371F0C0530A
:105D2000D84CCE0DDF1D6881802F0E94073FE09187
:105D30002721F0E0E75BFE4D1082809127218F5FE5
:105D4000803118F48093272102C010922721DF911F
:105D5000CF911F910F91FF90EF90DF90CF9008951A
:105D600080918B210895C29664E670E00E945E4D9A
:105D7000862F089597FD05C08D3921E3920724F4FD
:105D8000089580E090E008958CE991E308959C01E6
:105D90002156384181E0213D310508F080E0089529
:105DA0009C012150310981E02B39314308F480E016
:105DB0000895EF92FF921F93CF93DF93182FC1E0C6
:105DC000D0E0062E02C0CC0FDD1F0A94E2F780E17E
:105DD000189F600D1124E62EF12C8FE0689FF001D2
:105DE0001124E45FFB4C8281873061F08FE08E9D4F
:105DF000F0018F9DF00D1124E45FFB4C828188300F
:105E0000B1F408C00E9405478C239D23892B71F3B0
:105E100081E00EC0E12FF0E0EE0FFF1FE455F74CDC
:105E200080819181C823D92381E0CD2B09F480E0C2
:105E3000DF91CF911F91FF90EF900895CF93C62FE0
:105E400090E1899FC00D1124B4DF8111C05C8C2FBB
:105E5000CF910895DF92EF92FF920F931F93CF930C
:105E6000DF93CDB7DEB7A097CDBFDEBFF82ED62E1D
:105E70008A01E4DF9FE0989FD0011124A45FBB4C0E
:105E8000F80101900D929A95E1F7ED2CE694E694D5
:105E900020E8F29EC0011124809640E250E0BE014D
:105EA0006F5F7F4F30E2E39E800D911D11240E94B1
:105EB0000C068D2D8370E1E0F0E0EC0FFD1F98E003
:105EC000899FE00DF11D1124D80112968C9187FD58
:105ED00005C09081907F8F70892B8083D8011396A5
:105EE0009C9197FD0DC08081282F2F70892F90E005
:105EF000019754E0880F991F5A95E1F7822B808310
:105F0000D80114968C9187FF8183D80119968C91C2
:105F100087FF8283D8011A968C9187FF8383D801EB
:105F20009C9197FD04C0848190FB87F98483D801FC
:105F30001B968C9187FD04C094819078892B848373
:105F4000D8011C968C9187FD05C095819C7F83703C
:105F5000892B8583D80111969C9197FD0AC0858174
:105F6000282F237FB4E09B9FC00111248C70822BCB
:105F70008583D8011E968C9187FD0EC02581922FB6
:105F80009F70282F30E02150310944E0220F331F49
:105F90004A95E1F7292B2583D80118968C9187FD26
:105FA00005C09681987F8770892B8683D8011696C5
:105FB0009C9197FD0EC02681822F8F70292F30E093
:105FC0002150310994E0220F331F9A95E1F7282BD5
:105FD0002683D80117968C9187FD04C0978190780D
:105FE000892B8783D8011D969C9197FD04C08781DA
:105FF00090FB87F98783E394FF0CFF0CFE0CF89469
:10600000CE0101960E9472068F2D0E94840678941C
:10601000A096CDBFDEBFDF91CF911F910F91FF9072
:10602000EF90DF9008952F923F924F925F926F9280
:106030007F928F929F92AF92BF92CF92DF92EF9218
:10604000FF920F931F93CF93DF93CDB7DEB72797C0
:10605000CDBFDEBF282E962E20E1829F900C11240A
:10606000ECE8CE2EE2E3DE2E1982412CA92CB12CD5
:10607000FFE08F2E8A9C80018B9C100D1124045F01
:106080001B4CC80106968C839D83350190E4690EF4
:10609000711CE0E12E9ED0011124A457BD4CA60F27
:1060A000B11DAE83BF83A895241020C04394F0E1B6
:1060B000CF0ED11C2981205F298334E04312F3CF16
:1060C0002796CDBFDEBFDF91CF911F910F91FF903B
:1060D000EF90DF90CF90BF90AF909F908F907F9088
:1060E0006F905F904F903F902F9008957601312CE4
:1060F000C301880F991FDC01A453BD4CAA83BB8345
:106100005980530C652D892DACD8882309F446C0DD
:10611000632D842D4EDE252D30E0829EF001839E7E
:10612000F00D1124E45FFB4CAC81BD814C91968154
:10613000491315C0F501EE0FFF1FE453FD4C4081DC
:106140005181F901EE0FFF1FE453FD4C4083518351
:10615000811105C0EE81FF819081D7019C93829EC1
:10616000F001839EF00D1124E45FFB4CD8011E96D4
:106170004C919685491312C0EA81FB81408151817F
:10618000220F331FF901E45BFC4C408351838823C9
:1061900029F0AE81BF818C91F70180833394FFEFAA
:1061A000EF1AFF0A20E13212ABCF80CFCF93DF93FB
:1061B000D82FC0E06C2F8D2F36DFCF5FC031D1F7E5
:1061C000DF91CF9108957F928F929F92AF92BF926D
:1061D000CF92DF92EF92FF920F931F93CF93DF93B3
:1061E000982E80918B21E2DF29E7A22E21E2B22EA8
:1061F00039E6E32E31E2F32E80E1989E600111240E
:10620000C0E0D0E004E610E088248A946C2F8091EE
:106210008B2114DE782E6C2F892D10DEE82F8091D3
:106220008B219E0190E1899F200D311D112424575F
:106230003D4CA72DB0E0AA0FBB1FA453BD4C8D91C0
:106240009C91B8010E945E4DD9016C93D5018D924D
:106250005D01D7018D927D019E012C0D3D1D2457BE
:106260003D4CF0E0EE0FFF1FE453FD4C8081918127
:10627000B8010E945E4DF90160832196C031D105BD
:1062800029F690928B21DF91CF911F910F91FF9072
:10629000EF90DF90CF90BF90AF909F908F907F90C6
:1062A00008958F929F92AF92BF92EF92FF921F93A9
:1062B000CF93DF93603408F015C1D22F142FC62F6F
:1062C000009721F0019709F487C00CC1E62EF12C4C
:1062D0002FE0629FE0011124C45FDB4C8885982F7A
:1062E0009D7F913009F056C06F818E81F9D78D85E1
:1062F000882309F4F7C06091B62FC091BD2F1C17F9
:1063000078F1D0E070E06C1B7D0B072E000C880B41
:10631000990B0E94174A20E030E04EEF52E40E94B1
:106320007C499B01AC0160E070E080E89FE30E9443
:106330007C494B015C01612F70E06C1B7D0B072ECB
:10634000000C880B990B0E94174A9B01AC01C501F8
:10635000B4010E94274B0E94E949D62FC72F02C0E3
:10636000D0E0C0E08091C2389091C3380E941113F0
:106370004D2F5C2F4038510510F04FE750E08FE073
:106380008E9DF0018F9DF00D1124E45FFB4C678121
:10639000605C17C0811105C0242F41E06F818E81A0
:1063A00097C0823021F08450823008F09BC08FE08B
:1063B0008E9DF0018F9DF00D1124E45FFB4C412F69
:1063C00067818681DF91CF911F91FF90EF90BF9001
:1063D000AF909F908F9084C7A62EB12C3FE0639F13
:1063E000C0011124AC01445F5B4C7A01DA011296C2
:1063F0008C91982F9B7F923028F099EF980F9230D4
:1064000008F05AC04D2F612F8C2FF9DA9FE09A9D2A
:1064100090019B9D300D1124F901E45FFB4C7F013D
:10642000B380D481482F6D2F8B2D5AD7112309F4B7
:1064300059C08091BE2FB81255C0D43008F052C058
:1064400080918B2190E0CF702C2F30E0AC0164E084
:10645000440F551F6A95E1F7FA01E20FF31FEE0FA3
:10646000FF1FE05EF74C10821182A1E0B0E002C095
:10647000AA0FBB1FCA95E2F7880F991FFC01EC54C5
:10648000F74C60817181CD0186239723892B49F4D4
:106490004053584CFA01E20FF31FD7011A968C9122
:1064A00080838D2FDF91CF911F91FF90EF90BF9050
:1064B000AF909F908F9087CE8250823098F4422F79
:1064C000612F8C2F9CDA282F4D2FF7016481838157
:1064D000DF91CF911F91FF90EF90BF90AF909F9071
:1064E0008F90D6C6DF91CF911F91FF90EF90BF9014
:1064F000AF909F908F900895DF92EF92FF920F934D
:106500001F93CF93DF93E82ED62EF42EE9010E943D
:10651000CD26882311F10E940A478C239D23892BC5
:1065200009F4A6C2CE2DC37040E060918B2180910A
:10653000BE2FD6D68C2F0E9487428C2F44DE4FE789
:106540006C2F8091BE2FCCD6DF91CF911F910F91F0
:10655000FF90EF90DF900C94FE260E940A478C2358
:106560009D23892BB9F00E94AA430F2D10E08FE0E4
:10657000F89EF0011124E45FFB4C828190E08930A9
:10658000910508F075C2FC018827E45EFE4F8F4F2D
:106590000C94AF4D0E940F478C239D23892B19F734
:1065A00067C20E940A478C239D23892B09F460C28D
:1065B00080918B2190E02E2D30E0BC01D4E0660F5D
:1065C000771FDA95E1F7FB01E20FF31FEE0FFF1FD4
:1065D000E05EF74C40815181452B19F44FE750E0C4
:1065E00002C040E050E0FB01E20FF31FEE0FFF1F7F
:1065F000E05EF74C40835183A1E0B0E002C0AA0FF7
:10660000BB1FEA94E2F7880F991FFC01EC54F74C8A
:106610000190F081E02DCD018E239F23892B09F07D
:106620007FC08FE0809FF001819FF00D1124E45F17
:10663000FB4C4115510511F0818501C082856053E5
:10664000784CFB01E20FF31F80836AC00E940A4767
:106650008C239D23E0918B212E2D30E0D901892BB5
:1066600071F090E1E99FA00DB11D1124AA0FBB1F8D
:10667000A05EB74C8FE790E08D939C930BC0C0E178
:10668000EC9FA00DB11D1124AA0FBB1FA05EB74C3B
:106690001D921C92F0E081E090E002C0880F991FEB
:1066A000EA94E2F7DF01AA0FBB1FAC54B74C4D913F
:1066B0005C918423952354E0EE0FFF1F5A95E1F778
:1066C000892B31F5DF01A20FB31FAA0FBB1FA05EFC
:1066D000B74C8D919C91892B59F08FE0809FD00110
:1066E000819FB00D1124A45FBB4C19968C910AC0F8
:1066F0008FE0809FD001819FB00D1124A45FBB4C1F
:106700001A968C91DF01A053B84CA20FB31F8C9343
:10671000E20FF31FEE0FFF1FE05EF74C4081518147
:1067200021E041155105A9F520E033C08FE0809F9D
:10673000F001819FF00D1124E45FFB4C8081ED2D71
:10674000F0E0EE0FFF1FE453FD4C811148C01082B2
:106750001182D12C0E2D10E0F801E05FF74C108271
:1067600021E04D2D6F2D80E090E09BDD80918B210D
:1067700090E1899F000D111D1124F801E457FD4C93
:10678000D0820E940A478C239D23892B69F021E047
:106790004FE76F2D81E090E0DF91CF911F910F9136
:1067A000FF90EF90DF907DCD0E940F478C239D23BB
:1067B000892B09F45DC120E040E0EBCF8FE0809FA2
:1067C000F001819FF00D1124E45FFB4C8081ED2DE1
:1067D000F0E0EE0FFF1FE453FD4C882339F08CE905
:1067E00098E180839183FFE3DF2EB4CF8CE991E3BE
:1067F00080839183EFE7DE2EADCF0E940A478C2382
:106800009D23892B09F449C02E2D30E090918B21D6
:10681000892F90E041E050E002C0440F551FEA94F8
:10682000E2F7FC01EE0FFF1FEC54F74C6081718121
:106830004623572374E0880F991F7A95E1F7452B7B
:1068400081F4FC01E053F84CE20FF31F4FE0409F4E
:10685000D001419FB00D1124A45FBB4C19964C91FF
:10686000408384579D4CEC01C20FD31FED2DF0E007
:10687000EE0FFF1FE453FD4C8081918164E670E0D0
:106880000E945E4D68838FE0809FF001819FF00D34
:106890001124E45FFB4C4FE7E1C00E940F478C23BB
:1068A0009D23892B09F4E4C02E2D30E090918B219B
:1068B000892F90E041E050E002C0440F551FEA9458
:1068C000E2F7FC01EE0FFF1FEC54F74C6081718181
:1068D00046235723B4E0880F991FBA95E1F7452B5B
:1068E00081F4FC01E053F84CE20FF31F4FE0409FAE
:1068F000D001419FB00D1124A45FBB4C1A964C915E
:10690000408384579D4CEC01C20FD31FED2DF0E066
:10691000EE0FFF1FE453FD4C8081918164E670E02F
:106920000E945E4D688391C00E940A478C239D237C
:10693000892B09F49DC080918B21E82FF0E0EE0FA8
:10694000FF1FE455F74C208131812C273D27208300
:1069500031836E2D73DA40918B2150E0BA01660FBE
:10696000771FFB01E455F74C208131812C233D2317
:10697000EE2DF0E0EB01CC54D74C64E0440F551FF2
:106980006A95E1F7A82FB0E081E090E002C0880F9F
:10699000991FEA94E2F7232B89F128813981822318
:1069A0009323892B91F4EA01C053D84CBE016E0F9A
:1069B0007F1F2FE0209FC001219F900D1124845F35
:1069C0009B4CEC018985EB01888344575D4CE40FB7
:1069D000F51FAA0FBB1FA453BD4C8D919C9164E67B
:1069E00070E00E945E4D60838FE0809FF001819F88
:1069F000F00D1124E45FFB4C4FE730C02881398152
:106A000082239323892B91F4EA01C053D84CBE0111
:106A10006E0F7F1F2FE0209FC001219F900D11243A
:106A2000845F9B4CEC018A85EB01888344575D4C65
:106A3000E40FF51FAA0FBB1FA453BD4C8D919C9171
:106A400064E670E00E945E4D60838FE0809FF001FD
:106A5000819FF00D1124E45FFB4C40E06481838151
:106A6000DF91CF911F910F91FF90EF90DF9038C48D
:106A7000DF91CF911F910F91FF90EF90DF900895DC
:106A800080918B21A0CBCF92DF92EF92FF920F9358
:106A90001F93CF93DF93C42ED12C9FE0499FF00129
:106AA0001124E45FFB4C9085923021F09450923099
:106AB00008F088C0C22FD82F8FE08C9DF0018D9DEB
:106AC000F00D1124E45FFB4C8281863089F50E9431
:106AD000054780239123892B59F1ED2FF0E0EE0F2C
:106AE000FF1FDF01A75DBE4D8D919C9111978C0F0B
:106AF000911DC7FD9A958D939C931197C0E48D913C
:106B00009C9111978430910534F004978D939C9358
:106B10001197CF5FF4CFE75DFE4D808191818D3F6E
:106B20002FEF92073CF5049680839183C150F5CFF7
:106B30008FE08C9DF0018D9DF00D1124E45FFB4CE6
:106B400081818230B1F48C2F0C2E000C990B97FFB1
:106B500003C0919581959109B7010E94B12A24E063
:106B6000969587952A95E1F78F719927C89FC00D53
:106B70001124C05C6D2F80918B211BD981110AC01B
:106B80008FE08C9DF0018D9DF00D1124E45FFB4C96
:106B9000868109C08FE08C9DF0018D9DF00D112440
:106BA000E45FFB4C8685C03479F09FE09C9DF0014A
:106BB0009D9DF00D1124E45FFB4C4C2F678190D319
:106BC00081E003C080E001C081E0DF91CF911F919F
:106BD0000F91FF90EF90DF90CF9008959F92AF922A
:106BE000BF92CF92DF92EF92FF920F931F93CF93BA
:106BF000DF93C82EC62FD42E922EA42EB12C8FE058
:106C0000489FF0011124E45FFB4C8281863039F407
:106C10000E94054780239123D1E0892B09F4D0E01D
:106C2000D1708FE08A9DF0018B9DF00D1124E45FFF
:106C3000FB4C8181092D990C110B8230B9F4C801EC
:106C400017FF04C088279927801B910BB7010E946A
:106C5000B12AD11112C08931910578F0AC018F3F72
:106C6000910581F078F04FEF50E00CC0D11105C0D4
:106C7000882331F042EB50E005C049E150E002C00A
:106C800044E650E0D0E0049F9001059F300D149F32
:106C9000300D1124CC0FDD1FC453DD4C8881998148
:106CA000820F931F67D888839983C29664E670E049
:106CB0000E945E4DC62F6C2D80918B217AD8282F93
:106CC00041E06C2F8D2D0E94512CE0918B2180E1B1
:106CD000E89FF0011124E457FD4CEC0DF11DC08339
:106CE00081E0DF91CF911F910F91FF90EF90DF90A6
:106CF000CF90BF90AF909F9008958F929F92AF9248
:106D0000BF92CF92DF92EF92FF920F931F93CF9398
:106D1000DF93C82FD62EC42E4901F8940E94C9468D
:106D2000D82F8C2F0E94D0465C017894DD2309F186
:106D30000E94AA4385012D2F4C2D6D2D8C2F0E9472
:106D4000102B811116C02D2F4C2D6D2D8C2F0E94D4
:106D5000572B81110EC0750184012D2F4C2D6D2DE7
:106D60008C2F91DE811105C02D2F4C2D6D2D8C2F78
:106D700035DFDF91CF911F910F91FF90EF90DF9062
:106D8000CF90BF90AF909F908F900895FF920F93F8
:106D90001F93CF93DF930E94DB46C0E001E010E039
:106DA0006C2F80918B214AD8D82F8F73F82E9801A1
:106DB000482F6D2F8C2FA1DF98014F2D6D2F8C2F19
:106DC0009BDB000F111FCF5FC03151F7DF91CF91D7
:106DD0001F910F91FF90089590918B2120E1929F38
:106DE000800D11249FE0899FF0011124E45FFB4C8A
:106DF000908581E0923031F0943029F0953019F08F
:106E000080E0089508950895EF92FF920F931F93E5
:106E1000CF93DF932FE0829FF0011124E45FFB4CBE
:106E20009081992311F06623B9F1F42E162FC82F03
:106E3000D82FD295DF70082F0F70602F8D2F0E94F2
:106E4000D92EE82EF11002C0E0E001C0E0E4CE0F40
:106E500080918B21D81309C0802F0E94634788231B
:106E600021F0802FB9DF8823B9F0EC2FF0E0EE0F8E
:106E7000FF1FE453FD4C24E6129FC00111248083C0
:106E80009183EF1009C080E1D89FF0011124E457ED
:106E9000FD4CE00FF11D1083DF91CF911F910F91F9
:106EA000FF90EF900895BF92CF92DF92EF92FF9202
:106EB0000F931F93CF93DF939091BE2F981335C0FC
:106EC000662319F0633009F0C3C04C52413208F018
:106ED000BFC0E42FE295EF70F0E04F7081E090E0EA
:106EE00002C0880F991F4A95E2F7EE0FFF1FDF01DE
:106EF000A453B84C4D915C911197482B592B4D934D
:106F00005C93E056F74C222339F020813181822BAB
:106F1000932B808391839CC08095909520813181B3
:106F2000822393238083918393C0D22F142F062F23
:106F3000B82E9CE0E92E94E3F92EC0E0C82ED12CA7
:106F4000F7018781181321C080859681B9120DC081
:106F5000013021F481508530C0F402C0811115C088
:106F600040E06D2F8C2F50DF10C0F7019685B912CD
:106F70000CC0013021F48150843038F402C08111FA
:106F800004C041E06D2F8C2F3FDFF701848118137F
:106F900058C08381B8122AC0828182508230D8F4CE
:106FA0000023D9F0033009F04CC060E08C2F0E9420
:106FB0001A2DEC2FE295EF7080E1E89FF00111248B
:106FC0008C2F8F70E80FF11DEE0FFF1FE05EF74C66
:106FD0001082118236C00130A1F56D2F8C2F0E94D6
:106FE0001A2D6D2F8C2F0E94902D2BC08091A22FD7
:106FF000282F22952F7030E0C216D30679F4EC2F9B
:10700000E295EF7080E1E89FF0011124E453FC4C1D
:107010008C2F8F70E80FF11DD08313C08F7090E01C
:10702000C816D90671F4EC2FE295EF7080E1E89F65
:10703000F0011124E45BFD4C8C2F8F70E80FF11DE3
:10704000D083CF5FEFE0EE0EF11CC03409F078CFB3
:10705000DF91CF911F910F91FF90EF90DF90CF9034
:10706000BF90089588E090E28093C2389093C3382F
:10707000E0E8F6E091E0918382E0818328E02183DB
:1070800024E0228396831092972110929821868380
:10709000089581E02091972130919821232B09F0C8
:1070A00080E00895CF92DF92EF92FF920F931F93AB
:1070B000C0906008D0906108E12CF12C8091922161
:1070C00090919321A0919421B09195218C159D05CB
:1070D000AE05BF051CF58091922190919321A0915E
:1070E0009421B091952100918E2110918F212091B2
:1070F000902130919121B701A601481B590B6A0BD1
:107100007B0BCB01BA01601B710B820B930B28E048
:1071100030E040E050E00E94934D25C080919221E4
:1071200090919321A0919421B091952100918E216D
:1071300010918F212091902130919121B701A601CA
:10714000481B590B6A0B7B0BDB01CA01801B910B9F
:10715000A20BB30BBC01CD01019628E030E040E06A
:1071600050E00E94934D80918E2190918F21A091AB
:107170009021B0919121A901032E000C660B770B91
:10718000840F951FA61FB71F80938E2190938F2188
:10719000A0939021B09391212C5F3F4F293031056E
:1071A000B0F480918C21813091F480938D21809175
:1071B000BE31882361F08091A42F9091A52F892B57
:1071C00031F481E090E08093A42F9093A52FC0929A
:1071D0009221D0929321E0929421F0929521609196
:1071E0008E2170918F2180919021909191211F91FA
:1071F0000F91FF90EF90DF90CF90089560918E21D6
:1072000070918F218091902190919121089580918A
:107210008D21089547DF80918C210E94DD1A809195
:107220009621811105C01092E83881E08093962163
:1072300080918C218F5F88311CF480938C2102C057
:1072400010928C2180918C2163E00E943D4D923000
:1072500029F48091E8388F5F8093E8380895109280
:107260008C2110928E2110928F21109290211092D9
:1072700091211092922110929321109294211092B8
:10728000952110928D2108950E94DA1A0C94BE4621
:10729000CF93DF9300D01F92CDB7DEB7411102C06C
:1072A00090E801C090E9392F32953F7039838F7093
:1072B000982B9A836F776B832F772C83EADE882352
:1072C00049F0BE016F5F7F4F8091C2389091C33803
:1072D0000E94EB122496CDBFDEBFDF91CF910895BF
:1072E000CF93DF9300D01F92CDB7DEB79BE0998399
:1072F0008F70806B8A836F776B834F774C83C9DE87
:10730000882349F0BE016F5F7F4F8091C238909112
:10731000C3380E94EB122496CDBFDEBFDF91CF9120
:107320000895EF92FF920F931F93CF93DF9300D0B6
:107330001F92CDB7DEB78B01F82E81E094E0E92EE5
:1073400093E09F15C0F4E982F80180818A838181EE
:107350008B83319681810D5F1F4F8C83BE016F5FE0
:107360007F4F8091C2389091C3380E94EB12FDEF9D
:10737000FF0E80E0E5CFFF2039F195E09983F80119
:1073800090819A831B821C82F2E0FF1206C086E085
:107390008983F80181818B830EC0F3E0FF120BC05B
:1073A000882311F0F98202C087E08983F801818186
:1073B0008B8382818C83BE016F5F7F4F8091C23847
:1073C0009091C3380E94EB122496CDBFDEBFDF91AF
:1073D000CF911F910F91FF90EF900895EF92FF9240
:1073E0000F931F93CF93DF9300D01F92CDB7DEB7DB
:1073F00069837A838B839C83862F90E0FC0134978A
:10740000EC30F10508F077C08827EB5DFE4F8F4F19
:107410000C94AF4D8A818A3FA1F08C3FB9F0883F30
:1074200009F069C08091A2008B7F8093A20081E067
:1074300080939621EFDE8091A20084608093A20069
:107440005AC00DDF81E08093962155C01DDF109258
:10745000962151C01A811F70FB80EC808091BE2F55
:10746000181309C083E08F1530F08FE7E81203C0CE
:107470008F2D0E94E33001E02E2D4F2D60E0812FF3
:1074800012DD39C08A8100E02C814B8163E08F706E
:107490000ADD31C01A811F70FB80EC8001E02E2DC7
:1074A0004F2D61E0812FFFDC8091BE2F181309C0A2
:1074B00083E08F1530F08FE7E81203C08F2D0E9414
:1074C000E3301730C1F46E2D8F2D0E94581B13C06E
:1074D000CE0101960E9474250EC0CE0101960E9435
:1074E0008E2609C0CE0101960E94522604C0CE010C
:1074F00001960E94F6252496CDBFDEBFDF91CF9185
:107500001F910F91FF90EF900895292F332722307C
:10751000310559F02330310569F02130310531F55D
:1075200082E190E027E038E025C085E690E022EA9D
:1075300037E020C099278130910579F058F08230EA
:10754000910571F0039791F48091C43890E024EC98
:1075500038E310C0EEE9F7E005C0E2E8F7E002C06A
:10756000E2E5F7E0849190E09F0104C080E090E0C4
:1075700020E030E0FA0120833183089580912008D3
:107580009091210881589F4F80932A0890932B084F
:107590008091B3219091B421892B49F08091B3213E
:1075A0009091B42101978093B3219093B42180915D
:1075B0009921811113C080919A2190919B21A091D2
:1075C0009C21B0919D210196A11DB11D80939A210E
:1075D00090939B21A0939C21B0939D21089580912D
:1075E00020089091210809968093280890932908F3
:1075F00080E180936506809366069FB7F89480913A
:1076000010018068809310019FBF8091E6388F5FE2
:107610008093E6388091E6388F3488F01092E6380F
:10762000809104018171E1F789EC91E22FB7F89420
:10763000809318019093190110921A012FBF809125
:107640009621811111C08091E7388F5F8093E738D0
:107650008091E7388F3F41F48091E8388F5F8093C5
:10766000E8381092E738089508951F93CF93DF9379
:1076700040E05AE06FEF70E089EC91E20E94D04D5B
:10768000EFEBFFE28BE0DF011D928A95E9F780E2E4
:1076900090E08483958384E0808310E1128389ECF9
:1076A00091E28783908780EA99E0818792878CE6D0
:1076B00083830E94CF046FEB7FE280E00E94AE05DF
:1076C0009FB7F894E0E0F1E08081837F8160808360
:1076D0009FBF65E170E280EA99E00E94AE0DC0E6CE
:1076E000D6E088E0898382E0898380E098E00E9488
:1076F0004E0C6FEE7AE380E098E00E948F0C6EEB08
:107700007AE380E098E00E94BB0CE0E0F8E089E0DA
:1077100090E080A791A78FE790E082A793A7878149
:107720008C7F87838781836087838781837F87833B
:107730008781846087838181887F81837894808139
:10774000807F8660808391E0998380E289831983BA
:107750009D838E838D831E831092E638DF91CF91B7
:107760001F91089581E080936606089581E08093DB
:107770006506089540E05AE06FEF70E089EC91E211
:107780000C94D04D3F924F925F926F927F928F9266
:107790009F92AF92BF92CF92DF92EF92FF920F93A0
:1077A0001F93CF93DF93EC01862E5A01CA010197F4
:1077B000029708F497C04330510509F096C0611153
:1077C00007C0188219821A821B821C821D82CCC1BA
:1077D00070E061507109072E000C880B990B0E9414
:1077E000174A20E030E040EA50E40E94274B20E0B6
:1077F00030E04CEF52E40E947C494B015C010E9456
:10780000E949F62E062F10E0B801012E000C880B76
:10781000990B0E94174A9B01AC01C501B4010E945B
:10782000134920E030E04EEF52E40E94274B0E94C3
:10783000E949E62F20E080E094E0A0E0B0E0422FAC
:10784000022E000C550B40175107B4F44C015D019A
:10785000B694A79497948794AC01BD01440F551F2B
:10786000661F771F482959296A297B29842B952B64
:10787000A62BB72B2F5FE3CFEE2361F124E02F156A
:1078800048F18C019D013695279517950795AC0118
:10789000BD01440F551F661F771F402B512B622BD4
:1078A000732B482B592B6A2B7B2B8C019D01009548
:1078B0001095209530954023512362237323482B44
:1078C000592B48835983EA838B839C838FE78E1BD4
:1078D0008D834AC1188219821A828B839C838FE719
:1078E0008D8342C13324339401C0312C222309F407
:1078F00088C081EC880D823068F481E090E0888354
:10790000998382E090E08B839C830A838FE7801BBE
:107910008D832AC1682D70E082E0A816B10469F554
:107920006F537109072E000C880B990B0E94174AA0
:107930006B017C0123E333E34BE451E40E947C4977
:107940000E94E449162F23E333E34BE451E4C701DB
:10795000B6010E94594A2B013C0120E030E040E290
:1079600051E40E94274B9F770E94E949962EC12C33
:10797000E4E0DE2EE12CF12C8EC09FE3981510F090
:1079800080E401C08FE3681B7109072E000C880B8F
:10799000990B0E94174A6B017C0126E636E64EE7FA
:1079A00051E40E947C490E94E449162F26E636E6FF
:1079B0004EE751E4C701B6010E94594A2B013C0130
:1079C00020E030E040E051E40E94274B9F770E9486
:1079D000E949962E20E030E0A901C301B2010E94DE
:1079E000784987FF07C01150C12C74E0D72EE12CD5
:1079F000F12C51C01F5FC12C64E0D62EE12CF12C7C
:107A00004AC0682D70E0072E000C880B990B22E00D
:107A1000A216B10439F50E94174A20E030E048E38D
:107A200051E40E947C490E94E449162F682D70E0C1
:107A300080E090E00E94154A20E030E048E351E405
:107A40000E94594A2B013C0120E030E040E351E420
:107A50000E94274B0E94E949962EC12CD12C760119
:107A6000E39414C00E94174A26E636E64AE351E43E
:107A70000E947C490E94E449162F412C512C32016E
:107A8000912CC12C40E8D42EE12CF12C811003C0A4
:107A9000C12CD12C76013320E9F017FD0EC0112343
:107AA00079F1D701C601B695A79597958795C82A0C
:107AB000D92AEA2AFB2A1150F2CFD701C601880F32
:107AC000991FAA1FBB1FC82AD92AEA2AFB2A1F5FAF
:107AD000A1F716C017FD08C004C0F694E794D79428
:107AE000C7941A95D2F70CC0812F992781950CF471
:107AF000909504C0CC0CDD1CEE1CFF1C8A95D2F7BF
:107B00008601CB82DC8220E030E0A901C301B20112
:107B10000E94234B181674F492E0A916B104F9F4EC
:107B2000F694E794D794C794C02AD12AC882D98200
:107B30009A8218C020E030E0A901C301B2010E947E
:107B4000784987FF0CC022E0A216B10441F4CC0CA6
:107B5000DD1C0C291D29088319839A8203C0188211
:107B600019821A828FE78D8381E090E0DF91CF91B7
:107B70001F910F91FF90EF90DF90CF90BF90AF904B
:107B80009F908F907F906F905F904F903F9008955F
:107B90008F929F92AF92BF92EF92FF920F931F939B
:107BA000CF93DF9300D000D0CDB7DEB767FD62C0C2
:107BB000F901242FF82EAF01CE010196E3DD892BC8
:107BC00009F458C06E2D70E080E090E00E94174AE2
:107BD00020E030E04EEF52E40E947C494B015C0112
:107BE0006B8170E080E090E00E94174AA50194014B
:107BF0000E94274B0E94E949162F6E8170E080E0B9
:107C000090E00E94174AA50194010E94274B0E9410
:107C1000E94999815A81937E4C81ED80437EEFE062
:107C2000F0E0EF19F109EE0FFF1FE753FE4D20E0E2
:107C300030E00FEFA12FB0E09095509570E04095A7
:107C4000E0948081836E808301832A173B071CF4B4
:107C50008923808351832617370734F48081842356
:107C6000808381818E218183B0962F5F3F4F2035A5
:107C7000310539F72696CDBFDEBFDF91CF911F9139
:107C80000F91FF90EF90BF90AF909F908F900895CD
:107C9000EF920F93E091BC2FF0E0EE5DFC4FE4908B
:107CA00077DF0F91EF9008958F929F92AF92BF92DE
:107CB000CF92DF92EF92FF921F93CF93DF93182F13
:107CC0006A017B01CB01AA27BB27C82F852E962EE0
:107CD000A72EBB24D82D642F409100205091012065
:107CE000425A5340C9F43CE8839FC0011124EFEF8E
:107CF000F0E0BF010E944A4DC62F35EF839EC001C0
:107D00001124BF010E944A4DD62F3BEEC39EC001F5
:107D10001124BF010E944A4D2223A9F030E02150D6
:107D20003109C29FC001C39F900D1124C92FD29F5A
:107D3000C001D39F900D1124D92F629FC001639F72
:107D4000900D1124692FEFE0F0E0E11BF109EE0F37
:107D5000FF1FE753FE4D90E08081292F220F261749
:107D600018F08C61808303C08B7F886180832C171F
:107D700018F48081877F80832D1718F480818F7E8F
:107D80008083B0969F5F903539F7DF91CF911F9137
:107D9000FF90EF90DF90CF90BF90AF909F908F902B
:107DA0000895EFE0F0E0E81BF109EE0FFF1FE75345
:107DB000FE4D90E02FEF607E609570958081836E20
:107DC00080832183941718F4862380837183B0966F
:107DD0009F5F903599F70895E091BC2FF0E0EE5D3C
:107DE000FC4F4491DECF242FE82FF0E0EB54FE4D02
:107DF0006083E0910020F091012093E0699FE00D05
:107E0000F11D112445915591659174914DCFE091EB
:107E1000E52BF0E0EE5DFC4F4491E5CF660F362F89
:107E200030956F5FEFE0F0E0E81BF109EE0FFF1F08
:107E3000E753FE4D90E08081292F220F261718F07E
:107E40008360808303C08E7F82608083231718F451
:107E500080818D7F8083B0969F5F903561F7089514
:107E60002091E83830E048E050E0481B5109C90152
:107E700002C0959587954A95E2F7817008956091C3
:107E8000E8389091C821691B90E2699FB0011124E4
:107E900028E030E0281B310902C0759567952A95C6
:107EA000E2F770E080E090E00E94174A27E53FEC9F
:107EB00049E45DE30E94274B0E94D64B20E030E06E
:107EC0004CEF52E40E94274B0E94E94980E8860F5C
:107ED00008954F925F926F927F928F929F92AF928E
:107EE000BF92CF92DF92EF92FF920F93CF93DF93E7
:107EF000C82F442309F4E1C1842FD62F9FEF940F9C
:107F00009830D8F4ADDF811105C020E040E050E0AA
:107F1000BA01C2C1EC2FF0E0EB54FE4D8081E0913C
:107F20000020F091012023E0829FE00DF11D11243B
:107F30004591559165917491AEC197EF940F98302A
:107F4000B0F488509CDFEC2FF0E0EB54FE4D9081B4
:107F5000E0910020F091012023E0929FE00DF11DBF
:107F600011244591559165917491282F95C19FEEEB
:107F7000940F9032C8F4EC2FF0E0EB54FE4D90815A
:107F8000E0910020F091012023E0929FE00DF11D8F
:107F900011244591559165917491E82FF0E0EF50CF
:107FA000FD4F2491220F78C19FEC940F983008F078
:107FB00052C0FC2E90E1699FF00C1124805350DFD9
:107FC0006C2F70E02F2D30E0ED2FF0E0811121C0FB
:107FD0008FE0829FD001839FB00D1124A45FBB4C22
:107FE0001C962C911C9730E041E08C91811101C0CE
:107FF00040E0D4E0EE0FFF1FDA95E1F7E457FD4CC7
:10800000E60FF71FE12C1B960C9160818C2FC0DDD1
:1080100054C18FE0829FD001839FB00D1124A45FD3
:10802000BB4C1C962C911C9730E041E08C91811147
:1080300001C040E054E0EE0FFF1F5A95E1F7E4570E
:10804000FD4CE60FF71FEE24EA941B960C9160811D
:108050008C2F9EDD32C197EC940F983028F5875312
:108060000EDFAC2F20E1D29FA00D11249FE0A99F2D
:10807000D0011124A45FBB4C1C962C911C9730E0BE
:1080800041E09C91911101C040E090E1D99FF00145
:108090001124E457FD4CEC0FF11DE82E1B960C91BA
:1080A00060818C2F75DD09C19FEB940F903240F5F4
:1080B000E42FF0E0EF53FD4FE490EE0CAC2F20E105
:1080C000629FA00D11248FE0A89FD0011124A45F0E
:1080D000BB4C1C962C911C9730E041E08C91811197
:1080E00001C040E090E1D99FF0011124E457FD4C1C
:1080F000EC0FF11D1B960C9160818C2F49DDDDC0CA
:108100004F3709F0DAC0D091E8386D2F70E080E089
:1081100090E00E94174A29E334EB48E45DE30E94B3
:10812000274B0E94D64B6B017C0165E56D0F70E01B
:1081300080E090E00E94174A29E334EB48E45DE3D5
:108140000E94274B0E94D64B2B013C016AEA6D0F1F
:1081500070E080E090E00E94174A29E334EB48E4A5
:108160005DE30E94274B0E94D64B4B015C0120E04F
:1081700030E04CEF52E4C701B6010E94274B0E9449
:10818000E949C62ED12C20E8C20ED11C0D2C000CC2
:10819000EE08FF087601DD24CC2420E030E04CEF2F
:1081A00052E4C301B2010E94274B0E94E949462FC5
:1081B00050E040585F4F052E000C660B770B762F72
:1081C000652F542F4427C40ED51EE61EF71E20E04F
:1081D00030E04CEF52E4C501B4010E94274B0E94ED
:1081E000E949462F50E040585F4F052E000C660BC2
:1081F000770BC40ED51EE61EF71E6E2D70E080E0D4
:1082000090E00E94154A20E030E04FE753E40E94DE
:108210007C4920E030E040EA50E40E948A4B2B0188
:108220003C016D2D70E080E090E00E94154A20E056
:1082300030E04FE753E40E947C4920E030E040E228
:1082400050E40E948A4B4B015C01DD24EE24FF24A4
:1082500020E030E04FE753E4C301B2010E94274B16
:108260000E94E9493B015524442420E030E04FE7D7
:1082700053E4C501B4010E94274B0E94E9494427F9
:10828000562F672F782F44295529662977294C299D
:108290005D296E297F2920E08C2FDF91CF910F91EE
:1082A000FF90EF90DF90CF90BF90AF909F908F9016
:1082B0007F906F905F904F90F7CCDF91CF910F91AF
:1082C000FF90EF90DF90CF90BF90AF909F908F90F6
:1082D0007F906F905F904F9008952F923F924F92B2
:1082E0005F926F927F928F929F92AF92BF92CF9246
:1082F000DF92EF92FF920F931F93CF93DF93CDB74F
:10830000DEB72897CDBFDEBF4B015C0133DA809129
:10831000A20081608093A20081E08093660600EA5B
:108320001FEF80EC682E77247A9490EEE92EFF24DC
:10833000FA94C12CD12C80E8C816D104DCF4B60123
:108340000D2C000C880B990B0E94174A2AE135EA84
:108350004AEC5CE30E94274B0E94D64B20E030E0C1
:108360004FE753E40E94274B0E94E949332433949A
:10837000360E02C03324339490E8E916F104D8F4A1
:10838000B7010F2C000C880B990B0E94174A2AE1A9
:1083900035EA4AEC5CE30E94274B0E94D64B20E072
:1083A00030E04FE753E40E94274B0E94E949442400
:1083B0004394460E02C04424439480E86816710436
:1083C000D0F4B301072C000C880B990B0E94174ABC
:1083D0002AE135EA4AEC5CE30E94274B0E94D64B27
:1083E00020E030E04FE753E40E94274BF2D75524BA
:1083F0005394560E02C05524539400381105C8F406
:10840000B801012E000C880B990B0E94174A2AE133
:1084100035EA4AEC5CE30E94274B0E94D64B20E0F1
:1084200030E04FE753E40E94274BD3D76F5F688754
:1084300002C091E09887232C2694842D86958C8306
:10844000952D96959D83888586958E831F82232DF5
:10845000B501A4018F8128DC9F819C5F9983242D25
:10846000B501A401892F20DC8F81885F8A83252DA7
:10847000B501A40119DC9F81945F9B832885B50118
:10848000A401892F11DC422D60EE7FEF8F8189DC02
:108490004C8160EE7FEF898184DC4D8160EE7FEF5F
:1084A0008A817FDC4E8160EE7FEF8B817ADC8F8169
:1084B0008F5F8F83843059F69FEFC91AD90A8FEFE7
:1084C000E81AF80A9FEF691A790A0F5F1F4F8FE3C6
:1084D0009FE10197F1F700C000000038110509F095
:1084E0002ACF2896CDBFDEBFDF91CF911F910F918C
:1084F000FF90EF90DF90CF90BF90AF909F908F90C4
:108500007F906F905F904F903F902F900895CF9203
:10851000DF92EF92FF920F931F93CF93DF9390918F
:108520001521911141C0C82FD0E0CC0FDD1FCC0F19
:10853000DD1F843018F4CB56DF4D02C0CB58DF4D21
:10854000182F00E021E040E050E0BA01802FACDBC2
:1085500060E070E0802F40DC0F5F003199F77E0112
:1085600084E0E80EF11C6E0120E04FEF50E060E087
:1085700070E0888199DB60EC7BEF89912DDC6FE7FF
:10858000F60180814BDCCE15DF0569F710931D20C5
:108590001092C7211092C5211092C6218CE390E061
:1085A0008093B3219093B421DF91CF911F910F91CC
:1085B000FF90EF90DF90CF9008952F923F924F92CF
:1085C0005F926F927F928F929F92AF92BF92DF9253
:1085D000EF92FF920F931F93CF93DF93CDB7DEB748
:1085E0006497CDBFDEBF80E1E0E5F0E2DE011196E9
:1085F00001900D928A95E1F7CE0101961C01D12CD4
:10860000E0909E21F0909F21D1018D911D01870165
:1086100016950795B0E18B9F000D112410E0B8016D
:10862000012E000C880B990B02D720ED3FE049EC9E
:108630005CE30E94274B0E94D64B2B013C01B80102
:108640006B5A7F4F072E000C880B990BF0D620ED4C
:108650003FE049EC5CE3FBD70E94D64B4B015C0149
:10866000B80166557F4F072E000C880B990BDFD69B
:1086700020ED3FE049EC5CE3EAD70E94D64B698BE2
:108680007A8B8B8B9C8B20E030E04EEF52E4C30161
:10869000B201DDD79ED680E8860F482E512C612C82
:1086A000712C32015524442420E030E04EEF52E496
:1086B000C501B401CCD78DD66058562A20E030E0F1
:1086C0004EEF52E469897A898B899C89C0D781D61B
:1086D0006058D301C201862BAC01BD0120E08D2D75
:1086E000E3DAD39490E1D9128BCFAFEFEA1AFA0A0A
:1086F000E0929E21F0929F216496CDBFDEBFDF9174
:10870000CF911F910F91FF90EF90DF90BF90AF90AE
:108710009F908F907F906F905F904F903F902F90A1
:108720000895CF938091A021882321F0813081F496
:10873000CF9143CFC0E021E040E050E0BA018C2F60
:10874000B3DA60E070E08C2F47DBCF5FC03199F780
:10875000CF91089510929A2110929B2110929C2102
:1087600010929D21109299210C94403580911B20EC
:1087700090911C209C01322F22273295330F307E9E
:10878000822793279C01232F33272695822793271F
:108790009C013695322F22273795279582279327DC
:1087A00080931B2090931C2008950F931F93CF93C9
:1087B000DF93C2EAD1E200E01881112351F0D6DF45
:1087C0008F739927892B21F41150188301E001C080
:1087D00001E0219681E2C23BD80771F7C091B22136
:1087E000CC2319F18091B3219091B421892BE9F424
:1087F000BDDF8F70E82FF0E0EE55FE4D80818111D6
:1088000014C0DFEFD083B2DF8F709927FC01EE55E3
:10881000FE4DD083ABDF8F77992740968093B321AD
:108820009093B421C150C093B221802FDF91CF919A
:108830001F910F9108957F928F929F92AF92BF9256
:10884000CF92DF92EF92FF920F931F93CF93DF931C
:10885000CDB7DEB76097CDBFDEBF8093B221DE011A
:108860001196E2EAF1E211921D9241E2E23BF40735
:10887000D1F77CDF8F709927FC01EE55FE4D8FEF0D
:10888000808374DF8F77992740968093B3219093EC
:10889000B42142E0742E89DF882309F45CC08E0184
:1088A0000F5F1F4F32EAE32E31E2F32ED12CF70196
:1088B000C1907F01F8018081C81609F445C05C2D84
:1088C000550FC7FE15C0579D9001351B11244EEF63
:1088D000430F642F70E080E090E0FCE25F9F900126
:1088E000112423ED230F822E912CA12CB12C10C02A
:1088F0004EEF549F90011124632F70E080E090E0D0
:10890000E3ED5E9F90011124832E912CA12CB12CBC
:108910008CD520E030E04FE753E4EED420E030E0A7
:1089200040EA50E4F7D620E030E04FE753E48FD63A
:1089300050D555274427482959296A297B292EEFE4
:108940008D2DB2D9F801C082D3940F5F1F4FF0E193
:10895000DF12ADCFA0CF6096CDBFDEBFDF91CF914C
:108960001F910F91FF90EF90DF90CF90BF90AF904D
:108970009F908F907F9008958091E8388093C821D0
:1089800008956F927F928F929F92AF92BF92CF92F3
:10899000DF92EF92FF920F931F93CF93DF9380911B
:1089A0001E2090911F20889680931E2090931F2058
:1089B00080936808909369088091D22B9091D32B73
:1089C000A091D42BB091D52B0196A11DB11D809300
:1089D000D22B9093D32BA093D42BB093D52B81E0A3
:1089E0008093450680E140E050E820E030E092E0EE
:1089F000909346066091480662FD02C0BA0102C02B
:108A000060E070E0262B372B5695479590934506EE
:108A1000815071F78091CA2B90E0FC01EE0FFF1F8F
:108A2000E85EF64C2083318301966AE070E00E9494
:108A30005E4D8093CA2B90E160E070E000E010E0B2
:108A400020E030E882E0809346064091480642FFED
:108A500002C0A90102C040E050E0642B752B809356
:108A60004506809346064091480642FF02C0A90190
:108A700002C040E050E0042B152B369527958093DB
:108A80004506915001F781E080934606A090D02BD7
:108A9000B090D12BE090CE2BF090CF2B98E0692EA8
:108AA00099E3792EA8EFB8E3EBECFFE222E33CE296
:108AB00041E050E099249A94C80184239523892B9E
:108AC00011F480E001C084E06B01C422D522CD28DE
:108AD00011F490E001C098E0882483946501C422D9
:108AE000D522CD2809F4812C8829982B6701C4222E
:108AF000D522CD2811F480E001C082E0892B082E18
:108B0000000C990B8B559F4DEC018881E301882364
:108B100011F082383CF48881843608F050C08F5FB1
:108B200088834DC087FF24C0888190E001968630FD
:108B3000910564F0DC90DA94DC92C080D1808C0DD9
:108B40009D1D80839183E901988237C0E901D88017
:108B5000DFEFDD120AC0DC90DA94DC92C080D180B5
:108B60008C0D9D1D8083918328C0E901988225C0CA
:108B7000888190E00196863091056CF0DC90D3946A
:108B8000DC92C080D1808C0D9D1D8083918381E01B
:108B9000E901888312C0E901D880D1E0DD120AC062
:108BA000DC90D394DC92C080D1808C0D9D1D80839D
:108BB000918303C081E0E9018883E3011882440FB7
:108BC000551FDFEF6D1A7D0A119632962F5F3F4FCA
:108BD00088E1681689E3780609F06ECF0093D02B00
:108BE0001093D12B6093CE2B7093CF2BDF91CF912D
:108BF0001F910F91FF90EF90DF90CF90BF90AF90BB
:108C00009F908F907F906F900895E0E4F8E08781C7
:108C1000837F8783878187831092CB2BE091CC2B36
:108C2000F091CD2B1994CF93DF93E0E0F6E044E090
:108C3000428322E0228331E0328368E0628390E164
:108C4000928350E25283A0EBB0E04C9388E1808B9A
:108C50002C93808B3C93808B6C93808B9C93808B2C
:108C60005C93808BC0E4D6E0398329834A833D83BB
:108C70002E83E8EFF8E3DF01892F1D928A95E9F74B
:108C8000E2E3FCE2DF011D929A95E9F740E250E051
:108C90006FEF70E08BEC9FE283D710922C3910922B
:108CA0002D391092F3381092F43810923039109216
:108CB000313910922E3910922F391092F7381092C4
:108CC000F638109232391092F53880E498E00E941C
:108CD0004E0C61EC74E480E498E00E948F0C65E037
:108CE00076E480E498E00E94BB0CE0E4F8E0818147
:108CF000887F818388E290E080A791A787818C7F1D
:108D000087838781836087838781837F8783878148
:108D1000878378948081807F876080831092D22BB4
:108D20001092D32B1092D42B1092D52B80E48983F0
:108D3000DF91CF9108952091CB2B21111DC021E00F
:108D40002093CB2B8093CC2B9093CD2B80916008DC
:108D500090916108680F791F60936A0870936B089F
:108D600080914708837F80934708809147088860F7
:108D70008093470881E0089580E008951092CB2BFE
:108D8000E0E4F8E08781837F87838781878381E0C0
:108D90000895E82FF0E0E850F74C808110820895A4
:108DA000E82FF0E0EE0FFF1FE553F04D8081918139
:108DB000108211820895E8E1F9E380E090E02191CA
:108DC0003191822B932B29E3EC32F207C1F7809388
:108DD000F3389093F43820912C3930912D39AC012F
:108DE0004095509542235323409330395093313965
:108DF000209530952823392320932E3930932F390D
:108E000080932C3990932D3908958091F338909167
:108E1000F438089580912E3990912F3908958091DA
:108E200030399091313908959091080692FB992735
:108E300090F981E098278091080681FF92608091E7
:108E4000080680FF94608091080683FF98608091F7
:108E5000080684FF90618091080685FF906220914A
:108E6000C92B30E0F901E751F74C9083C901019615
:108E70006AE070E023D68093C92BE9EEF8E380E046
:108E80009191892B98E3E33FF907D1F78093F73865
:108E90009091F638282F20952923209332399095E8
:108EA00098239093F5388093F63890E00895809158
:108EB000F73890E008958091F53890E0089580911A
:108EC000323990E00895E82FF0E0E85FF64C81E059
:108ED0009081943608F080E00895CF92DF92EF926F
:108EE000FF920F931F93CF93DF9300D01F92CDB7C4
:108EF000DEB78091EF2F843009F090C00E94C32626
:108F00008230910509F442C018F4019779F049C004
:108F10008330910509F440C0049709F042C00E94D3
:108F20006C240E94F4210E94F01E3BC02091A121DC
:108F30002223D1F080919921811116C0C0909A21ED
:108F4000D0909B21E0909C21F0909D2130E0A0E604
:108F5000BAEE0ED6C616D706E806F90628F081E066
:108F6000809399210E94BA3B0E94C6368091992134
:108F7000882311F0D6DB0DC016E00E94CD268111AA
:108F800002C00E94BE2D1150C1F703C080E00E94B4
:108F9000AF2B0E94E22805C081E00E94AF2B0E9407
:108FA000E2280E9449388823B1F18091C23890911B
:108FB000C3380E9436130E94A1148091A2008C7FB6
:108FC0008093A20000E010E0E12CF12CBE016F5F65
:108FD0007F4F8091C2389091C3380E94491381110C
:108FE0000BC00F5F1F4F0837110590F4A895E114CF
:108FF00082E0F80658F30CC08FEFE81AF80A69818E
:109000007A818B819C810E94EE3900E010E0EFCFE5
:1090100087E08093A20081E08093D62B2496CDBF79
:10902000DEBFDF91CF911F910F91FF90EF90DF9006
:10903000CF90089552DF0E94A114A8951092D62BCC
:109040000895EF92FF920F931F93CF93DF93CDB7C5
:10905000DEB72897CDBFDEBF88E0E0E6F0E2DE01B4
:10906000119601900D928A95E1F782E28093C438BF
:1090700083E08093C538CE0101967C0104EC18E3AF
:10908000F70161917F0170E082E00E949406382F21
:1090900032953F70282F2F70832F90E03A3010F0D8
:1090A000C79601C0C096F80182839383822F90E017
:1090B0002A3010F0C79601C0C096F80184839583CA
:1090C0000C5F1F4FF8E3043E1F07D1F62896CDBF73
:1090D000DEBFDF91CF911F910F91FF90EF90089528
:1090E00080E1809355008091500080618093500012
:1090F0008091510084FFFCCF8FB7F89494E028ED65
:1091000030E0A0E4B0E01BBEFD0124BF90838FBF20
:109110008FE39FE10197F1F700C0000080914000CC
:10912000809150008260809350008091510081FFB7
:10913000FCCF8091560084608093560080E8809335
:1091400065008BEB8093660082E08093CA01EDE1BD
:10915000F0E0E491E0936200ECE1F0E0E491E09370
:1091600063001092CA0181E08093600087E08093E1
:10917000A20067DF0C947E18B3DF0E9497120E9452
:10918000F01051DD0E9432380E94A9290E94BC26AD
:109190000E94353B0E941C1A0E94B63B0E94BA3BBB
:1091A0002FEF89EF90E0215080409040E1F700C020
:1091B00000000E941F19FFDD8930904921F40E94B0
:1091C000B812C0E00CC0F7DD8115904FD1F76FEFFA
:1091D00082E090E00E9450060E941F19F2CF8C2F6F
:1091E000D8DD8C2FDDDDCF5FC031C9F723DFFECFA7
:1091F0008091C2389091C3380E94D412882389F09C
:109200000E94B23B86E017DB81E090E00E94C82616
:109210000E944035A89588E090E00E94390E0C9499
:109220004F0E089508955058BB27AA270ED0D1C1DC
:10923000C2D130F0C7D120F031F49F3F11F41EF4B9
:10924000B7C10EF4E095E7FB9FC1E92FD3D180F3BE
:10925000BA17620773078407950718F071F49EF533
:10926000EBC10EF4E0950B2EBA2FA02D0B01B90126
:1092700090010C01CA01A0011124FF27591B99F08C
:10928000593F50F4503E68F11A16F040A22F232F98
:10929000342F4427585FF3CF469537952795A795E8
:1092A000F0405395C9F77EF41F16BA0B620B730B8F
:1092B000840BBAF09150A1F0FF0FBB1F661F771F00
:1092C000881FC2F70EC0BA0F621F731F841F48F4B5
:1092D000879577956795B795F7959E3F08F0B3CF3B
:1092E0009395880F08F09927EE0F97958795089525
:1092F00027D108F481E008950CD06BC163D140F010
:109300005AD130F021F45F3F19F03EC1511195C19F
:109310004FC170D198F39923C9F35523B1F3951B2D
:10932000550BBB27AA2762177307840738F09F5F86
:109330005F4F220F331F441FAA1FA9F333D00E2EF5
:109340003AF0E0E830D091505040E695001CCAF762
:1093500029D0FE2F27D0660F771F881FBB1F261727
:1093600037074807AB07B0E809F0BB0B802DBF01FA
:10937000FF2793585F4F2AF09E3F510568F004C1C4
:109380005CC15F3FECF3983EDCF38695779567957B
:10939000B795F7959F5FC9F7880F911D96958795AB
:1093A00097F90895E1E0660F771F881FBB1F6217CA
:1093B00073078407BA0720F0621B730B840BBA0B88
:1093C000EE1F88F7E095089504D06894B11135C177
:1093D000089518D188F09F5790F0B92F9927B75169
:1093E000A0F0D1F0660F771F881F991F1AF0BA9569
:1093F000C9F712C0B13081F01FD1B1E008951CC18E
:10940000672F782F8827B85F39F0B93FCCF386955E
:1094100077956795B395D9F73EF4909580957095BB
:1094200061957F4F8F4F9F4F0895E89409C097FB38
:109430003EF490958095709561957F4F8F4F9F4F2B
:109440009923A9F0F92F96E9BB279395F69587956F
:1094500077956795B795F111F8CFFAF4BB0F11F432
:1094600060FF1BC06F5F7F4F8F4F9F4F16C08823D9
:1094700011F096E911C0772321F09EE8872F762F0F
:1094800005C0662371F096E8862F70E060E02AF050
:109490009A95660F771F881FDAF7880F969587953C
:1094A00097F9089588D018F011F08CD038F480C066
:1094B000C4C0E92F9FD0B0F35523C9F3E7FB62176F
:1094C000730784079507A8F199F3E92FFF278823ED
:1094D0002AF03197660F771F881FDAF7952F5527E7
:1094E000442332F091505040220F331F441FD2F7D3
:1094F000BB27E91BF50B621B730B840BB109C1F28F
:1095000022F4620F731F841FB11D31972AF0660F7A
:10951000771F881FBB1FEFCF915050405AF041F08A
:10952000882332F0660F771F881F91505040C1F793
:10953000939530C08695779567959F5FD9F7F8CF5B
:10954000990F0008550FAA0BE0E8FEEF1616170654
:10955000E807F907C0F012161306E407F50798F0BC
:10956000621B730B840B950B39F40A2661F0232BD5
:10957000242B252B21F408950A2609F4A140A69551
:109580008FEF811D811D089597F99F6780E870E036
:1095900060E008959F3F31F0915020F487957795D2
:1095A0006795B795880F911D9695879597F90895BA
:1095B0009FEF80EC089500240A94161617061806EB
:1095C0000906089500240A941216130614060506C7
:1095D0000895092E0394000C11F4882352F0BB0F58
:1095E00040F4BF2B11F460FF04C06F5F7F4F8F4FBB
:1095F0009F4F089557FD9058440F551F59F05F3FF6
:1096000071F04795880F97FB991F61F09F3F79F0A4
:1096100087950895121613061406551FF2CF469526
:10962000F1DF08C0161617061806991FF1CF8695A8
:109630007105610508940895E894BB27662777278C
:10964000CB0197F908957CDF08F48FEF08950BD0D4
:10965000C0CFB1DF28F0B6DF18F0952309F094CF22
:10966000A7CF1124EACFC6DFA0F3959FD1F3950FC2
:1096700050E0551F629FF001729FBB27F00DB11D96
:10968000639FAA27F00DB11DAA1F649F6627B00D26
:10969000A11D661F829F2227B00DA11D621F739F0F
:1096A000B00DA11D621F839FA00D611D221F749F1D
:1096B0003327A00D611D231F849F600D211D822F64
:1096C000762F6A2F11249F5750408AF0E1F08823AB
:1096D0004AF0EE0FFF1FBB1F661F771F881F9150B8
:1096E0005040A9F79E3F510570F04ECFA6CF5F3F87
:1096F000ECF3983EDCF3869577956795B795F795EB
:10970000E7959F5FC1F7FE2B880F911D9695879572
:1097100097F90895FA01EE0FFF1F309621053105E4
:1097200099F16115710561F48038BFE39B0749F138
:1097300068949038810561F08038BFEF9B0741F055
:10974000992342F5FF3FE1053105210511F1E89428
:109750000894E795D901AA2329F4AB2FBE2FF85F0F
:10976000D0F310C0FF5F70F4A695E0F7F73950F022
:1097700019F0FF3A38F49F779F930CD00F9007FCB5
:10978000905808953EF014CF60E070E080E89FE3C9
:1097900008954FE79F775F934F933F932F93DDD0CB
:1097A0002F913F914F915F9152DF0BC09F935BD000
:1097B0000F9007FCEE5F7EC019F40EF0E5CE3CCFB3
:1097C000F7CE20DFC8F39638C0F707F80F92E89479
:1097D0002BE33AEA48EB5FE748DF0F920F920F92D4
:1097E0004DB75EB70F92F9D0E2E6F2E016D04F9196
:1097F0005F91EF91FF91E595EE1FFF1F49F0FE5736
:10980000E0684427EE0F441FFA95E1F74195550BA8
:109810006BD00F9007FE5FC00895DF93CF931F9327
:109820000F93FF92EF92DF927B018C01689405C049
:10983000DA2EEF0118DFFE01E894A591259135910C
:1098400045915591AEF3EF0100DDFE019701A801AE
:10985000DA9479F7DF90EF90FF900F911F91CF91FD
:10986000DF910895A5CECEDEE8F3E894E0E0BB27D3
:109870009F57F0F02AED3FE049EC06C0EE0FBB0F1A
:10988000661F771F881F28F0B23A620773078407A4
:1098900028F0B25A620B730B840BE3959A9572F71A
:1098A000803830F49A95BB0F661F771F881FD2F758
:1098B000904872CEEF93E0FF06C0A2EA2AED3FE0A7
:1098C00049EC5FEBC2DC85DE0F90039401FC9058FD
:1098D000EAE8F2E0B5C09B01AC0160E070E080E82E
:1098E0009FE30ACD51CE56CE8DDEE8F39923D9F30E
:1098F000940F511DBBF39150504094F059F08823C0
:1099000032F0660F771F881F91505040C1F79E3F7D
:10991000510544F7880F911D9695879597F90895FD
:109920005F3FACF0983E9CF0BB2786957795679596
:10993000B79508F4B1609395C1F7BB0F58F711F4D0
:1099400060FFE8CF6F5F7F4F8F4F9F4FE3CF75CEA4
:109950000EF020CE2DCE689417CE54DEC8F3992396
:10996000D1F3C6F3DF93CF931F930F93FF92C92FC9
:10997000DD2788232AF02197660F771F881FDAF7E3
:1099800020E030E040E85FEB9FE3883920F0803E44
:1099900030F021968F7748DCE8EAF2E003C044DC3F
:1099A000E5EDF2E03ADF8B01BE01EC01FB2E6F57D3
:1099B00071097595771F880B990B39DD28E132E71E
:1099C00041E35FE350DEAF2D9801AE01FF900F91B0
:1099D0001F91CF91DF9139DCFCCDFA01DC01AA0F98
:1099E000BB1F9B01AC01BF5728F422273327442714
:1099F00050781FC0B75188F4AB2F00244695379597
:109A00002795011CA395D2F3002069F0220F331F84
:109A1000441FB395DAF30DD006CC61307105A0E890
:109A20008A07B94630F49B01AC016627772788275F
:109A30009078309621F020833183428353830895B8
:109A40009F938F937F936F93FF93EF939B01AC0151
:109A5000FEDDEF91FF91E1DE2F913F914F915F91FC
:109A6000F6CD991B79E004C0991F961708F0961B54
:109A7000881F7A95C9F78095089587FB082E0626DA
:109A800087FD819567FD6195ECDF0EF4919507FCEC
:109A900081950895AA1BBB1B51E107C0AA1FBB1FDC
:109AA000A617B70710F0A61BB70B881F991F5A956A
:109AB000A9F780959095BC01CD01089597FB072EDD
:109AC00016F4009406D077FD08D0E4DF07FC05D03B
:109AD0003EF4909581959F4F0895709561957F4FC5
:109AE0000895A1E21A2EAA1BBB1BFD010DC0AA1FDF
:109AF000BB1FEE1FFF1FA217B307E407F50720F0F7
:109B0000A21BB30BE40BF50B661F771F881F991F71
:109B10001A9469F760957095809590959B01AC01BA
:109B2000BD01CF010895052E97FB16F400940FD0C8
:109B300057FD05D0D6DF07FC02D046F408C050958B
:109B40004095309521953F4F4F4F5F4F0895909529
:109B50008095709561957F4F8F4F9F4F0895EE0FC1
:109B6000FF1F881F8BBF0790F691E02D1BBE199435
:109B7000A29FB001B39FC001A39F700D811D11244E
:109B8000911DB29F700D811D1124911D0895FB013F
:109B9000DC0102C001900D9241505040D8F7089569
:109BA000DC0101C06D9341505040E0F70895F894F6
:029BB000FFCFE5
:109BB2002205FE0001114C320182400000010140E9
:109BC200000001000500093D000001938DFF7D00AA
:109BD20008090A0B0C0D1012F000017905010000B2
:109BE200000000000000F7F07E7F06020001790508
:109BF20000010020260702F7191919190554350D1D
:109C02000605040305040302040302010302010022
:109C120008090A0B0C0D10120008040201000402CC
:109C22000100C000380007E000321960180001038B
:109C3200050A141E3C000104050203060708090C6C
:109C42000D0A0B0E0F0004080C0105090D02060A8D
:109C52000E03070B0F00FF0181010081FFFF81004E
:0E9C6200018101FF0045170FC2497B6F4400CE
:00000001FF
